id,session_id,data_type,received_at,data
1528,57b63897_2026-07-28_17-20-18,exploration,2026-07-28 15:21:41.331792+00,"{""trial"": 0, ""language"": ""FR"", ""data_type"": ""exploration"", ""position_x"": 2.755, ""position_y"": 0.4299998, ""session_id"": ""57b63897_2026-07-28_17-20-18"", ""actual_value"": 99, ""position_rowID"": 2, ""predicted_value"": 50, ""position_columnID"": 2}"
1529,57b63897_2026-07-28_17-20-18,exploration,2026-07-28 15:21:41.331792+00,"{""trial"": 0, ""language"": ""FR"", ""data_type"": ""exploration"", ""position_x"": 0.155, ""position_y"": 0.4299998, ""session_id"": ""57b63897_2026-07-28_17-20-18"", ""actual_value"": 47, ""position_rowID"": 2, ""predicted_value"": 50, ""position_columnID"": 1}"
1530,57b63897_2026-07-28_17-20-18,exploration,2026-07-28 15:21:41.331792+00,"{""trial"": 0, ""language"": ""FR"", ""data_type"": ""exploration"", ""position_x"": 2.755, ""position_y"": -2.17, ""session_id"": ""57b63897_2026-07-28_17-20-18"", ""actual_value"": 16, ""position_rowID"": 1, ""predicted_value"": 50, ""position_columnID"": 2}"
1531,57b63897_2026-07-28_17-20-18,exploration,2026-07-28 15:21:41.331792+00,"{""trial"": 0, ""language"": ""FR"", ""data_type"": ""exploration"", ""position_x"": 2.755, ""position_y"": -2.17, ""session_id"": ""57b63897_2026-07-28_17-20-18"", ""actual_value"": 16, ""position_rowID"": 1, ""predicted_value"": 50, ""position_columnID"": 2}"
1532,57b63897_2026-07-28_17-20-18,exploration,2026-07-28 15:21:41.331792+00,"{""trial"": 0, ""language"": ""FR"", ""data_type"": ""exploration"", ""position_x"": 0.1700001, ""position_y"": -3.595, ""session_id"": ""57b63897_2026-07-28_17-20-18"", ""actual_value"": 33, ""position_rowID"": 0, ""predicted_value"": 1, ""position_columnID"": 0}"
1533,57b63897_2026-07-28_17-20-18,exploration,2026-07-28 15:21:41.331792+00,"{""trial"": 0, ""language"": ""FR"", ""data_type"": ""exploration"", ""position_x"": 0.1700001, ""position_y"": -3.595, ""session_id"": ""57b63897_2026-07-28_17-20-18"", ""actual_value"": 33, ""position_rowID"": 0, ""predicted_value"": 50, ""position_columnID"": 0}"
1534,57b63897_2026-07-28_17-20-18,exploration,2026-07-28 15:21:41.331792+00,"{""trial"": 1, ""language"": ""FR"", ""data_type"": ""exploration"", ""position_x"": 0.1700001, ""position_y"": -3.595, ""session_id"": ""57b63897_2026-07-28_17-20-18"", ""actual_value"": 33, ""position_rowID"": 0, ""predicted_value"": 50, ""position_columnID"": 0}"
1535,57b63897_2026-07-28_17-20-18,exploration,2026-07-28 15:21:41.331792+00,"{""trial"": 2, ""language"": ""FR"", ""data_type"": ""exploration"", ""position_x"": 0.1700001, ""position_y"": -3.595, ""session_id"": ""57b63897_2026-07-28_17-20-18"", ""actual_value"": 9, ""position_rowID"": 0, ""predicted_value"": 50, ""position_columnID"": 0}"
1536,57b63897_2026-07-28_17-20-18,questionnaire,2026-07-28 15:21:41.331792+00,"{""language"": ""FR"", ""question"": ""epsilon"", ""response"": ""0,1"", ""data_type"": ""questionnaire"", ""session_id"": ""57b63897_2026-07-28_17-20-18"", ""questionnaire_id"": ""customization""}"
1537,57b63897_2026-07-28_17-20-18,questionnaire,2026-07-28 15:21:41.331792+00,"{""language"": ""FR"", ""question"": ""uncoveredObject"", ""response"": ""flower_marguerite_0 (UnityEngine.GameObject)"", ""data_type"": ""questionnaire"", ""session_id"": ""57b63897_2026-07-28_17-20-18"", ""questionnaire_id"": ""customization""}"
1538,57b63897_2026-07-28_17-20-18,questionnaire,2026-07-28 15:21:41.331792+00,"{""language"": ""FR"", ""question"": ""container"", ""response"": ""pot_wood_0 (UnityEngine.GameObject)"", ""data_type"": ""questionnaire"", ""session_id"": ""57b63897_2026-07-28_17-20-18"", ""questionnaire_id"": ""customization""}"
1539,22a222d5_2026-07-29_09-42-43,questionnaire,2026-07-29 07:44:41.71314+00,"{""language"": ""FR"", ""question"": ""language"", ""response"": ""FR"", ""data_type"": ""questionnaire"", ""session_id"": ""22a222d5_2026-07-29_09-42-43"", ""questionnaire_id"": ""language""}"
1540,22a222d5_2026-07-29_09-42-43,questionnaire,2026-07-29 07:44:41.71314+00,"{""language"": ""FR"", ""question"": ""email"", ""response"": ""dqzdqzd"", ""data_type"": ""questionnaire"", ""session_id"": ""22a222d5_2026-07-29_09-42-43"", ""questionnaire_id"": ""consent_agreement""}"
1541,22a222d5_2026-07-29_09-42-43,questionnaire,2026-07-29 07:44:41.71314+00,"{""language"": ""FR"", ""question"": ""participantName"", ""response"": ""qzdqzd"", ""data_type"": ""questionnaire"", ""session_id"": ""22a222d5_2026-07-29_09-42-43"", ""questionnaire_id"": ""consent_agreement""}"
1542,22a222d5_2026-07-29_09-42-43,questionnaire,2026-07-29 07:44:41.71314+00,"{""language"": ""FR"", ""question"": ""consentMajority"", ""response"": ""True"", ""data_type"": ""questionnaire"", ""session_id"": ""22a222d5_2026-07-29_09-42-43"", ""questionnaire_id"": ""consent_agreement""}"
1543,22a222d5_2026-07-29_09-42-43,questionnaire,2026-07-29 07:44:41.71314+00,"{""language"": ""FR"", ""question"": ""consentParticipationEnd"", ""response"": ""True"", ""data_type"": ""questionnaire"", ""session_id"": ""22a222d5_2026-07-29_09-42-43"", ""questionnaire_id"": ""consent_agreement""}"
1544,22a222d5_2026-07-29_09-42-43,questionnaire,2026-07-29 07:44:41.71314+00,"{""language"": ""FR"", ""question"": ""consentRiskEnds"", ""response"": ""True"", ""data_type"": ""questionnaire"", ""session_id"": ""22a222d5_2026-07-29_09-42-43"", ""questionnaire_id"": ""consent_agreement""}"
1545,22a222d5_2026-07-29_09-42-43,questionnaire,2026-07-29 07:44:41.71314+00,"{""language"": ""FR"", ""question"": ""consentAnsweredQuestions"", ""response"": ""True"", ""data_type"": ""questionnaire"", ""session_id"": ""22a222d5_2026-07-29_09-42-43"", ""questionnaire_id"": ""consent_agreement""}"
1546,22a222d5_2026-07-29_09-42-43,questionnaire,2026-07-29 07:44:41.71314+00,"{""language"": ""FR"", ""question"": ""consentFurtherQuestions"", ""response"": ""True"", ""data_type"": ""questionnaire"", ""session_id"": ""22a222d5_2026-07-29_09-42-43"", ""questionnaire_id"": ""consent_agreement""}"
1547,22a222d5_2026-07-29_09-42-43,questionnaire,2026-07-29 07:44:54.517814+00,"{""language"": ""FR"", ""question"": ""status"", ""response"": ""qdqz"", ""data_type"": ""questionnaire"", ""session_id"": ""22a222d5_2026-07-29_09-42-43"", ""questionnaire_id"": ""demographics""}"
1548,22a222d5_2026-07-29_09-42-43,questionnaire,2026-07-29 07:44:54.517814+00,"{""language"": ""FR"", ""question"": ""education"", ""response"": ""qzdqzd"", ""data_type"": ""questionnaire"", ""session_id"": ""22a222d5_2026-07-29_09-42-43"", ""questionnaire_id"": ""demographics""}"
1549,22a222d5_2026-07-29_09-42-43,questionnaire,2026-07-29 07:44:54.517814+00,"{""language"": ""FR"", ""question"": ""age"", ""response"": ""qzd"", ""data_type"": ""questionnaire"", ""session_id"": ""22a222d5_2026-07-29_09-42-43"", ""questionnaire_id"": ""demographics""}"
1550,22a222d5_2026-07-29_09-42-43,questionnaire,2026-07-29 07:45:30.214834+00,"{""language"": ""FR"", ""question"": ""curieux / curieuse"", ""response"": ""fort"", ""data_type"": ""questionnaire"", ""session_id"": ""22a222d5_2026-07-29_09-42-43"", ""questionnaire_id"": ""EES""}"
1551,22a222d5_2026-07-29_09-42-43,questionnaire,2026-07-29 07:45:30.214834+00,"{""language"": ""FR"", ""question"": ""excité / excitée"", ""response"": ""modéré"", ""data_type"": ""questionnaire"", ""session_id"": ""22a222d5_2026-07-29_09-42-43"", ""questionnaire_id"": ""EES""}"
1552,22a222d5_2026-07-29_09-42-43,questionnaire,2026-07-29 07:45:30.214834+00,"{""language"": ""FR"", ""question"": ""frustré / frustrée"", ""response"": ""pas du tout"", ""data_type"": ""questionnaire"", ""session_id"": ""22a222d5_2026-07-29_09-42-43"", ""questionnaire_id"": ""EES""}"
1553,22a222d5_2026-07-29_09-42-43,questionnaire,2026-07-29 07:45:30.214834+00,"{""language"": ""FR"", ""question"": ""surpris / surprise"", ""response"": ""un tout petit peu"", ""data_type"": ""questionnaire"", ""session_id"": ""22a222d5_2026-07-29_09-42-43"", ""questionnaire_id"": ""EES""}"
1554,22a222d5_2026-07-29_09-42-43,questionnaire,2026-07-29 07:45:30.214834+00,"{""language"": ""FR"", ""question"": ""anxieux / anxieuse"", ""response"": ""pas du tout"", ""data_type"": ""questionnaire"", ""session_id"": ""22a222d5_2026-07-29_09-42-43"", ""questionnaire_id"": ""EES""}"
1555,22a222d5_2026-07-29_09-42-43,questionnaire,2026-07-29 07:45:30.214834+00,"{""language"": ""FR"", ""question"": ""confus / confuse"", ""response"": ""pas du tout"", ""data_type"": ""questionnaire"", ""session_id"": ""22a222d5_2026-07-29_09-42-43"", ""questionnaire_id"": ""EES""}"
1556,22a222d5_2026-07-29_09-42-43,questionnaire,2026-07-29 07:45:30.214834+00,"{""language"": ""FR"", ""question"": ""ennuyé / ennuyée"", ""response"": ""un tout petit peu"", ""data_type"": ""questionnaire"", ""session_id"": ""22a222d5_2026-07-29_09-42-43"", ""questionnaire_id"": ""EES""}"
1557,22a222d5_2026-07-29_09-42-43,questionnaire,2026-07-29 07:46:49.807599+00,"{""language"": ""FR"", ""question"": ""Parce que je n’ai pas le choix"", ""response"": ""pas du tout"", ""data_type"": ""questionnaire"", ""session_id"": ""22a222d5_2026-07-29_09-42-43"", ""questionnaire_id"": ""SIMS""}"
1558,22a222d5_2026-07-29_09-42-43,questionnaire,2026-07-29 07:46:49.807599+00,"{""language"": ""FR"", ""question"": ""Parce que je crois que cette activité est importante pour moi"", ""response"": ""pas du tout"", ""data_type"": ""questionnaire"", ""session_id"": ""22a222d5_2026-07-29_09-42-43"", ""questionnaire_id"": ""SIMS""}"
1559,22a222d5_2026-07-29_09-42-43,questionnaire,2026-07-29 07:46:49.807599+00,"{""language"": ""FR"", ""question"": ""Parce que je trouve cette activité intéressante"", ""response"": ""beaucoup"", ""data_type"": ""questionnaire"", ""session_id"": ""22a222d5_2026-07-29_09-42-43"", ""questionnaire_id"": ""SIMS""}"
1560,22a222d5_2026-07-29_09-42-43,questionnaire,2026-07-29 07:46:49.807599+00,"{""language"": ""FR"", ""question"": ""Parce que c’est quelque chose que je dois faire"", ""response"": ""pas du tout"", ""data_type"": ""questionnaire"", ""session_id"": ""22a222d5_2026-07-29_09-42-43"", ""questionnaire_id"": ""SIMS""}"
1561,22a222d5_2026-07-29_09-42-43,questionnaire,2026-07-29 07:46:49.807599+00,"{""language"": ""FR"", ""question"": ""Parce que je pense que cette activité est bonne pour moi"", ""response"": ""pas du tout"", ""data_type"": ""questionnaire"", ""session_id"": ""22a222d5_2026-07-29_09-42-43"", ""questionnaire_id"": ""SIMS""}"
1562,22a222d5_2026-07-29_09-42-43,questionnaire,2026-07-29 07:46:49.807599+00,"{""language"": ""FR"", ""question"": ""Je pratique cette activité, mais je ne suis pas sûr que ce soit une bonne chose de la poursuivre"", ""response"": ""pas du tout"", ""data_type"": ""questionnaire"", ""session_id"": ""22a222d5_2026-07-29_09-42-43"", ""questionnaire_id"": ""SIMS""}"
1563,22a222d5_2026-07-29_09-42-43,questionnaire,2026-07-29 07:46:49.807599+00,"{""language"": ""FR"", ""question"": ""Parce que je le fais pour mon propre bien"", ""response"": ""pas du tout"", ""data_type"": ""questionnaire"", ""session_id"": ""22a222d5_2026-07-29_09-42-43"", ""questionnaire_id"": ""SIMS""}"
1564,22a222d5_2026-07-29_09-42-43,questionnaire,2026-07-29 07:46:49.807599+00,"{""language"": ""FR"", ""question"": ""Il y a peut-être de bonnes raisons de faire cette activité, mais personnellement, je n’en vois aucune"", ""response"": ""pas du tout"", ""data_type"": ""questionnaire"", ""session_id"": ""22a222d5_2026-07-29_09-42-43"", ""questionnaire_id"": ""SIMS""}"
1565,22a222d5_2026-07-29_09-42-43,questionnaire,2026-07-29 07:46:49.807599+00,"{""language"": ""FR"", ""question"": ""Parce que je suis censé le faire"", ""response"": ""pas du tout"", ""data_type"": ""questionnaire"", ""session_id"": ""22a222d5_2026-07-29_09-42-43"", ""questionnaire_id"": ""SIMS""}"
1566,22a222d5_2026-07-29_09-42-43,questionnaire,2026-07-29 07:46:49.807599+00,"{""language"": ""FR"", ""question"": ""Par choix personnel"", ""response"": ""beaucoup"", ""data_type"": ""questionnaire"", ""session_id"": ""22a222d5_2026-07-29_09-42-43"", ""questionnaire_id"": ""SIMS""}"
1567,22a222d5_2026-07-29_09-42-43,questionnaire,2026-07-29 07:46:49.807599+00,"{""language"": ""FR"", ""question"": ""Je ne sais pas ; je ne vois pas ce que cette activité m’apporte"", ""response"": ""pas du tout"", ""data_type"": ""questionnaire"", ""session_id"": ""22a222d5_2026-07-29_09-42-43"", ""questionnaire_id"": ""SIMS""}"
1568,22a222d5_2026-07-29_09-42-43,questionnaire,2026-07-29 07:46:49.807599+00,"{""language"": ""FR"", ""question"": ""Parce que je me sens bien quand je pratique cette activité"", ""response"": ""pas du tout"", ""data_type"": ""questionnaire"", ""session_id"": ""22a222d5_2026-07-29_09-42-43"", ""questionnaire_id"": ""SIMS""}"
1569,22a222d5_2026-07-29_09-42-43,questionnaire,2026-07-29 07:46:49.807599+00,"{""language"": ""FR"", ""question"": ""Je pratique cette activité, mais je ne suis pas sûr que cela en vaille la peine"", ""response"": ""pas du tout"", ""data_type"": ""questionnaire"", ""session_id"": ""22a222d5_2026-07-29_09-42-43"", ""questionnaire_id"": ""SIMS""}"
1570,22a222d5_2026-07-29_09-42-43,questionnaire,2026-07-29 07:46:49.807599+00,"{""language"": ""FR"", ""question"": ""Parce que cette activité est amusante"", ""response"": ""modérément"", ""data_type"": ""questionnaire"", ""session_id"": ""22a222d5_2026-07-29_09-42-43"", ""questionnaire_id"": ""SIMS""}"
1571,22a222d5_2026-07-29_09-42-43,questionnaire,2026-07-29 07:46:49.807599+00,"{""language"": ""FR"", ""question"": ""Parce que je sens que je dois le faire"", ""response"": ""pas du tout"", ""data_type"": ""questionnaire"", ""session_id"": ""22a222d5_2026-07-29_09-42-43"", ""questionnaire_id"": ""SIMS""}"
1572,22a222d5_2026-07-29_09-42-43,questionnaire,2026-07-29 07:46:49.807599+00,"{""language"": ""FR"", ""question"": ""Parce que je trouve cette activité agréable"", ""response"": ""pas du tout"", ""data_type"": ""questionnaire"", ""session_id"": ""22a222d5_2026-07-29_09-42-43"", ""questionnaire_id"": ""SIMS""}"
1573,22a222d5_2026-07-29_09-42-43,questionnaire,2026-07-29 07:49:10.306316+00,"{""language"": ""FR"", ""question"": ""C’est à moi qu’il revient de décider si et quand j’agis"", ""response"": ""fortement d'accord"", ""data_type"": ""questionnaire"", ""session_id"": ""22a222d5_2026-07-29_09-42-43"", ""questionnaire_id"": ""SoAS""}"
1574,22a222d5_2026-07-29_09-42-43,questionnaire,2026-07-29 07:49:10.306316+00,"{""language"": ""FR"", ""question"": ""Rien de ce que je fais n’est en réalité volontaire"", ""response"": ""fortement en désaccord"", ""data_type"": ""questionnaire"", ""session_id"": ""22a222d5_2026-07-29_09-42-43"", ""questionnaire_id"": ""SoAS""}"
1575,22a222d5_2026-07-29_09-42-43,questionnaire,2026-07-29 07:49:10.306316+00,"{""language"": ""FR"", ""question"": ""Quand j’agis, j’ai l’impression d’être un robot télécommandé"", ""response"": ""fortement en désaccord"", ""data_type"": ""questionnaire"", ""session_id"": ""22a222d5_2026-07-29_09-42-43"", ""questionnaire_id"": ""SoAS""}"
1576,22a222d5_2026-07-29_09-42-43,questionnaire,2026-07-29 07:49:10.306316+00,"{""language"": ""FR"", ""question"": ""Ce que je fais relève uniquement de mon libre arbitre"", ""response"": ""fortement d'accord"", ""data_type"": ""questionnaire"", ""session_id"": ""22a222d5_2026-07-29_09-42-43"", ""questionnaire_id"": ""SoAS""}"
1577,22a222d5_2026-07-29_09-42-43,questionnaire,2026-07-29 07:49:10.306316+00,"{""language"": ""FR"", ""question"": ""Je suis entièrement responsable de tout ce qui résulte de mes actes"", ""response"": ""d'accord"", ""data_type"": ""questionnaire"", ""session_id"": ""22a222d5_2026-07-29_09-42-43"", ""questionnaire_id"": ""SoAS""}"
1578,22a222d5_2026-07-29_09-42-43,questionnaire,2026-07-29 07:49:10.306316+00,"{""language"": ""FR"", ""question"": ""Mes mouvements sont automatiques : mon corps les effectue tout simplement"", ""response"": ""en désaccord"", ""data_type"": ""questionnaire"", ""session_id"": ""22a222d5_2026-07-29_09-42-43"", ""questionnaire_id"": ""SoAS""}"
1579,22a222d5_2026-07-29_09-42-43,questionnaire,2026-07-29 07:49:10.306316+00,"{""language"": ""FR"", ""question"": ""Je suis en plein contrôle de ce que je fais"", ""response"": ""fortement d'accord"", ""data_type"": ""questionnaire"", ""session_id"": ""22a222d5_2026-07-29_09-42-43"", ""questionnaire_id"": ""SoAS""}"
1580,22a222d5_2026-07-29_09-42-43,questionnaire,2026-07-29 07:49:10.306316+00,"{""language"": ""FR"", ""question"": ""Je planifie mon comportement du début à la fin"", ""response"": ""partiellement d'accord"", ""data_type"": ""questionnaire"", ""session_id"": ""22a222d5_2026-07-29_09-42-43"", ""questionnaire_id"": ""SoAS""}"
1581,22a222d5_2026-07-29_09-42-43,questionnaire,2026-07-29 07:49:10.306316+00,"{""language"": ""FR"", ""question"": ""Les conséquences de mes actes me surprennent généralement"", ""response"": ""en désaccord"", ""data_type"": ""questionnaire"", ""session_id"": ""22a222d5_2026-07-29_09-42-43"", ""questionnaire_id"": ""SoAS""}"
1582,22a222d5_2026-07-29_09-42-43,questionnaire,2026-07-29 07:49:10.306316+00,"{""language"": ""FR"", ""question"": ""Je ne suis qu'un instrument entre les mains de quelqu'un ou de quelque chose d'autre"", ""response"": ""fortement en désaccord"", ""data_type"": ""questionnaire"", ""session_id"": ""22a222d5_2026-07-29_09-42-43"", ""questionnaire_id"": ""SoAS""}"
1583,22a222d5_2026-07-29_09-42-43,questionnaire,2026-07-29 07:49:10.306316+00,"{""language"": ""FR"", ""question"": ""Mes actions se produisent simplement, sans que je le veuille"", ""response"": ""fortement en désaccord"", ""data_type"": ""questionnaire"", ""session_id"": ""22a222d5_2026-07-29_09-42-43"", ""questionnaire_id"": ""SoAS""}"
1584,22a222d5_2026-07-29_09-42-43,exploration,2026-07-29 07:55:33.437835+00,"{""trial"": 0, ""language"": ""FR"", ""data_type"": ""exploration"", ""position_x"": 2.755, ""position_y"": -2.17, ""session_id"": ""22a222d5_2026-07-29_09-42-43"", ""actual_value"": 83, ""position_rowID"": 1, ""predicted_value"": 50, ""position_columnID"": 2}"
1585,22a222d5_2026-07-29_09-42-43,exploration,2026-07-29 07:55:33.437835+00,"{""trial"": 0, ""language"": ""FR"", ""data_type"": ""exploration"", ""position_x"": 0.155, ""position_y"": 0.4299998, ""session_id"": ""22a222d5_2026-07-29_09-42-43"", ""actual_value"": 71, ""position_rowID"": 2, ""predicted_value"": 50, ""position_columnID"": 1}"
1586,22a222d5_2026-07-29_09-42-43,exploration,2026-07-29 07:55:33.437835+00,"{""trial"": 0, ""language"": ""FR"", ""data_type"": ""exploration"", ""position_x"": -2.445, ""position_y"": -2.17, ""session_id"": ""22a222d5_2026-07-29_09-42-43"", ""actual_value"": 78, ""position_rowID"": 1, ""predicted_value"": 50, ""position_columnID"": 0}"
1587,22a222d5_2026-07-29_09-42-43,exploration,2026-07-29 07:55:33.437835+00,"{""trial"": 0, ""language"": ""FR"", ""data_type"": ""exploration"", ""position_x"": 0.155, ""position_y"": -2.17, ""session_id"": ""22a222d5_2026-07-29_09-42-43"", ""actual_value"": 61, ""position_rowID"": 1, ""predicted_value"": 50, ""position_columnID"": 1}"
1588,22a222d5_2026-07-29_09-42-43,exploration,2026-07-29 07:55:33.437835+00,"{""trial"": 0, ""language"": ""FR"", ""data_type"": ""exploration"", ""position_x"": 2.755, ""position_y"": -4.77, ""session_id"": ""22a222d5_2026-07-29_09-42-43"", ""actual_value"": 84, ""position_rowID"": 0, ""predicted_value"": 50, ""position_columnID"": 2}"
1589,22a222d5_2026-07-29_09-42-43,exploration,2026-07-29 07:55:33.437835+00,"{""trial"": 0, ""language"": ""FR"", ""data_type"": ""exploration"", ""position_x"": 2.755, ""position_y"": -2.17, ""session_id"": ""22a222d5_2026-07-29_09-42-43"", ""actual_value"": 83, ""position_rowID"": 1, ""predicted_value"": 50, ""position_columnID"": 2}"
1590,22a222d5_2026-07-29_09-42-43,exploration,2026-07-29 07:55:33.437835+00,"{""trial"": 0, ""language"": ""FR"", ""data_type"": ""exploration"", ""position_x"": 0.155, ""position_y"": -2.17, ""session_id"": ""22a222d5_2026-07-29_09-42-43"", ""actual_value"": 61, ""position_rowID"": 1, ""predicted_value"": 50, ""position_columnID"": 1}"
1591,22a222d5_2026-07-29_09-42-43,exploration,2026-07-29 07:55:33.437835+00,"{""trial"": 0, ""language"": ""FR"", ""data_type"": ""exploration"", ""position_x"": 0.1700001, ""position_y"": -3.595, ""session_id"": ""22a222d5_2026-07-29_09-42-43"", ""actual_value"": 28, ""position_rowID"": 0, ""predicted_value"": 1, ""position_columnID"": 0}"
1592,22a222d5_2026-07-29_09-42-43,exploration,2026-07-29 07:55:33.437835+00,"{""trial"": 0, ""language"": ""FR"", ""data_type"": ""exploration"", ""position_x"": 0.1700001, ""position_y"": -3.595, ""session_id"": ""22a222d5_2026-07-29_09-42-43"", ""actual_value"": 28, ""position_rowID"": 0, ""predicted_value"": 50, ""position_columnID"": 0}"
1593,22a222d5_2026-07-29_09-42-43,exploration,2026-07-29 07:55:33.437835+00,"{""trial"": 1, ""language"": ""FR"", ""data_type"": ""exploration"", ""position_x"": 0.1700001, ""position_y"": -3.595, ""session_id"": ""22a222d5_2026-07-29_09-42-43"", ""actual_value"": 28, ""position_rowID"": 0, ""predicted_value"": 50, ""position_columnID"": 0}"
1594,22a222d5_2026-07-29_09-42-43,exploration,2026-07-29 07:55:33.437835+00,"{""trial"": 2, ""language"": ""FR"", ""data_type"": ""exploration"", ""position_x"": 0.1700001, ""position_y"": -3.595, ""session_id"": ""22a222d5_2026-07-29_09-42-43"", ""actual_value"": 68, ""position_rowID"": 0, ""predicted_value"": 50, ""position_columnID"": 0}"
1595,22a222d5_2026-07-29_09-42-43,questionnaire,2026-07-29 07:55:33.437835+00,"{""language"": ""FR"", ""question"": ""epsilon"", ""response"": ""0"", ""data_type"": ""questionnaire"", ""session_id"": ""22a222d5_2026-07-29_09-42-43"", ""questionnaire_id"": ""customization""}"
1596,22a222d5_2026-07-29_09-42-43,questionnaire,2026-07-29 07:55:33.437835+00,"{""language"": ""FR"", ""question"": ""uncoveredObject"", ""response"": ""flower_sunflower_0 (UnityEngine.GameObject)"", ""data_type"": ""questionnaire"", ""session_id"": ""22a222d5_2026-07-29_09-42-43"", ""questionnaire_id"": ""customization""}"
1597,22a222d5_2026-07-29_09-42-43,questionnaire,2026-07-29 07:55:33.437835+00,"{""language"": ""FR"", ""question"": ""container"", ""response"": ""pot_wood_0 (UnityEngine.GameObject)"", ""data_type"": ""questionnaire"", ""session_id"": ""22a222d5_2026-07-29_09-42-43"", ""questionnaire_id"": ""customization""}"
1598,773890d6_2026-07-29_10-44-28,questionnaire,2026-07-29 08:46:28.374055+00,"{""language"": ""FR"", ""question"": ""language"", ""response"": ""FR"", ""data_type"": ""questionnaire"", ""session_id"": ""773890d6_2026-07-29_10-44-28"", ""questionnaire_id"": ""language""}"
1599,773890d6_2026-07-29_10-44-28,questionnaire,2026-07-29 08:46:28.374055+00,"{""language"": ""FR"", ""question"": ""email"", ""response"": ""chloe.desvaux@inria.fr"", ""data_type"": ""questionnaire"", ""session_id"": ""773890d6_2026-07-29_10-44-28"", ""questionnaire_id"": ""consent_agreement""}"
1600,773890d6_2026-07-29_10-44-28,questionnaire,2026-07-29 08:46:28.374055+00,"{""language"": ""FR"", ""question"": ""participantName"", ""response"": ""hjgfkhfh"", ""data_type"": ""questionnaire"", ""session_id"": ""773890d6_2026-07-29_10-44-28"", ""questionnaire_id"": ""consent_agreement""}"
1601,773890d6_2026-07-29_10-44-28,questionnaire,2026-07-29 08:46:28.374055+00,"{""language"": ""FR"", ""question"": ""consentMajority"", ""response"": ""True"", ""data_type"": ""questionnaire"", ""session_id"": ""773890d6_2026-07-29_10-44-28"", ""questionnaire_id"": ""consent_agreement""}"
1602,773890d6_2026-07-29_10-44-28,questionnaire,2026-07-29 08:46:28.374055+00,"{""language"": ""FR"", ""question"": ""consentParticipationEnd"", ""response"": ""True"", ""data_type"": ""questionnaire"", ""session_id"": ""773890d6_2026-07-29_10-44-28"", ""questionnaire_id"": ""consent_agreement""}"
1603,773890d6_2026-07-29_10-44-28,questionnaire,2026-07-29 08:46:28.374055+00,"{""language"": ""FR"", ""question"": ""consentRiskEnds"", ""response"": ""True"", ""data_type"": ""questionnaire"", ""session_id"": ""773890d6_2026-07-29_10-44-28"", ""questionnaire_id"": ""consent_agreement""}"
1604,773890d6_2026-07-29_10-44-28,questionnaire,2026-07-29 08:46:28.374055+00,"{""language"": ""FR"", ""question"": ""consentAnsweredQuestions"", ""response"": ""True"", ""data_type"": ""questionnaire"", ""session_id"": ""773890d6_2026-07-29_10-44-28"", ""questionnaire_id"": ""consent_agreement""}"
1605,773890d6_2026-07-29_10-44-28,questionnaire,2026-07-29 08:46:28.374055+00,"{""language"": ""FR"", ""question"": ""consentFurtherQuestions"", ""response"": ""True"", ""data_type"": ""questionnaire"", ""session_id"": ""773890d6_2026-07-29_10-44-28"", ""questionnaire_id"": ""consent_agreement""}"
1606,773890d6_2026-07-29_10-44-28,questionnaire,2026-07-29 08:46:51.038211+00,"{""language"": ""FR"", ""question"": ""status"", ""response"": ""PhD student"", ""data_type"": ""questionnaire"", ""session_id"": ""773890d6_2026-07-29_10-44-28"", ""questionnaire_id"": ""demographics""}"
1607,773890d6_2026-07-29_10-44-28,questionnaire,2026-07-29 08:46:51.038211+00,"{""language"": ""FR"", ""question"": ""education"", ""response"": ""bac+5"", ""data_type"": ""questionnaire"", ""session_id"": ""773890d6_2026-07-29_10-44-28"", ""questionnaire_id"": ""demographics""}"
1608,773890d6_2026-07-29_10-44-28,questionnaire,2026-07-29 08:46:51.038211+00,"{""language"": ""FR"", ""question"": ""age"", ""response"": ""27"", ""data_type"": ""questionnaire"", ""session_id"": ""773890d6_2026-07-29_10-44-28"", ""questionnaire_id"": ""demographics""}"
1609,773890d6_2026-07-29_10-44-28,questionnaire,2026-07-29 08:48:10.158518+00,"{""language"": ""FR"", ""question"": ""excité / excitée"", ""response"": ""un tout petit peu"", ""data_type"": ""questionnaire"", ""session_id"": ""773890d6_2026-07-29_10-44-28"", ""questionnaire_id"": ""EES""}"
1610,773890d6_2026-07-29_10-44-28,questionnaire,2026-07-29 08:48:10.158518+00,"{""language"": ""FR"", ""question"": ""curieux / curieuse"", ""response"": ""un tout petit peu"", ""data_type"": ""questionnaire"", ""session_id"": ""773890d6_2026-07-29_10-44-28"", ""questionnaire_id"": ""EES""}"
1611,773890d6_2026-07-29_10-44-28,questionnaire,2026-07-29 08:48:10.158518+00,"{""language"": ""FR"", ""question"": ""confus / confuse"", ""response"": ""pas du tout"", ""data_type"": ""questionnaire"", ""session_id"": ""773890d6_2026-07-29_10-44-28"", ""questionnaire_id"": ""EES""}"
1612,773890d6_2026-07-29_10-44-28,questionnaire,2026-07-29 08:48:10.158518+00,"{""language"": ""FR"", ""question"": ""frustré / frustrée"", ""response"": ""pas du tout"", ""data_type"": ""questionnaire"", ""session_id"": ""773890d6_2026-07-29_10-44-28"", ""questionnaire_id"": ""EES""}"
1613,773890d6_2026-07-29_10-44-28,questionnaire,2026-07-29 08:48:10.158518+00,"{""language"": ""FR"", ""question"": ""surpris / surprise"", ""response"": ""un tout petit peu"", ""data_type"": ""questionnaire"", ""session_id"": ""773890d6_2026-07-29_10-44-28"", ""questionnaire_id"": ""EES""}"
1614,773890d6_2026-07-29_10-44-28,questionnaire,2026-07-29 08:48:10.158518+00,"{""language"": ""FR"", ""question"": ""anxieux / anxieuse"", ""response"": ""un tout petit peu"", ""data_type"": ""questionnaire"", ""session_id"": ""773890d6_2026-07-29_10-44-28"", ""questionnaire_id"": ""EES""}"
1615,773890d6_2026-07-29_10-44-28,questionnaire,2026-07-29 08:48:10.158518+00,"{""language"": ""FR"", ""question"": ""ennuyé / ennuyée"", ""response"": ""un tout petit peu"", ""data_type"": ""questionnaire"", ""session_id"": ""773890d6_2026-07-29_10-44-28"", ""questionnaire_id"": ""EES""}"
1616,773890d6_2026-07-29_10-44-28,questionnaire,2026-07-29 08:53:43.140044+00,"{""language"": ""FR"", ""question"": ""Parce que c’est quelque chose que je dois faire"", ""response"": ""un petit peu"", ""data_type"": ""questionnaire"", ""session_id"": ""773890d6_2026-07-29_10-44-28"", ""questionnaire_id"": ""SIMS""}"
1617,773890d6_2026-07-29_10-44-28,questionnaire,2026-07-29 08:53:43.140044+00,"{""language"": ""FR"", ""question"": ""Parce que je pense que cette activité est bonne pour moi"", ""response"": ""plutôt"", ""data_type"": ""questionnaire"", ""session_id"": ""773890d6_2026-07-29_10-44-28"", ""questionnaire_id"": ""SIMS""}"
1618,773890d6_2026-07-29_10-44-28,questionnaire,2026-07-29 08:53:43.140044+00,"{""language"": ""FR"", ""question"": ""Je ne sais pas ; je ne vois pas ce que cette activité m’apporte"", ""response"": ""pas du tout"", ""data_type"": ""questionnaire"", ""session_id"": ""773890d6_2026-07-29_10-44-28"", ""questionnaire_id"": ""SIMS""}"
1619,773890d6_2026-07-29_10-44-28,questionnaire,2026-07-29 08:53:43.140044+00,"{""language"": ""FR"", ""question"": ""Parce que je trouve cette activité intéressante"", ""response"": ""beaucoup"", ""data_type"": ""questionnaire"", ""session_id"": ""773890d6_2026-07-29_10-44-28"", ""questionnaire_id"": ""SIMS""}"
1620,773890d6_2026-07-29_10-44-28,questionnaire,2026-07-29 08:53:43.140044+00,"{""language"": ""FR"", ""question"": ""Parce que je le fais pour mon propre bien"", ""response"": ""modérément"", ""data_type"": ""questionnaire"", ""session_id"": ""773890d6_2026-07-29_10-44-28"", ""questionnaire_id"": ""SIMS""}"
1621,773890d6_2026-07-29_10-44-28,questionnaire,2026-07-29 08:53:43.140044+00,"{""language"": ""FR"", ""question"": ""Je pratique cette activité, mais je ne suis pas sûr que cela en vaille la peine"", ""response"": ""pas du tout"", ""data_type"": ""questionnaire"", ""session_id"": ""773890d6_2026-07-29_10-44-28"", ""questionnaire_id"": ""SIMS""}"
1622,773890d6_2026-07-29_10-44-28,questionnaire,2026-07-29 08:53:43.140044+00,"{""language"": ""FR"", ""question"": ""Parce que je suis censé le faire"", ""response"": ""un tout petit peu"", ""data_type"": ""questionnaire"", ""session_id"": ""773890d6_2026-07-29_10-44-28"", ""questionnaire_id"": ""SIMS""}"
1623,773890d6_2026-07-29_10-44-28,questionnaire,2026-07-29 08:53:43.140044+00,"{""language"": ""FR"", ""question"": ""Parce que je sens que je dois le faire"", ""response"": ""un tout petit peu"", ""data_type"": ""questionnaire"", ""session_id"": ""773890d6_2026-07-29_10-44-28"", ""questionnaire_id"": ""SIMS""}"
1624,773890d6_2026-07-29_10-44-28,questionnaire,2026-07-29 08:53:43.140044+00,"{""language"": ""FR"", ""question"": ""Par choix personnel"", ""response"": ""beaucoup"", ""data_type"": ""questionnaire"", ""session_id"": ""773890d6_2026-07-29_10-44-28"", ""questionnaire_id"": ""SIMS""}"
1625,773890d6_2026-07-29_10-44-28,questionnaire,2026-07-29 08:53:43.140044+00,"{""language"": ""FR"", ""question"": ""Je pratique cette activité, mais je ne suis pas sûr que ce soit une bonne chose de la poursuivre"", ""response"": ""pas du tout"", ""data_type"": ""questionnaire"", ""session_id"": ""773890d6_2026-07-29_10-44-28"", ""questionnaire_id"": ""SIMS""}"
1626,773890d6_2026-07-29_10-44-28,questionnaire,2026-07-29 08:53:43.140044+00,"{""language"": ""FR"", ""question"": ""Parce que je crois que cette activité est importante pour moi"", ""response"": ""plutôt"", ""data_type"": ""questionnaire"", ""session_id"": ""773890d6_2026-07-29_10-44-28"", ""questionnaire_id"": ""SIMS""}"
1627,773890d6_2026-07-29_10-44-28,questionnaire,2026-07-29 08:53:43.140044+00,"{""language"": ""FR"", ""question"": ""Parce que je n’ai pas le choix"", ""response"": ""pas du tout"", ""data_type"": ""questionnaire"", ""session_id"": ""773890d6_2026-07-29_10-44-28"", ""questionnaire_id"": ""SIMS""}"
1628,773890d6_2026-07-29_10-44-28,questionnaire,2026-07-29 08:53:43.140044+00,"{""language"": ""FR"", ""question"": ""Parce que je me sens bien quand je pratique cette activité"", ""response"": ""modérément"", ""data_type"": ""questionnaire"", ""session_id"": ""773890d6_2026-07-29_10-44-28"", ""questionnaire_id"": ""SIMS""}"
1629,773890d6_2026-07-29_10-44-28,questionnaire,2026-07-29 08:53:43.140044+00,"{""language"": ""FR"", ""question"": ""Parce que je trouve cette activité agréable"", ""response"": ""modérément"", ""data_type"": ""questionnaire"", ""session_id"": ""773890d6_2026-07-29_10-44-28"", ""questionnaire_id"": ""SIMS""}"
1630,773890d6_2026-07-29_10-44-28,questionnaire,2026-07-29 08:53:43.140044+00,"{""language"": ""FR"", ""question"": ""Il y a peut-être de bonnes raisons de faire cette activité, mais personnellement, je n’en vois aucune"", ""response"": ""pas du tout"", ""data_type"": ""questionnaire"", ""session_id"": ""773890d6_2026-07-29_10-44-28"", ""questionnaire_id"": ""SIMS""}"
1631,773890d6_2026-07-29_10-44-28,questionnaire,2026-07-29 08:53:43.140044+00,"{""language"": ""FR"", ""question"": ""Parce que cette activité est amusante"", ""response"": ""plutôt"", ""data_type"": ""questionnaire"", ""session_id"": ""773890d6_2026-07-29_10-44-28"", ""questionnaire_id"": ""SIMS""}"
1632,773890d6_2026-07-29_10-44-28,questionnaire,2026-07-29 08:55:44.565788+00,"{""language"": ""FR"", ""question"": ""C’est à moi qu’il revient de décider si et quand j’agis"", ""response"": ""d'accord"", ""data_type"": ""questionnaire"", ""session_id"": ""773890d6_2026-07-29_10-44-28"", ""questionnaire_id"": ""SoAS""}"
1633,773890d6_2026-07-29_10-44-28,questionnaire,2026-07-29 08:55:44.565788+00,"{""language"": ""FR"", ""question"": ""Je ne suis qu'un instrument entre les mains de quelqu'un ou de quelque chose d'autre"", ""response"": ""en désaccord"", ""data_type"": ""questionnaire"", ""session_id"": ""773890d6_2026-07-29_10-44-28"", ""questionnaire_id"": ""SoAS""}"
1634,773890d6_2026-07-29_10-44-28,questionnaire,2026-07-29 08:55:44.565788+00,"{""language"": ""FR"", ""question"": ""Quand j’agis, j’ai l’impression d’être un robot télécommandé"", ""response"": ""fortement en désaccord"", ""data_type"": ""questionnaire"", ""session_id"": ""773890d6_2026-07-29_10-44-28"", ""questionnaire_id"": ""SoAS""}"
1635,773890d6_2026-07-29_10-44-28,questionnaire,2026-07-29 08:55:44.565788+00,"{""language"": ""FR"", ""question"": ""Ce que je fais relève uniquement de mon libre arbitre"", ""response"": ""en désaccord"", ""data_type"": ""questionnaire"", ""session_id"": ""773890d6_2026-07-29_10-44-28"", ""questionnaire_id"": ""SoAS""}"
1636,773890d6_2026-07-29_10-44-28,questionnaire,2026-07-29 08:55:44.565788+00,"{""language"": ""FR"", ""question"": ""Je suis en plein contrôle de ce que je fais"", ""response"": ""neutre"", ""data_type"": ""questionnaire"", ""session_id"": ""773890d6_2026-07-29_10-44-28"", ""questionnaire_id"": ""SoAS""}"
1637,773890d6_2026-07-29_10-44-28,questionnaire,2026-07-29 08:55:44.565788+00,"{""language"": ""FR"", ""question"": ""Je planifie mon comportement du début à la fin"", ""response"": ""partiellement en désaccord"", ""data_type"": ""questionnaire"", ""session_id"": ""773890d6_2026-07-29_10-44-28"", ""questionnaire_id"": ""SoAS""}"
1638,773890d6_2026-07-29_10-44-28,questionnaire,2026-07-29 08:55:44.565788+00,"{""language"": ""FR"", ""question"": ""Mes actions se produisent simplement, sans que je le veuille"", ""response"": ""partiellement en désaccord"", ""data_type"": ""questionnaire"", ""session_id"": ""773890d6_2026-07-29_10-44-28"", ""questionnaire_id"": ""SoAS""}"
1639,773890d6_2026-07-29_10-44-28,questionnaire,2026-07-29 08:55:44.565788+00,"{""language"": ""FR"", ""question"": ""Mes mouvements sont automatiques : mon corps les effectue tout simplement"", ""response"": ""en désaccord"", ""data_type"": ""questionnaire"", ""session_id"": ""773890d6_2026-07-29_10-44-28"", ""questionnaire_id"": ""SoAS""}"
1640,773890d6_2026-07-29_10-44-28,questionnaire,2026-07-29 08:55:44.565788+00,"{""language"": ""FR"", ""question"": ""Les conséquences de mes actes me surprennent généralement"", ""response"": ""fortement en désaccord"", ""data_type"": ""questionnaire"", ""session_id"": ""773890d6_2026-07-29_10-44-28"", ""questionnaire_id"": ""SoAS""}"
1641,773890d6_2026-07-29_10-44-28,questionnaire,2026-07-29 08:55:44.565788+00,"{""language"": ""FR"", ""question"": ""Rien de ce que je fais n’est en réalité volontaire"", ""response"": ""en désaccord"", ""data_type"": ""questionnaire"", ""session_id"": ""773890d6_2026-07-29_10-44-28"", ""questionnaire_id"": ""SoAS""}"
1642,773890d6_2026-07-29_10-44-28,questionnaire,2026-07-29 08:55:44.565788+00,"{""language"": ""FR"", ""question"": ""Je suis entièrement responsable de tout ce qui résulte de mes actes"", ""response"": ""partiellement d'accord"", ""data_type"": ""questionnaire"", ""session_id"": ""773890d6_2026-07-29_10-44-28"", ""questionnaire_id"": ""SoAS""}"
1643,773890d6_2026-07-29_10-44-28,exploration,2026-07-29 09:03:18.099959+00,"{""trial"": 0, ""language"": ""FR"", ""data_type"": ""exploration"", ""position_x"": 2.755, ""position_y"": 0.4299998, ""session_id"": ""773890d6_2026-07-29_10-44-28"", ""actual_value"": 66, ""position_rowID"": 2, ""predicted_value"": 50, ""position_columnID"": 2}"
1644,773890d6_2026-07-29_10-44-28,exploration,2026-07-29 09:03:18.099959+00,"{""trial"": 0, ""language"": ""FR"", ""data_type"": ""exploration"", ""position_x"": 0.155, ""position_y"": -2.17, ""session_id"": ""773890d6_2026-07-29_10-44-28"", ""actual_value"": 11, ""position_rowID"": 1, ""predicted_value"": 50, ""position_columnID"": 1}"
1645,773890d6_2026-07-29_10-44-28,exploration,2026-07-29 09:03:18.099959+00,"{""trial"": 0, ""language"": ""FR"", ""data_type"": ""exploration"", ""position_x"": -2.445, ""position_y"": -2.17, ""session_id"": ""773890d6_2026-07-29_10-44-28"", ""actual_value"": 91, ""position_rowID"": 1, ""predicted_value"": 50, ""position_columnID"": 0}"
1646,773890d6_2026-07-29_10-44-28,exploration,2026-07-29 09:03:18.099959+00,"{""trial"": 0, ""language"": ""FR"", ""data_type"": ""exploration"", ""position_x"": 0.1700001, ""position_y"": -3.595, ""session_id"": ""773890d6_2026-07-29_10-44-28"", ""actual_value"": 62, ""position_rowID"": 0, ""predicted_value"": 1, ""position_columnID"": 0}"
1647,773890d6_2026-07-29_10-44-28,exploration,2026-07-29 09:03:18.099959+00,"{""trial"": 0, ""language"": ""FR"", ""data_type"": ""exploration"", ""position_x"": 0.1700001, ""position_y"": -3.595, ""session_id"": ""773890d6_2026-07-29_10-44-28"", ""actual_value"": 62, ""position_rowID"": 0, ""predicted_value"": 50, ""position_columnID"": 0}"
1648,773890d6_2026-07-29_10-44-28,exploration,2026-07-29 09:03:18.099959+00,"{""trial"": 1, ""language"": ""FR"", ""data_type"": ""exploration"", ""position_x"": 0.1700001, ""position_y"": -3.595, ""session_id"": ""773890d6_2026-07-29_10-44-28"", ""actual_value"": 62, ""position_rowID"": 0, ""predicted_value"": 50, ""position_columnID"": 0}"
1649,773890d6_2026-07-29_10-44-28,exploration,2026-07-29 09:03:18.099959+00,"{""trial"": 2, ""language"": ""FR"", ""data_type"": ""exploration"", ""position_x"": 0.1700001, ""position_y"": -3.595, ""session_id"": ""773890d6_2026-07-29_10-44-28"", ""actual_value"": 78, ""position_rowID"": 0, ""predicted_value"": 50, ""position_columnID"": 0}"
1650,773890d6_2026-07-29_10-44-28,questionnaire,2026-07-29 09:03:18.099959+00,"{""language"": ""FR"", ""question"": ""epsilon"", ""response"": ""0,1236334"", ""data_type"": ""questionnaire"", ""session_id"": ""773890d6_2026-07-29_10-44-28"", ""questionnaire_id"": ""customization""}"
1651,773890d6_2026-07-29_10-44-28,questionnaire,2026-07-29 09:03:18.099959+00,"{""language"": ""FR"", ""question"": ""uncoveredObject"", ""response"": ""flower_sunflower_0 (UnityEngine.GameObject)"", ""data_type"": ""questionnaire"", ""session_id"": ""773890d6_2026-07-29_10-44-28"", ""questionnaire_id"": ""customization""}"
1652,773890d6_2026-07-29_10-44-28,questionnaire,2026-07-29 09:03:18.099959+00,"{""language"": ""FR"", ""question"": ""container"", ""response"": ""pot_wood_0 (UnityEngine.GameObject)"", ""data_type"": ""questionnaire"", ""session_id"": ""773890d6_2026-07-29_10-44-28"", ""questionnaire_id"": ""customization""}"
1653,773890d6_2026-07-29_10-44-28,exploration,2026-07-29 09:22:24.314368+00,"{""trial"": 0, ""language"": ""FR"", ""data_type"": ""exploration"", ""position_x"": -6.559083, ""position_y"": 5.30045, ""session_id"": ""773890d6_2026-07-29_10-44-28"", ""actual_value"": 37, ""position_rowID"": 5, ""predicted_value"": 50, ""position_columnID"": 1}"
1654,773890d6_2026-07-29_10-44-28,exploration,2026-07-29 09:22:24.314368+00,"{""trial"": 1, ""language"": ""FR"", ""data_type"": ""exploration"", ""position_x"": 3.935451, ""position_y"": 5.30045, ""session_id"": ""773890d6_2026-07-29_10-44-28"", ""actual_value"": 51, ""position_rowID"": 5, ""predicted_value"": 50, ""position_columnID"": 5}"
1655,773890d6_2026-07-29_10-44-28,exploration,2026-07-29 09:22:24.314368+00,"{""trial"": 2, ""language"": ""FR"", ""data_type"": ""exploration"", ""position_x"": 3.935451, ""position_y"": -5.194083, ""session_id"": ""773890d6_2026-07-29_10-44-28"", ""actual_value"": 27, ""position_rowID"": 1, ""predicted_value"": 50, ""position_columnID"": 5}"
1656,773890d6_2026-07-29_10-44-28,exploration,2026-07-29 09:22:24.314368+00,"{""trial"": 3, ""language"": ""FR"", ""data_type"": ""exploration"", ""position_x"": -6.559083, ""position_y"": -5.194083, ""session_id"": ""773890d6_2026-07-29_10-44-28"", ""actual_value"": 98, ""position_rowID"": 1, ""predicted_value"": 50, ""position_columnID"": 1}"
1657,773890d6_2026-07-29_10-44-28,exploration,2026-07-29 09:22:24.314368+00,"{""trial"": 4, ""language"": ""FR"", ""data_type"": ""exploration"", ""position_x"": -3.93545, ""position_y"": -2.57045, ""session_id"": ""773890d6_2026-07-29_10-44-28"", ""actual_value"": 49, ""position_rowID"": 2, ""predicted_value"": 50, ""position_columnID"": 2}"
1658,773890d6_2026-07-29_10-44-28,exploration,2026-07-29 09:22:24.314368+00,"{""trial"": 5, ""language"": ""FR"", ""data_type"": ""exploration"", ""position_x"": -6.559083, ""position_y"": -5.194083, ""session_id"": ""773890d6_2026-07-29_10-44-28"", ""actual_value"": 99, ""position_rowID"": 1, ""predicted_value"": 50, ""position_columnID"": 1}"
1659,773890d6_2026-07-29_10-44-28,exploration,2026-07-29 09:22:24.314368+00,"{""trial"": 6, ""language"": ""FR"", ""data_type"": ""exploration"", ""position_x"": -9.182716, ""position_y"": -5.194083, ""session_id"": ""773890d6_2026-07-29_10-44-28"", ""actual_value"": 87, ""position_rowID"": 1, ""predicted_value"": 50, ""position_columnID"": 0}"
1660,773890d6_2026-07-29_10-44-28,exploration,2026-07-29 09:22:24.314368+00,"{""trial"": 7, ""language"": ""FR"", ""data_type"": ""exploration"", ""position_x"": 3.935451, ""position_y"": -2.57045, ""session_id"": ""773890d6_2026-07-29_10-44-28"", ""actual_value"": 27, ""position_rowID"": 2, ""predicted_value"": 50, ""position_columnID"": 5}"
1661,773890d6_2026-07-29_10-44-28,exploration,2026-07-29 09:22:24.314368+00,"{""trial"": 8, ""language"": ""FR"", ""data_type"": ""exploration"", ""position_x"": 6.559084, ""position_y"": -2.57045, ""session_id"": ""773890d6_2026-07-29_10-44-28"", ""actual_value"": 17, ""position_rowID"": 2, ""predicted_value"": 50, ""position_columnID"": 6}"
1662,773890d6_2026-07-29_10-44-28,exploration,2026-07-29 09:22:24.314368+00,"{""trial"": 9, ""language"": ""FR"", ""data_type"": ""exploration"", ""position_x"": 6.559084, ""position_y"": -5.194083, ""session_id"": ""773890d6_2026-07-29_10-44-28"", ""actual_value"": 18, ""position_rowID"": 1, ""predicted_value"": 50, ""position_columnID"": 6}"
1663,773890d6_2026-07-29_10-44-28,exploration,2026-07-29 09:22:24.314368+00,"{""trial"": 10, ""language"": ""FR"", ""data_type"": ""exploration"", ""position_x"": 3.935451, ""position_y"": 5.30045, ""session_id"": ""773890d6_2026-07-29_10-44-28"", ""actual_value"": 48, ""position_rowID"": 5, ""predicted_value"": 50, ""position_columnID"": 5}"
1664,773890d6_2026-07-29_10-44-28,exploration,2026-07-29 09:22:24.314368+00,"{""trial"": 11, ""language"": ""FR"", ""data_type"": ""exploration"", ""position_x"": 1.311817, ""position_y"": 5.30045, ""session_id"": ""773890d6_2026-07-29_10-44-28"", ""actual_value"": 26, ""position_rowID"": 5, ""predicted_value"": 50, ""position_columnID"": 4}"
1665,773890d6_2026-07-29_10-44-28,exploration,2026-07-29 09:22:24.314368+00,"{""trial"": 12, ""language"": ""FR"", ""data_type"": ""exploration"", ""position_x"": 6.559084, ""position_y"": 5.30045, ""session_id"": ""773890d6_2026-07-29_10-44-28"", ""actual_value"": 71, ""position_rowID"": 5, ""predicted_value"": 50, ""position_columnID"": 6}"
1666,773890d6_2026-07-29_10-44-28,exploration,2026-07-29 09:22:24.314368+00,"{""trial"": 13, ""language"": ""FR"", ""data_type"": ""exploration"", ""position_x"": 6.559084, ""position_y"": 7.924084, ""session_id"": ""773890d6_2026-07-29_10-44-28"", ""actual_value"": 81, ""position_rowID"": 6, ""predicted_value"": 50, ""position_columnID"": 6}"
1667,773890d6_2026-07-29_10-44-28,exploration,2026-07-29 09:22:24.314368+00,"{""trial"": 14, ""language"": ""FR"", ""data_type"": ""exploration"", ""position_x"": -1.311816, ""position_y"": 5.30045, ""session_id"": ""773890d6_2026-07-29_10-44-28"", ""actual_value"": 8, ""position_rowID"": 5, ""predicted_value"": 50, ""position_columnID"": 3}"
1668,773890d6_2026-07-29_10-44-28,exploration,2026-07-29 09:22:24.314368+00,"{""trial"": 15, ""language"": ""FR"", ""data_type"": ""exploration"", ""position_x"": -1.311816, ""position_y"": 2.676817, ""session_id"": ""773890d6_2026-07-29_10-44-28"", ""actual_value"": 14, ""position_rowID"": 4, ""predicted_value"": 50, ""position_columnID"": 3}"
1669,773890d6_2026-07-29_10-44-28,exploration,2026-07-29 09:22:24.314368+00,"{""trial"": 16, ""language"": ""FR"", ""data_type"": ""exploration"", ""position_x"": -1.311816, ""position_y"": 0.05318356, ""session_id"": ""773890d6_2026-07-29_10-44-28"", ""actual_value"": 19, ""position_rowID"": 3, ""predicted_value"": 50, ""position_columnID"": 3}"
1875,773890d6_2026-07-29_10-44-28,questionnaire,2026-07-29 09:24:36.703581+00,"{""language"": ""FR"", ""question"": ""Parce que je trouve cette activité intéressante"", ""response"": ""un tout petit peu"", ""data_type"": ""questionnaire"", ""session_id"": ""773890d6_2026-07-29_10-44-28"", ""questionnaire_id"": ""SIMS""}"
1670,773890d6_2026-07-29_10-44-28,exploration,2026-07-29 09:22:24.314368+00,"{""trial"": 17, ""language"": ""FR"", ""data_type"": ""exploration"", ""position_x"": -3.93545, ""position_y"": -2.57045, ""session_id"": ""773890d6_2026-07-29_10-44-28"", ""actual_value"": 49, ""position_rowID"": 2, ""predicted_value"": 50, ""position_columnID"": 2}"
1671,773890d6_2026-07-29_10-44-28,exploration,2026-07-29 09:22:24.314368+00,"{""trial"": 18, ""language"": ""FR"", ""data_type"": ""exploration"", ""position_x"": -6.559083, ""position_y"": -2.57045, ""session_id"": ""773890d6_2026-07-29_10-44-28"", ""actual_value"": 63, ""position_rowID"": 2, ""predicted_value"": 50, ""position_columnID"": 1}"
1672,773890d6_2026-07-29_10-44-28,exploration,2026-07-29 09:22:24.314368+00,"{""trial"": 19, ""language"": ""FR"", ""data_type"": ""exploration"", ""position_x"": -3.93545, ""position_y"": -5.194083, ""session_id"": ""773890d6_2026-07-29_10-44-28"", ""actual_value"": 75, ""position_rowID"": 1, ""predicted_value"": 50, ""position_columnID"": 2}"
1673,773890d6_2026-07-29_10-44-28,exploration,2026-07-29 09:22:24.314368+00,"{""trial"": 20, ""language"": ""FR"", ""data_type"": ""exploration"", ""position_x"": -6.559083, ""position_y"": 7.924084, ""session_id"": ""773890d6_2026-07-29_10-44-28"", ""actual_value"": 49, ""position_rowID"": 6, ""predicted_value"": 50, ""position_columnID"": 1}"
1674,773890d6_2026-07-29_10-44-28,exploration,2026-07-29 09:22:24.314368+00,"{""trial"": 21, ""language"": ""FR"", ""data_type"": ""exploration"", ""position_x"": -9.182716, ""position_y"": 5.30045, ""session_id"": ""773890d6_2026-07-29_10-44-28"", ""actual_value"": 64, ""position_rowID"": 5, ""predicted_value"": 50, ""position_columnID"": 0}"
1675,773890d6_2026-07-29_10-44-28,exploration,2026-07-29 09:22:24.314368+00,"{""trial"": 22, ""language"": ""FR"", ""data_type"": ""exploration"", ""position_x"": -9.182716, ""position_y"": 7.924084, ""session_id"": ""773890d6_2026-07-29_10-44-28"", ""actual_value"": 75, ""position_rowID"": 6, ""predicted_value"": 50, ""position_columnID"": 0}"
1676,773890d6_2026-07-29_10-44-28,exploration,2026-07-29 09:22:24.314368+00,"{""trial"": 23, ""language"": ""FR"", ""data_type"": ""exploration"", ""position_x"": -3.93545, ""position_y"": 5.30045, ""session_id"": ""773890d6_2026-07-29_10-44-28"", ""actual_value"": 11, ""position_rowID"": 5, ""predicted_value"": 50, ""position_columnID"": 2}"
1677,773890d6_2026-07-29_10-44-28,exploration,2026-07-29 09:22:24.314368+00,"{""trial"": 24, ""language"": ""FR"", ""data_type"": ""exploration"", ""position_x"": -3.93545, ""position_y"": 2.676817, ""session_id"": ""773890d6_2026-07-29_10-44-28"", ""actual_value"": 7, ""position_rowID"": 4, ""predicted_value"": 50, ""position_columnID"": 2}"
1678,773890d6_2026-07-29_10-44-28,exploration,2026-07-29 09:22:24.314368+00,"{""trial"": 25, ""language"": ""FR"", ""data_type"": ""exploration"", ""position_x"": -6.559083, ""position_y"": 2.676817, ""session_id"": ""773890d6_2026-07-29_10-44-28"", ""actual_value"": 27, ""position_rowID"": 4, ""predicted_value"": 50, ""position_columnID"": 1}"
1679,773890d6_2026-07-29_10-44-28,exploration,2026-07-29 09:22:24.314368+00,"{""trial"": 26, ""language"": ""FR"", ""data_type"": ""exploration"", ""position_x"": -6.559083, ""position_y"": 0.05318356, ""session_id"": ""773890d6_2026-07-29_10-44-28"", ""actual_value"": 27, ""position_rowID"": 3, ""predicted_value"": 50, ""position_columnID"": 1}"
1680,773890d6_2026-07-29_10-44-28,exploration,2026-07-29 09:22:24.314368+00,"{""trial"": 27, ""language"": ""FR"", ""data_type"": ""exploration"", ""position_x"": -6.559083, ""position_y"": -2.57045, ""session_id"": ""773890d6_2026-07-29_10-44-28"", ""actual_value"": 67, ""position_rowID"": 2, ""predicted_value"": 50, ""position_columnID"": 1}"
1681,773890d6_2026-07-29_10-44-28,exploration,2026-07-29 09:22:24.314368+00,"{""trial"": 28, ""language"": ""FR"", ""data_type"": ""exploration"", ""position_x"": -3.93545, ""position_y"": -5.194083, ""session_id"": ""773890d6_2026-07-29_10-44-28"", ""actual_value"": 78, ""position_rowID"": 1, ""predicted_value"": 50, ""position_columnID"": 2}"
1682,773890d6_2026-07-29_10-44-28,exploration,2026-07-29 09:22:24.314368+00,"{""trial"": 29, ""language"": ""FR"", ""data_type"": ""exploration"", ""position_x"": 1.311817, ""position_y"": -5.194083, ""session_id"": ""773890d6_2026-07-29_10-44-28"", ""actual_value"": 29, ""position_rowID"": 1, ""predicted_value"": 50, ""position_columnID"": 4}"
1683,773890d6_2026-07-29_10-44-28,exploration,2026-07-29 09:22:24.314368+00,"{""trial"": 30, ""language"": ""FR"", ""data_type"": ""exploration"", ""position_x"": 3.935451, ""position_y"": -2.57045, ""session_id"": ""773890d6_2026-07-29_10-44-28"", ""actual_value"": 33, ""position_rowID"": 2, ""predicted_value"": 50, ""position_columnID"": 5}"
1684,773890d6_2026-07-29_10-44-28,exploration,2026-07-29 09:22:24.314368+00,"{""trial"": 31, ""language"": ""FR"", ""data_type"": ""exploration"", ""position_x"": 6.559084, ""position_y"": 0.05318356, ""session_id"": ""773890d6_2026-07-29_10-44-28"", ""actual_value"": 38, ""position_rowID"": 3, ""predicted_value"": 50, ""position_columnID"": 6}"
1685,773890d6_2026-07-29_10-44-28,exploration,2026-07-29 09:22:24.314368+00,"{""trial"": 32, ""language"": ""FR"", ""data_type"": ""exploration"", ""position_x"": 6.559084, ""position_y"": 2.676817, ""session_id"": ""773890d6_2026-07-29_10-44-28"", ""actual_value"": 55, ""position_rowID"": 4, ""predicted_value"": 50, ""position_columnID"": 6}"
1686,773890d6_2026-07-29_10-44-28,exploration,2026-07-29 09:22:24.314368+00,"{""trial"": 33, ""language"": ""FR"", ""data_type"": ""exploration"", ""position_x"": 3.935451, ""position_y"": 5.30045, ""session_id"": ""773890d6_2026-07-29_10-44-28"", ""actual_value"": 49, ""position_rowID"": 5, ""predicted_value"": 50, ""position_columnID"": 5}"
1687,773890d6_2026-07-29_10-44-28,exploration,2026-07-29 09:22:24.314368+00,"{""trial"": 34, ""language"": ""FR"", ""data_type"": ""exploration"", ""position_x"": 3.935451, ""position_y"": 7.924084, ""session_id"": ""773890d6_2026-07-29_10-44-28"", ""actual_value"": 53, ""position_rowID"": 6, ""predicted_value"": 50, ""position_columnID"": 5}"
1688,773890d6_2026-07-29_10-44-28,exploration,2026-07-29 09:22:24.314368+00,"{""trial"": 35, ""language"": ""FR"", ""data_type"": ""exploration"", ""position_x"": 6.559084, ""position_y"": 7.924084, ""session_id"": ""773890d6_2026-07-29_10-44-28"", ""actual_value"": 82, ""position_rowID"": 6, ""predicted_value"": 50, ""position_columnID"": 6}"
1689,773890d6_2026-07-29_10-44-28,exploration,2026-07-29 09:22:24.314368+00,"{""trial"": 36, ""language"": ""FR"", ""data_type"": ""exploration"", ""position_x"": 6.559084, ""position_y"": 5.30045, ""session_id"": ""773890d6_2026-07-29_10-44-28"", ""actual_value"": 71, ""position_rowID"": 5, ""predicted_value"": 50, ""position_columnID"": 6}"
1690,773890d6_2026-07-29_10-44-28,exploration,2026-07-29 09:22:24.314368+00,"{""trial"": 37, ""language"": ""FR"", ""data_type"": ""exploration"", ""position_x"": 1.311817, ""position_y"": 7.924084, ""session_id"": ""773890d6_2026-07-29_10-44-28"", ""actual_value"": 16, ""position_rowID"": 6, ""predicted_value"": 50, ""position_columnID"": 4}"
1691,773890d6_2026-07-29_10-44-28,exploration,2026-07-29 09:22:24.314368+00,"{""trial"": 38, ""language"": ""FR"", ""data_type"": ""exploration"", ""position_x"": 1.311817, ""position_y"": 5.30045, ""session_id"": ""773890d6_2026-07-29_10-44-28"", ""actual_value"": 23, ""position_rowID"": 5, ""predicted_value"": 50, ""position_columnID"": 4}"
1692,773890d6_2026-07-29_10-44-28,exploration,2026-07-29 09:22:24.314368+00,"{""trial"": 39, ""language"": ""FR"", ""data_type"": ""exploration"", ""position_x"": -1.311816, ""position_y"": 5.30045, ""session_id"": ""773890d6_2026-07-29_10-44-28"", ""actual_value"": 7, ""position_rowID"": 5, ""predicted_value"": 50, ""position_columnID"": 3}"
1693,773890d6_2026-07-29_10-44-28,exploration,2026-07-29 09:22:24.314368+00,"{""trial"": 40, ""language"": ""FR"", ""data_type"": ""exploration"", ""position_x"": -1.311816, ""position_y"": 7.924084, ""session_id"": ""773890d6_2026-07-29_10-44-28"", ""actual_value"": 2, ""position_rowID"": 6, ""predicted_value"": 50, ""position_columnID"": 3}"
1694,773890d6_2026-07-29_10-44-28,exploration,2026-07-29 09:22:24.314368+00,"{""trial"": 41, ""language"": ""FR"", ""data_type"": ""exploration"", ""position_x"": -1.311816, ""position_y"": 7.924084, ""session_id"": ""773890d6_2026-07-29_10-44-28"", ""actual_value"": 1, ""position_rowID"": 6, ""predicted_value"": 50, ""position_columnID"": 3}"
1695,773890d6_2026-07-29_10-44-28,exploration,2026-07-29 09:22:24.314368+00,"{""trial"": 42, ""language"": ""FR"", ""data_type"": ""exploration"", ""position_x"": -1.311816, ""position_y"": 7.924084, ""session_id"": ""773890d6_2026-07-29_10-44-28"", ""actual_value"": 1, ""position_rowID"": 6, ""predicted_value"": 50, ""position_columnID"": 3}"
1696,773890d6_2026-07-29_10-44-28,exploration,2026-07-29 09:22:24.314368+00,"{""trial"": 43, ""language"": ""FR"", ""data_type"": ""exploration"", ""position_x"": -1.311816, ""position_y"": 5.30045, ""session_id"": ""773890d6_2026-07-29_10-44-28"", ""actual_value"": 6, ""position_rowID"": 5, ""predicted_value"": 50, ""position_columnID"": 3}"
1697,773890d6_2026-07-29_10-44-28,exploration,2026-07-29 09:22:24.314368+00,"{""trial"": 44, ""language"": ""FR"", ""data_type"": ""exploration"", ""position_x"": -3.93545, ""position_y"": 5.30045, ""session_id"": ""773890d6_2026-07-29_10-44-28"", ""actual_value"": 11, ""position_rowID"": 5, ""predicted_value"": 50, ""position_columnID"": 2}"
1698,773890d6_2026-07-29_10-44-28,exploration,2026-07-29 09:22:24.314368+00,"{""trial"": 45, ""language"": ""FR"", ""data_type"": ""exploration"", ""position_x"": -3.93545, ""position_y"": 7.924084, ""session_id"": ""773890d6_2026-07-29_10-44-28"", ""actual_value"": 17, ""position_rowID"": 6, ""predicted_value"": 50, ""position_columnID"": 2}"
1699,773890d6_2026-07-29_10-44-28,exploration,2026-07-29 09:22:24.314368+00,"{""trial"": 46, ""language"": ""FR"", ""data_type"": ""exploration"", ""position_x"": -1.311816, ""position_y"": 7.924084, ""session_id"": ""773890d6_2026-07-29_10-44-28"", ""actual_value"": 4, ""position_rowID"": 6, ""predicted_value"": 50, ""position_columnID"": 3}"
1700,773890d6_2026-07-29_10-44-28,exploration,2026-07-29 09:22:24.314368+00,"{""trial"": 47, ""language"": ""FR"", ""data_type"": ""exploration"", ""position_x"": -1.311816, ""position_y"": 7.924084, ""session_id"": ""773890d6_2026-07-29_10-44-28"", ""actual_value"": 1, ""position_rowID"": 6, ""predicted_value"": 50, ""position_columnID"": 3}"
1701,773890d6_2026-07-29_10-44-28,exploration,2026-07-29 09:22:24.314368+00,"{""trial"": 48, ""language"": ""FR"", ""data_type"": ""exploration"", ""position_x"": -1.311816, ""position_y"": 7.924084, ""session_id"": ""773890d6_2026-07-29_10-44-28"", ""actual_value"": 1, ""position_rowID"": 6, ""predicted_value"": 50, ""position_columnID"": 3}"
1702,773890d6_2026-07-29_10-44-28,exploration,2026-07-29 09:22:24.314368+00,"{""trial"": 49, ""language"": ""FR"", ""data_type"": ""exploration"", ""position_x"": -1.311816, ""position_y"": 7.924084, ""session_id"": ""773890d6_2026-07-29_10-44-28"", ""actual_value"": 2, ""position_rowID"": 6, ""predicted_value"": 50, ""position_columnID"": 3}"
1703,773890d6_2026-07-29_10-44-28,exploration,2026-07-29 09:22:24.314368+00,"{""trial"": 50, ""language"": ""FR"", ""data_type"": ""exploration"", ""position_x"": -6.559083, ""position_y"": 7.924084, ""session_id"": ""773890d6_2026-07-29_10-44-28"", ""actual_value"": 45, ""position_rowID"": 6, ""predicted_value"": 50, ""position_columnID"": 1}"
1704,773890d6_2026-07-29_10-44-28,exploration,2026-07-29 09:22:24.314368+00,"{""trial"": 51, ""language"": ""FR"", ""data_type"": ""exploration"", ""position_x"": -3.93545, ""position_y"": 7.924084, ""session_id"": ""773890d6_2026-07-29_10-44-28"", ""actual_value"": 15, ""position_rowID"": 6, ""predicted_value"": 50, ""position_columnID"": 2}"
1705,773890d6_2026-07-29_10-44-28,exploration,2026-07-29 09:22:24.314368+00,"{""trial"": 52, ""language"": ""FR"", ""data_type"": ""exploration"", ""position_x"": -3.93545, ""position_y"": 5.30045, ""session_id"": ""773890d6_2026-07-29_10-44-28"", ""actual_value"": 10, ""position_rowID"": 5, ""predicted_value"": 50, ""position_columnID"": 2}"
1706,773890d6_2026-07-29_10-44-28,exploration,2026-07-29 09:22:24.314368+00,"{""trial"": 53, ""language"": ""FR"", ""data_type"": ""exploration"", ""position_x"": -6.559083, ""position_y"": 5.30045, ""session_id"": ""773890d6_2026-07-29_10-44-28"", ""actual_value"": 37, ""position_rowID"": 5, ""predicted_value"": 50, ""position_columnID"": 1}"
1707,773890d6_2026-07-29_10-44-28,exploration,2026-07-29 09:22:24.314368+00,"{""trial"": 54, ""language"": ""FR"", ""data_type"": ""exploration"", ""position_x"": -6.559083, ""position_y"": 2.676817, ""session_id"": ""773890d6_2026-07-29_10-44-28"", ""actual_value"": 28, ""position_rowID"": 4, ""predicted_value"": 50, ""position_columnID"": 1}"
1708,773890d6_2026-07-29_10-44-28,exploration,2026-07-29 09:22:24.314368+00,"{""trial"": 55, ""language"": ""FR"", ""data_type"": ""exploration"", ""position_x"": -6.559083, ""position_y"": 0.05318356, ""session_id"": ""773890d6_2026-07-29_10-44-28"", ""actual_value"": 29, ""position_rowID"": 3, ""predicted_value"": 50, ""position_columnID"": 1}"
1709,773890d6_2026-07-29_10-44-28,exploration,2026-07-29 09:22:24.314368+00,"{""trial"": 56, ""language"": ""FR"", ""data_type"": ""exploration"", ""position_x"": -6.559083, ""position_y"": -2.57045, ""session_id"": ""773890d6_2026-07-29_10-44-28"", ""actual_value"": 65, ""position_rowID"": 2, ""predicted_value"": 50, ""position_columnID"": 1}"
1710,773890d6_2026-07-29_10-44-28,exploration,2026-07-29 09:22:24.314368+00,"{""trial"": 57, ""language"": ""FR"", ""data_type"": ""exploration"", ""position_x"": -6.559083, ""position_y"": -2.57045, ""session_id"": ""773890d6_2026-07-29_10-44-28"", ""actual_value"": 63, ""position_rowID"": 2, ""predicted_value"": 50, ""position_columnID"": 1}"
1711,773890d6_2026-07-29_10-44-28,exploration,2026-07-29 09:22:24.314368+00,"{""trial"": 58, ""language"": ""FR"", ""data_type"": ""exploration"", ""position_x"": -9.182716, ""position_y"": -2.57045, ""session_id"": ""773890d6_2026-07-29_10-44-28"", ""actual_value"": 70, ""position_rowID"": 2, ""predicted_value"": 50, ""position_columnID"": 0}"
1712,773890d6_2026-07-29_10-44-28,exploration,2026-07-29 09:22:24.314368+00,"{""trial"": 59, ""language"": ""FR"", ""data_type"": ""exploration"", ""position_x"": -9.182716, ""position_y"": -5.194083, ""session_id"": ""773890d6_2026-07-29_10-44-28"", ""actual_value"": 91, ""position_rowID"": 1, ""predicted_value"": 50, ""position_columnID"": 0}"
1713,773890d6_2026-07-29_10-44-28,exploration,2026-07-29 09:22:24.314368+00,"{""trial"": 60, ""language"": ""FR"", ""data_type"": ""exploration"", ""position_x"": -9.182716, ""position_y"": -7.817717, ""session_id"": ""773890d6_2026-07-29_10-44-28"", ""actual_value"": 69, ""position_rowID"": 0, ""predicted_value"": 50, ""position_columnID"": 0}"
1714,773890d6_2026-07-29_10-44-28,exploration,2026-07-29 09:22:24.314368+00,"{""trial"": 61, ""language"": ""FR"", ""data_type"": ""exploration"", ""position_x"": -6.559083, ""position_y"": -7.817717, ""session_id"": ""773890d6_2026-07-29_10-44-28"", ""actual_value"": 85, ""position_rowID"": 0, ""predicted_value"": 50, ""position_columnID"": 1}"
1715,773890d6_2026-07-29_10-44-28,exploration,2026-07-29 09:22:24.314368+00,"{""trial"": 62, ""language"": ""FR"", ""data_type"": ""exploration"", ""position_x"": -6.559083, ""position_y"": -5.194083, ""session_id"": ""773890d6_2026-07-29_10-44-28"", ""actual_value"": 99, ""position_rowID"": 1, ""predicted_value"": 50, ""position_columnID"": 1}"
1716,773890d6_2026-07-29_10-44-28,exploration,2026-07-29 09:22:24.314368+00,"{""trial"": 63, ""language"": ""FR"", ""data_type"": ""exploration"", ""position_x"": -3.93545, ""position_y"": -5.194083, ""session_id"": ""773890d6_2026-07-29_10-44-28"", ""actual_value"": 78, ""position_rowID"": 1, ""predicted_value"": 50, ""position_columnID"": 2}"
1717,773890d6_2026-07-29_10-44-28,exploration,2026-07-29 09:22:24.314368+00,"{""trial"": 64, ""language"": ""FR"", ""data_type"": ""exploration"", ""position_x"": -1.311816, ""position_y"": -5.194083, ""session_id"": ""773890d6_2026-07-29_10-44-28"", ""actual_value"": 52, ""position_rowID"": 1, ""predicted_value"": 50, ""position_columnID"": 3}"
1718,773890d6_2026-07-29_10-44-28,exploration,2026-07-29 09:22:24.314368+00,"{""trial"": 65, ""language"": ""FR"", ""data_type"": ""exploration"", ""position_x"": -1.311816, ""position_y"": -7.817717, ""session_id"": ""773890d6_2026-07-29_10-44-28"", ""actual_value"": 43, ""position_rowID"": 0, ""predicted_value"": 50, ""position_columnID"": 3}"
1719,773890d6_2026-07-29_10-44-28,exploration,2026-07-29 09:22:24.314368+00,"{""trial"": 66, ""language"": ""FR"", ""data_type"": ""exploration"", ""position_x"": 1.311817, ""position_y"": -7.817717, ""session_id"": ""773890d6_2026-07-29_10-44-28"", ""actual_value"": 28, ""position_rowID"": 0, ""predicted_value"": 50, ""position_columnID"": 4}"
1720,773890d6_2026-07-29_10-44-28,exploration,2026-07-29 09:22:24.314368+00,"{""trial"": 67, ""language"": ""FR"", ""data_type"": ""exploration"", ""position_x"": -9.182716, ""position_y"": -7.817717, ""session_id"": ""773890d6_2026-07-29_10-44-28"", ""actual_value"": 72, ""position_rowID"": 0, ""predicted_value"": 50, ""position_columnID"": 0}"
1721,773890d6_2026-07-29_10-44-28,exploration,2026-07-29 09:22:24.314368+00,"{""trial"": 68, ""language"": ""FR"", ""data_type"": ""exploration"", ""position_x"": 3.935451, ""position_y"": -7.817717, ""session_id"": ""773890d6_2026-07-29_10-44-28"", ""actual_value"": 35, ""position_rowID"": 0, ""predicted_value"": 50, ""position_columnID"": 5}"
1722,773890d6_2026-07-29_10-44-28,exploration,2026-07-29 09:22:24.314368+00,"{""trial"": 69, ""language"": ""FR"", ""data_type"": ""exploration"", ""position_x"": 6.559084, ""position_y"": -7.817717, ""session_id"": ""773890d6_2026-07-29_10-44-28"", ""actual_value"": 33, ""position_rowID"": 0, ""predicted_value"": 50, ""position_columnID"": 6}"
1723,773890d6_2026-07-29_10-44-28,exploration,2026-07-29 09:22:24.314368+00,"{""trial"": 70, ""language"": ""FR"", ""data_type"": ""exploration"", ""position_x"": 6.559084, ""position_y"": -5.194083, ""session_id"": ""773890d6_2026-07-29_10-44-28"", ""actual_value"": 17, ""position_rowID"": 1, ""predicted_value"": 50, ""position_columnID"": 6}"
1724,773890d6_2026-07-29_10-44-28,exploration,2026-07-29 09:22:24.314368+00,"{""trial"": 71, ""language"": ""FR"", ""data_type"": ""exploration"", ""position_x"": 6.559084, ""position_y"": -2.57045, ""session_id"": ""773890d6_2026-07-29_10-44-28"", ""actual_value"": 18, ""position_rowID"": 2, ""predicted_value"": 50, ""position_columnID"": 6}"
1725,773890d6_2026-07-29_10-44-28,exploration,2026-07-29 09:22:24.314368+00,"{""trial"": 72, ""language"": ""FR"", ""data_type"": ""exploration"", ""position_x"": 6.559084, ""position_y"": -5.194083, ""session_id"": ""773890d6_2026-07-29_10-44-28"", ""actual_value"": 15, ""position_rowID"": 1, ""predicted_value"": 50, ""position_columnID"": 6}"
1726,773890d6_2026-07-29_10-44-28,exploration,2026-07-29 09:22:24.314368+00,"{""trial"": 73, ""language"": ""FR"", ""data_type"": ""exploration"", ""position_x"": 6.559084, ""position_y"": 0.05318356, ""session_id"": ""773890d6_2026-07-29_10-44-28"", ""actual_value"": 36, ""position_rowID"": 3, ""predicted_value"": 50, ""position_columnID"": 6}"
1727,773890d6_2026-07-29_10-44-28,exploration,2026-07-29 09:22:24.314368+00,"{""trial"": 74, ""language"": ""FR"", ""data_type"": ""exploration"", ""position_x"": 6.559084, ""position_y"": 2.676817, ""session_id"": ""773890d6_2026-07-29_10-44-28"", ""actual_value"": 56, ""position_rowID"": 4, ""predicted_value"": 50, ""position_columnID"": 6}"
1728,773890d6_2026-07-29_10-44-28,exploration,2026-07-29 09:22:24.314368+00,"{""trial"": 75, ""language"": ""FR"", ""data_type"": ""exploration"", ""position_x"": 6.559084, ""position_y"": 5.30045, ""session_id"": ""773890d6_2026-07-29_10-44-28"", ""actual_value"": 71, ""position_rowID"": 5, ""predicted_value"": 50, ""position_columnID"": 6}"
1729,773890d6_2026-07-29_10-44-28,exploration,2026-07-29 09:22:24.314368+00,"{""trial"": 76, ""language"": ""FR"", ""data_type"": ""exploration"", ""position_x"": 6.559084, ""position_y"": 7.924084, ""session_id"": ""773890d6_2026-07-29_10-44-28"", ""actual_value"": 83, ""position_rowID"": 6, ""predicted_value"": 50, ""position_columnID"": 6}"
1730,773890d6_2026-07-29_10-44-28,exploration,2026-07-29 09:22:24.314368+00,"{""trial"": 77, ""language"": ""FR"", ""data_type"": ""exploration"", ""position_x"": -1.311816, ""position_y"": 0.05318356, ""session_id"": ""773890d6_2026-07-29_10-44-28"", ""actual_value"": 14, ""position_rowID"": 3, ""predicted_value"": 50, ""position_columnID"": 3}"
1731,773890d6_2026-07-29_10-44-28,exploration,2026-07-29 09:22:24.314368+00,"{""trial"": 78, ""language"": ""FR"", ""data_type"": ""exploration"", ""position_x"": -3.93545, ""position_y"": 2.676817, ""session_id"": ""773890d6_2026-07-29_10-44-28"", ""actual_value"": 8, ""position_rowID"": 4, ""predicted_value"": 50, ""position_columnID"": 2}"
1732,773890d6_2026-07-29_10-44-28,exploration,2026-07-29 09:22:24.314368+00,"{""trial"": 79, ""language"": ""FR"", ""data_type"": ""exploration"", ""position_x"": -3.93545, ""position_y"": 5.30045, ""session_id"": ""773890d6_2026-07-29_10-44-28"", ""actual_value"": 10, ""position_rowID"": 5, ""predicted_value"": 50, ""position_columnID"": 2}"
1733,773890d6_2026-07-29_10-44-28,exploration,2026-07-29 09:22:24.314368+00,"{""trial"": 80, ""language"": ""FR"", ""data_type"": ""exploration"", ""position_x"": -3.93545, ""position_y"": 2.676817, ""session_id"": ""773890d6_2026-07-29_10-44-28"", ""actual_value"": 7, ""position_rowID"": 4, ""predicted_value"": 50, ""position_columnID"": 2}"
1734,773890d6_2026-07-29_10-44-28,exploration,2026-07-29 09:22:24.314368+00,"{""trial"": 81, ""language"": ""FR"", ""data_type"": ""exploration"", ""position_x"": -3.93545, ""position_y"": 5.30045, ""session_id"": ""773890d6_2026-07-29_10-44-28"", ""actual_value"": 12, ""position_rowID"": 5, ""predicted_value"": 50, ""position_columnID"": 2}"
1735,773890d6_2026-07-29_10-44-28,exploration,2026-07-29 09:22:24.314368+00,"{""trial"": 82, ""language"": ""FR"", ""data_type"": ""exploration"", ""position_x"": -3.93545, ""position_y"": 2.676817, ""session_id"": ""773890d6_2026-07-29_10-44-28"", ""actual_value"": 6, ""position_rowID"": 4, ""predicted_value"": 50, ""position_columnID"": 2}"
1736,773890d6_2026-07-29_10-44-28,exploration,2026-07-29 09:22:24.314368+00,"{""trial"": 83, ""language"": ""FR"", ""data_type"": ""exploration"", ""position_x"": -3.93545, ""position_y"": 5.30045, ""session_id"": ""773890d6_2026-07-29_10-44-28"", ""actual_value"": 10, ""position_rowID"": 5, ""predicted_value"": 50, ""position_columnID"": 2}"
1737,773890d6_2026-07-29_10-44-28,exploration,2026-07-29 09:22:24.314368+00,"{""trial"": 84, ""language"": ""FR"", ""data_type"": ""exploration"", ""position_x"": -3.93545, ""position_y"": 2.676817, ""session_id"": ""773890d6_2026-07-29_10-44-28"", ""actual_value"": 7, ""position_rowID"": 4, ""predicted_value"": 50, ""position_columnID"": 2}"
1738,773890d6_2026-07-29_10-44-28,exploration,2026-07-29 09:22:24.314368+00,"{""trial"": 85, ""language"": ""FR"", ""data_type"": ""exploration"", ""position_x"": -3.93545, ""position_y"": 5.30045, ""session_id"": ""773890d6_2026-07-29_10-44-28"", ""actual_value"": 13, ""position_rowID"": 5, ""predicted_value"": 50, ""position_columnID"": 2}"
1739,773890d6_2026-07-29_10-44-28,exploration,2026-07-29 09:22:24.314368+00,"{""trial"": 86, ""language"": ""FR"", ""data_type"": ""exploration"", ""position_x"": -3.93545, ""position_y"": 2.676817, ""session_id"": ""773890d6_2026-07-29_10-44-28"", ""actual_value"": 5, ""position_rowID"": 4, ""predicted_value"": 50, ""position_columnID"": 2}"
1740,773890d6_2026-07-29_10-44-28,exploration,2026-07-29 09:22:24.314368+00,"{""trial"": 87, ""language"": ""FR"", ""data_type"": ""exploration"", ""position_x"": -6.559083, ""position_y"": 2.676817, ""session_id"": ""773890d6_2026-07-29_10-44-28"", ""actual_value"": 27, ""position_rowID"": 4, ""predicted_value"": 50, ""position_columnID"": 1}"
1741,773890d6_2026-07-29_10-44-28,exploration,2026-07-29 09:22:24.314368+00,"{""trial"": 88, ""language"": ""FR"", ""data_type"": ""exploration"", ""position_x"": -9.182716, ""position_y"": -2.57045, ""session_id"": ""773890d6_2026-07-29_10-44-28"", ""actual_value"": 65, ""position_rowID"": 2, ""predicted_value"": 50, ""position_columnID"": 0}"
1742,773890d6_2026-07-29_10-44-28,exploration,2026-07-29 09:22:24.314368+00,"{""trial"": 89, ""language"": ""FR"", ""data_type"": ""exploration"", ""position_x"": -9.182716, ""position_y"": 0.05318356, ""session_id"": ""773890d6_2026-07-29_10-44-28"", ""actual_value"": 46, ""position_rowID"": 3, ""predicted_value"": 50, ""position_columnID"": 0}"
1743,773890d6_2026-07-29_10-44-28,exploration,2026-07-29 09:22:24.314368+00,"{""trial"": 90, ""language"": ""FR"", ""data_type"": ""exploration"", ""position_x"": -6.559083, ""position_y"": 0.05318356, ""session_id"": ""773890d6_2026-07-29_10-44-28"", ""actual_value"": 26, ""position_rowID"": 3, ""predicted_value"": 50, ""position_columnID"": 1}"
1744,773890d6_2026-07-29_10-44-28,exploration,2026-07-29 09:22:24.314368+00,"{""trial"": 91, ""language"": ""FR"", ""data_type"": ""exploration"", ""position_x"": -9.182716, ""position_y"": 0.05318356, ""session_id"": ""773890d6_2026-07-29_10-44-28"", ""actual_value"": 48, ""position_rowID"": 3, ""predicted_value"": 50, ""position_columnID"": 0}"
1745,773890d6_2026-07-29_10-44-28,exploration,2026-07-29 09:22:24.314368+00,"{""trial"": 92, ""language"": ""FR"", ""data_type"": ""exploration"", ""position_x"": -6.559083, ""position_y"": 0.05318356, ""session_id"": ""773890d6_2026-07-29_10-44-28"", ""actual_value"": 32, ""position_rowID"": 3, ""predicted_value"": 50, ""position_columnID"": 1}"
1746,773890d6_2026-07-29_10-44-28,exploration,2026-07-29 09:22:24.314368+00,"{""trial"": 93, ""language"": ""FR"", ""data_type"": ""exploration"", ""position_x"": 1.311817, ""position_y"": -2.57045, ""session_id"": ""773890d6_2026-07-29_10-44-28"", ""actual_value"": 38, ""position_rowID"": 2, ""predicted_value"": 50, ""position_columnID"": 4}"
1747,773890d6_2026-07-29_10-44-28,exploration,2026-07-29 09:22:24.314368+00,"{""trial"": 94, ""language"": ""FR"", ""data_type"": ""exploration"", ""position_x"": -1.311816, ""position_y"": 0.05318356, ""session_id"": ""773890d6_2026-07-29_10-44-28"", ""actual_value"": 21, ""position_rowID"": 3, ""predicted_value"": 50, ""position_columnID"": 3}"
1748,773890d6_2026-07-29_10-44-28,exploration,2026-07-29 09:22:24.314368+00,"{""trial"": 95, ""language"": ""FR"", ""data_type"": ""exploration"", ""position_x"": -6.559083, ""position_y"": 5.30045, ""session_id"": ""773890d6_2026-07-29_10-44-28"", ""actual_value"": 41, ""position_rowID"": 5, ""predicted_value"": 50, ""position_columnID"": 1}"
1749,773890d6_2026-07-29_10-44-28,exploration,2026-07-29 09:22:24.314368+00,"{""trial"": 96, ""language"": ""FR"", ""data_type"": ""exploration"", ""position_x"": -3.93545, ""position_y"": 5.30045, ""session_id"": ""773890d6_2026-07-29_10-44-28"", ""actual_value"": 10, ""position_rowID"": 5, ""predicted_value"": 50, ""position_columnID"": 2}"
1750,773890d6_2026-07-29_10-44-28,exploration,2026-07-29 09:22:24.314368+00,"{""trial"": 97, ""language"": ""FR"", ""data_type"": ""exploration"", ""position_x"": -3.93545, ""position_y"": 2.676817, ""session_id"": ""773890d6_2026-07-29_10-44-28"", ""actual_value"": 7, ""position_rowID"": 4, ""predicted_value"": 50, ""position_columnID"": 2}"
1751,773890d6_2026-07-29_10-44-28,exploration,2026-07-29 09:22:24.314368+00,"{""trial"": 98, ""language"": ""FR"", ""data_type"": ""exploration"", ""position_x"": -9.182716, ""position_y"": 7.924084, ""session_id"": ""773890d6_2026-07-29_10-44-28"", ""actual_value"": 71, ""position_rowID"": 6, ""predicted_value"": 50, ""position_columnID"": 0}"
1752,773890d6_2026-07-29_10-44-28,exploration,2026-07-29 09:22:24.314368+00,"{""trial"": 99, ""language"": ""FR"", ""data_type"": ""exploration"", ""position_x"": -6.559083, ""position_y"": 7.924084, ""session_id"": ""773890d6_2026-07-29_10-44-28"", ""actual_value"": 47, ""position_rowID"": 6, ""predicted_value"": 50, ""position_columnID"": 1}"
1753,773890d6_2026-07-29_10-44-28,exploration,2026-07-29 09:22:24.314368+00,"{""trial"": 100, ""language"": ""FR"", ""data_type"": ""exploration"", ""position_x"": -3.93545, ""position_y"": 7.924084, ""session_id"": ""773890d6_2026-07-29_10-44-28"", ""actual_value"": 17, ""position_rowID"": 6, ""predicted_value"": 50, ""position_columnID"": 2}"
1754,773890d6_2026-07-29_10-44-28,exploration,2026-07-29 09:22:24.314368+00,"{""trial"": 101, ""language"": ""FR"", ""data_type"": ""exploration"", ""position_x"": -3.93545, ""position_y"": 5.30045, ""session_id"": ""773890d6_2026-07-29_10-44-28"", ""actual_value"": 11, ""position_rowID"": 5, ""predicted_value"": 50, ""position_columnID"": 2}"
1755,773890d6_2026-07-29_10-44-28,exploration,2026-07-29 09:22:24.314368+00,"{""trial"": 102, ""language"": ""FR"", ""data_type"": ""exploration"", ""position_x"": -3.93545, ""position_y"": 2.676817, ""session_id"": ""773890d6_2026-07-29_10-44-28"", ""actual_value"": 9, ""position_rowID"": 4, ""predicted_value"": 50, ""position_columnID"": 2}"
1756,773890d6_2026-07-29_10-44-28,exploration,2026-07-29 09:22:24.314368+00,"{""trial"": 103, ""language"": ""FR"", ""data_type"": ""exploration"", ""position_x"": -1.311816, ""position_y"": 0.05318356, ""session_id"": ""773890d6_2026-07-29_10-44-28"", ""actual_value"": 18, ""position_rowID"": 3, ""predicted_value"": 50, ""position_columnID"": 3}"
1757,773890d6_2026-07-29_10-44-28,exploration,2026-07-29 09:22:24.314368+00,"{""trial"": 104, ""language"": ""FR"", ""data_type"": ""exploration"", ""position_x"": -3.93545, ""position_y"": -2.57045, ""session_id"": ""773890d6_2026-07-29_10-44-28"", ""actual_value"": 53, ""position_rowID"": 2, ""predicted_value"": 50, ""position_columnID"": 2}"
1758,773890d6_2026-07-29_10-44-28,exploration,2026-07-29 09:22:24.314368+00,"{""trial"": 105, ""language"": ""FR"", ""data_type"": ""exploration"", ""position_x"": -6.559083, ""position_y"": -5.194083, ""session_id"": ""773890d6_2026-07-29_10-44-28"", ""actual_value"": 100, ""position_rowID"": 1, ""predicted_value"": 50, ""position_columnID"": 1}"
1759,773890d6_2026-07-29_10-44-28,exploration,2026-07-29 09:22:24.314368+00,"{""trial"": 106, ""language"": ""FR"", ""data_type"": ""exploration"", ""position_x"": -9.182716, ""position_y"": -7.817717, ""session_id"": ""773890d6_2026-07-29_10-44-28"", ""actual_value"": 69, ""position_rowID"": 0, ""predicted_value"": 50, ""position_columnID"": 0}"
1760,773890d6_2026-07-29_10-44-28,exploration,2026-07-29 09:22:24.314368+00,"{""trial"": 107, ""language"": ""FR"", ""data_type"": ""exploration"", ""position_x"": 3.935451, ""position_y"": -7.817717, ""session_id"": ""773890d6_2026-07-29_10-44-28"", ""actual_value"": 33, ""position_rowID"": 0, ""predicted_value"": 50, ""position_columnID"": 5}"
1761,773890d6_2026-07-29_10-44-28,exploration,2026-07-29 09:22:24.314368+00,"{""trial"": 108, ""language"": ""FR"", ""data_type"": ""exploration"", ""position_x"": 6.559084, ""position_y"": 2.676817, ""session_id"": ""773890d6_2026-07-29_10-44-28"", ""actual_value"": 56, ""position_rowID"": 4, ""predicted_value"": 50, ""position_columnID"": 6}"
1762,773890d6_2026-07-29_10-44-28,exploration,2026-07-29 09:22:24.314368+00,"{""trial"": 109, ""language"": ""FR"", ""data_type"": ""exploration"", ""position_x"": 3.935451, ""position_y"": 5.30045, ""session_id"": ""773890d6_2026-07-29_10-44-28"", ""actual_value"": 50, ""position_rowID"": 5, ""predicted_value"": 50, ""position_columnID"": 5}"
1763,773890d6_2026-07-29_10-44-28,exploration,2026-07-29 09:22:24.314368+00,"{""trial"": 110, ""language"": ""FR"", ""data_type"": ""exploration"", ""position_x"": 6.559084, ""position_y"": 7.924084, ""session_id"": ""773890d6_2026-07-29_10-44-28"", ""actual_value"": 83, ""position_rowID"": 6, ""predicted_value"": 50, ""position_columnID"": 6}"
1764,773890d6_2026-07-29_10-44-28,exploration,2026-07-29 09:22:24.314368+00,"{""trial"": 111, ""language"": ""FR"", ""data_type"": ""exploration"", ""position_x"": 3.935451, ""position_y"": 7.924084, ""session_id"": ""773890d6_2026-07-29_10-44-28"", ""actual_value"": 54, ""position_rowID"": 6, ""predicted_value"": 50, ""position_columnID"": 5}"
1765,773890d6_2026-07-29_10-44-28,exploration,2026-07-29 09:22:24.314368+00,"{""trial"": 112, ""language"": ""FR"", ""data_type"": ""exploration"", ""position_x"": 6.559084, ""position_y"": 5.30045, ""session_id"": ""773890d6_2026-07-29_10-44-28"", ""actual_value"": 70, ""position_rowID"": 5, ""predicted_value"": 50, ""position_columnID"": 6}"
1766,773890d6_2026-07-29_10-44-28,exploration,2026-07-29 09:22:24.314368+00,"{""trial"": 113, ""language"": ""FR"", ""data_type"": ""exploration"", ""position_x"": -6.559083, ""position_y"": 5.30045, ""session_id"": ""773890d6_2026-07-29_10-44-28"", ""actual_value"": 39, ""position_rowID"": 5, ""predicted_value"": 50, ""position_columnID"": 1}"
1767,773890d6_2026-07-29_10-44-28,exploration,2026-07-29 09:22:24.314368+00,"{""trial"": 114, ""language"": ""FR"", ""data_type"": ""exploration"", ""position_x"": -9.182716, ""position_y"": 2.676817, ""session_id"": ""773890d6_2026-07-29_10-44-28"", ""actual_value"": 51, ""position_rowID"": 4, ""predicted_value"": 50, ""position_columnID"": 0}"
1768,773890d6_2026-07-29_10-44-28,exploration,2026-07-29 09:22:24.314368+00,"{""trial"": 115, ""language"": ""FR"", ""data_type"": ""exploration"", ""position_x"": -1.311816, ""position_y"": 0.05318356, ""session_id"": ""773890d6_2026-07-29_10-44-28"", ""actual_value"": 22, ""position_rowID"": 3, ""predicted_value"": 50, ""position_columnID"": 3}"
1769,773890d6_2026-07-29_10-44-28,exploration,2026-07-29 09:22:24.314368+00,"{""trial"": 116, ""language"": ""FR"", ""data_type"": ""exploration"", ""position_x"": -1.311816, ""position_y"": -2.57045, ""session_id"": ""773890d6_2026-07-29_10-44-28"", ""actual_value"": 37, ""position_rowID"": 2, ""predicted_value"": 50, ""position_columnID"": 3}"
1770,773890d6_2026-07-29_10-44-28,exploration,2026-07-29 09:22:24.314368+00,"{""trial"": 117, ""language"": ""FR"", ""data_type"": ""exploration"", ""position_x"": 1.311817, ""position_y"": -2.57045, ""session_id"": ""773890d6_2026-07-29_10-44-28"", ""actual_value"": 29, ""position_rowID"": 2, ""predicted_value"": 50, ""position_columnID"": 4}"
1771,773890d6_2026-07-29_10-44-28,exploration,2026-07-29 09:22:24.314368+00,"{""trial"": 118, ""language"": ""FR"", ""data_type"": ""exploration"", ""position_x"": 1.311817, ""position_y"": 0.05318356, ""session_id"": ""773890d6_2026-07-29_10-44-28"", ""actual_value"": 36, ""position_rowID"": 3, ""predicted_value"": 50, ""position_columnID"": 4}"
1772,773890d6_2026-07-29_10-44-28,exploration,2026-07-29 09:22:24.314368+00,"{""trial"": 119, ""language"": ""FR"", ""data_type"": ""exploration"", ""position_x"": 1.311817, ""position_y"": 2.676817, ""session_id"": ""773890d6_2026-07-29_10-44-28"", ""actual_value"": 37, ""position_rowID"": 4, ""predicted_value"": 50, ""position_columnID"": 4}"
1773,773890d6_2026-07-29_10-44-28,exploration,2026-07-29 09:22:24.314368+00,"{""trial"": 120, ""language"": ""FR"", ""data_type"": ""exploration"", ""position_x"": -1.311816, ""position_y"": 2.676817, ""session_id"": ""773890d6_2026-07-29_10-44-28"", ""actual_value"": 16, ""position_rowID"": 4, ""predicted_value"": 50, ""position_columnID"": 3}"
1774,773890d6_2026-07-29_10-44-28,exploration,2026-07-29 09:22:24.314368+00,"{""trial"": 121, ""language"": ""FR"", ""data_type"": ""exploration"", ""position_x"": -3.93545, ""position_y"": 2.676817, ""session_id"": ""773890d6_2026-07-29_10-44-28"", ""actual_value"": 10, ""position_rowID"": 4, ""predicted_value"": 50, ""position_columnID"": 2}"
1775,773890d6_2026-07-29_10-44-28,exploration,2026-07-29 09:22:24.314368+00,"{""trial"": 122, ""language"": ""FR"", ""data_type"": ""exploration"", ""position_x"": -6.559083, ""position_y"": 2.676817, ""session_id"": ""773890d6_2026-07-29_10-44-28"", ""actual_value"": 30, ""position_rowID"": 4, ""predicted_value"": 50, ""position_columnID"": 1}"
1776,773890d6_2026-07-29_10-44-28,exploration,2026-07-29 09:22:24.314368+00,"{""trial"": 123, ""language"": ""FR"", ""data_type"": ""exploration"", ""position_x"": -6.559083, ""position_y"": 0.05318356, ""session_id"": ""773890d6_2026-07-29_10-44-28"", ""actual_value"": 26, ""position_rowID"": 3, ""predicted_value"": 50, ""position_columnID"": 1}"
1777,773890d6_2026-07-29_10-44-28,exploration,2026-07-29 09:22:24.314368+00,"{""trial"": 124, ""language"": ""FR"", ""data_type"": ""exploration"", ""position_x"": -6.559083, ""position_y"": -2.57045, ""session_id"": ""773890d6_2026-07-29_10-44-28"", ""actual_value"": 66, ""position_rowID"": 2, ""predicted_value"": 50, ""position_columnID"": 1}"
1778,773890d6_2026-07-29_10-44-28,exploration,2026-07-29 09:22:24.314368+00,"{""trial"": 125, ""language"": ""FR"", ""data_type"": ""exploration"", ""position_x"": -3.93545, ""position_y"": -5.194083, ""session_id"": ""773890d6_2026-07-29_10-44-28"", ""actual_value"": 77, ""position_rowID"": 1, ""predicted_value"": 50, ""position_columnID"": 2}"
1779,773890d6_2026-07-29_10-44-28,exploration,2026-07-29 09:22:24.314368+00,"{""trial"": 126, ""language"": ""FR"", ""data_type"": ""exploration"", ""position_x"": -1.311816, ""position_y"": -5.194083, ""session_id"": ""773890d6_2026-07-29_10-44-28"", ""actual_value"": 50, ""position_rowID"": 1, ""predicted_value"": 50, ""position_columnID"": 3}"
1780,773890d6_2026-07-29_10-44-28,exploration,2026-07-29 09:22:24.314368+00,"{""trial"": 127, ""language"": ""FR"", ""data_type"": ""exploration"", ""position_x"": 1.311817, ""position_y"": -5.194083, ""session_id"": ""773890d6_2026-07-29_10-44-28"", ""actual_value"": 38, ""position_rowID"": 1, ""predicted_value"": 50, ""position_columnID"": 4}"
1781,773890d6_2026-07-29_10-44-28,exploration,2026-07-29 09:22:24.314368+00,"{""trial"": 128, ""language"": ""FR"", ""data_type"": ""exploration"", ""position_x"": 3.935451, ""position_y"": -5.194083, ""session_id"": ""773890d6_2026-07-29_10-44-28"", ""actual_value"": 25, ""position_rowID"": 1, ""predicted_value"": 50, ""position_columnID"": 5}"
1782,773890d6_2026-07-29_10-44-28,exploration,2026-07-29 09:22:24.314368+00,"{""trial"": 129, ""language"": ""FR"", ""data_type"": ""exploration"", ""position_x"": 6.559084, ""position_y"": -5.194083, ""session_id"": ""773890d6_2026-07-29_10-44-28"", ""actual_value"": 21, ""position_rowID"": 1, ""predicted_value"": 50, ""position_columnID"": 6}"
1783,773890d6_2026-07-29_10-44-28,exploration,2026-07-29 09:22:24.314368+00,"{""trial"": 130, ""language"": ""FR"", ""data_type"": ""exploration"", ""position_x"": 6.559084, ""position_y"": -2.57045, ""session_id"": ""773890d6_2026-07-29_10-44-28"", ""actual_value"": 16, ""position_rowID"": 2, ""predicted_value"": 50, ""position_columnID"": 6}"
1784,773890d6_2026-07-29_10-44-28,exploration,2026-07-29 09:22:24.314368+00,"{""trial"": 131, ""language"": ""FR"", ""data_type"": ""exploration"", ""position_x"": 1.311817, ""position_y"": 5.30045, ""session_id"": ""773890d6_2026-07-29_10-44-28"", ""actual_value"": 28, ""position_rowID"": 5, ""predicted_value"": 50, ""position_columnID"": 4}"
1785,773890d6_2026-07-29_10-44-28,exploration,2026-07-29 09:22:24.314368+00,"{""trial"": 132, ""language"": ""FR"", ""data_type"": ""exploration"", ""position_x"": 1.311817, ""position_y"": 5.30045, ""session_id"": ""773890d6_2026-07-29_10-44-28"", ""actual_value"": 25, ""position_rowID"": 5, ""predicted_value"": 50, ""position_columnID"": 4}"
1786,773890d6_2026-07-29_10-44-28,exploration,2026-07-29 09:22:24.314368+00,"{""trial"": 133, ""language"": ""FR"", ""data_type"": ""exploration"", ""position_x"": 1.311817, ""position_y"": 5.30045, ""session_id"": ""773890d6_2026-07-29_10-44-28"", ""actual_value"": 25, ""position_rowID"": 5, ""predicted_value"": 50, ""position_columnID"": 4}"
1787,773890d6_2026-07-29_10-44-28,exploration,2026-07-29 09:22:24.314368+00,"{""trial"": 134, ""language"": ""FR"", ""data_type"": ""exploration"", ""position_x"": 1.311817, ""position_y"": 5.30045, ""session_id"": ""773890d6_2026-07-29_10-44-28"", ""actual_value"": 28, ""position_rowID"": 5, ""predicted_value"": 50, ""position_columnID"": 4}"
1788,773890d6_2026-07-29_10-44-28,exploration,2026-07-29 09:22:24.314368+00,"{""trial"": 135, ""language"": ""FR"", ""data_type"": ""exploration"", ""position_x"": 1.311817, ""position_y"": 5.30045, ""session_id"": ""773890d6_2026-07-29_10-44-28"", ""actual_value"": 21, ""position_rowID"": 5, ""predicted_value"": 50, ""position_columnID"": 4}"
1789,773890d6_2026-07-29_10-44-28,exploration,2026-07-29 09:22:24.314368+00,"{""trial"": 136, ""language"": ""FR"", ""data_type"": ""exploration"", ""position_x"": -6.559083, ""position_y"": 5.30045, ""session_id"": ""773890d6_2026-07-29_10-44-28"", ""actual_value"": 40, ""position_rowID"": 5, ""predicted_value"": 50, ""position_columnID"": 1}"
1790,773890d6_2026-07-29_10-44-28,exploration,2026-07-29 09:22:24.314368+00,"{""trial"": 137, ""language"": ""FR"", ""data_type"": ""exploration"", ""position_x"": -6.559083, ""position_y"": 5.30045, ""session_id"": ""773890d6_2026-07-29_10-44-28"", ""actual_value"": 41, ""position_rowID"": 5, ""predicted_value"": 50, ""position_columnID"": 1}"
1791,773890d6_2026-07-29_10-44-28,exploration,2026-07-29 09:22:24.314368+00,"{""trial"": 138, ""language"": ""FR"", ""data_type"": ""exploration"", ""position_x"": -6.559083, ""position_y"": 5.30045, ""session_id"": ""773890d6_2026-07-29_10-44-28"", ""actual_value"": 39, ""position_rowID"": 5, ""predicted_value"": 50, ""position_columnID"": 1}"
1792,773890d6_2026-07-29_10-44-28,exploration,2026-07-29 09:22:24.314368+00,"{""trial"": 139, ""language"": ""FR"", ""data_type"": ""exploration"", ""position_x"": -6.559083, ""position_y"": 5.30045, ""session_id"": ""773890d6_2026-07-29_10-44-28"", ""actual_value"": 37, ""position_rowID"": 5, ""predicted_value"": 50, ""position_columnID"": 1}"
1793,773890d6_2026-07-29_10-44-28,exploration,2026-07-29 09:22:24.314368+00,"{""trial"": 140, ""language"": ""FR"", ""data_type"": ""exploration"", ""position_x"": -6.559083, ""position_y"": 5.30045, ""session_id"": ""773890d6_2026-07-29_10-44-28"", ""actual_value"": 37, ""position_rowID"": 5, ""predicted_value"": 50, ""position_columnID"": 1}"
1794,773890d6_2026-07-29_10-44-28,exploration,2026-07-29 09:22:24.314368+00,"{""trial"": 141, ""language"": ""FR"", ""data_type"": ""exploration"", ""position_x"": -9.182716, ""position_y"": 7.924084, ""session_id"": ""773890d6_2026-07-29_10-44-28"", ""actual_value"": 67, ""position_rowID"": 6, ""predicted_value"": 50, ""position_columnID"": 0}"
1795,773890d6_2026-07-29_10-44-28,exploration,2026-07-29 09:22:24.314368+00,"{""trial"": 142, ""language"": ""FR"", ""data_type"": ""exploration"", ""position_x"": -6.559083, ""position_y"": 7.924084, ""session_id"": ""773890d6_2026-07-29_10-44-28"", ""actual_value"": 49, ""position_rowID"": 6, ""predicted_value"": 50, ""position_columnID"": 1}"
1796,773890d6_2026-07-29_10-44-28,exploration,2026-07-29 09:22:24.314368+00,"{""trial"": 143, ""language"": ""FR"", ""data_type"": ""exploration"", ""position_x"": -9.182716, ""position_y"": 5.30045, ""session_id"": ""773890d6_2026-07-29_10-44-28"", ""actual_value"": 61, ""position_rowID"": 5, ""predicted_value"": 50, ""position_columnID"": 0}"
1797,773890d6_2026-07-29_10-44-28,exploration,2026-07-29 09:22:24.314368+00,"{""trial"": 144, ""language"": ""FR"", ""data_type"": ""exploration"", ""position_x"": -6.559083, ""position_y"": 5.30045, ""session_id"": ""773890d6_2026-07-29_10-44-28"", ""actual_value"": 41, ""position_rowID"": 5, ""predicted_value"": 50, ""position_columnID"": 1}"
1798,773890d6_2026-07-29_10-44-28,exploration,2026-07-29 09:22:24.314368+00,"{""trial"": 145, ""language"": ""FR"", ""data_type"": ""exploration"", ""position_x"": -3.93545, ""position_y"": 5.30045, ""session_id"": ""773890d6_2026-07-29_10-44-28"", ""actual_value"": 10, ""position_rowID"": 5, ""predicted_value"": 50, ""position_columnID"": 2}"
1799,773890d6_2026-07-29_10-44-28,exploration,2026-07-29 09:22:24.314368+00,"{""trial"": 146, ""language"": ""FR"", ""data_type"": ""exploration"", ""position_x"": -3.93545, ""position_y"": 2.676817, ""session_id"": ""773890d6_2026-07-29_10-44-28"", ""actual_value"": 7, ""position_rowID"": 4, ""predicted_value"": 50, ""position_columnID"": 2}"
1800,773890d6_2026-07-29_10-44-28,exploration,2026-07-29 09:22:24.314368+00,"{""trial"": 147, ""language"": ""FR"", ""data_type"": ""exploration"", ""position_x"": -1.311816, ""position_y"": 0.05318356, ""session_id"": ""773890d6_2026-07-29_10-44-28"", ""actual_value"": 18, ""position_rowID"": 3, ""predicted_value"": 50, ""position_columnID"": 3}"
1801,773890d6_2026-07-29_10-44-28,exploration,2026-07-29 09:22:24.314368+00,"{""trial"": 148, ""language"": ""FR"", ""data_type"": ""exploration"", ""position_x"": -3.93545, ""position_y"": 0.05318356, ""session_id"": ""773890d6_2026-07-29_10-44-28"", ""actual_value"": 16, ""position_rowID"": 3, ""predicted_value"": 50, ""position_columnID"": 2}"
1802,773890d6_2026-07-29_10-44-28,exploration,2026-07-29 09:22:24.314368+00,"{""trial"": 149, ""language"": ""FR"", ""data_type"": ""exploration"", ""position_x"": -3.93545, ""position_y"": -2.57045, ""session_id"": ""773890d6_2026-07-29_10-44-28"", ""actual_value"": 54, ""position_rowID"": 2, ""predicted_value"": 50, ""position_columnID"": 2}"
1803,773890d6_2026-07-29_10-44-28,exploration,2026-07-29 09:22:24.314368+00,"{""trial"": 150, ""language"": ""FR"", ""data_type"": ""exploration"", ""position_x"": -6.559083, ""position_y"": 0.05318356, ""session_id"": ""773890d6_2026-07-29_10-44-28"", ""actual_value"": 33, ""position_rowID"": 3, ""predicted_value"": 50, ""position_columnID"": 1}"
1804,773890d6_2026-07-29_10-44-28,exploration,2026-07-29 09:22:24.314368+00,"{""trial"": 151, ""language"": ""FR"", ""data_type"": ""exploration"", ""position_x"": -1.311816, ""position_y"": 2.676817, ""session_id"": ""773890d6_2026-07-29_10-44-28"", ""actual_value"": 20, ""position_rowID"": 4, ""predicted_value"": 50, ""position_columnID"": 3}"
1805,773890d6_2026-07-29_10-44-28,exploration,2026-07-29 09:22:24.314368+00,"{""trial"": 152, ""language"": ""FR"", ""data_type"": ""exploration"", ""position_x"": -1.311816, ""position_y"": 5.30045, ""session_id"": ""773890d6_2026-07-29_10-44-28"", ""actual_value"": 6, ""position_rowID"": 5, ""predicted_value"": 50, ""position_columnID"": 3}"
1806,773890d6_2026-07-29_10-44-28,exploration,2026-07-29 09:22:24.314368+00,"{""trial"": 153, ""language"": ""FR"", ""data_type"": ""exploration"", ""position_x"": 1.311817, ""position_y"": 2.676817, ""session_id"": ""773890d6_2026-07-29_10-44-28"", ""actual_value"": 33, ""position_rowID"": 4, ""predicted_value"": 50, ""position_columnID"": 4}"
1807,773890d6_2026-07-29_10-44-28,exploration,2026-07-29 09:22:24.314368+00,"{""trial"": 154, ""language"": ""FR"", ""data_type"": ""exploration"", ""position_x"": 1.311817, ""position_y"": 5.30045, ""session_id"": ""773890d6_2026-07-29_10-44-28"", ""actual_value"": 25, ""position_rowID"": 5, ""predicted_value"": 50, ""position_columnID"": 4}"
1808,773890d6_2026-07-29_10-44-28,exploration,2026-07-29 09:22:24.314368+00,"{""trial"": 155, ""language"": ""FR"", ""data_type"": ""exploration"", ""position_x"": 3.935451, ""position_y"": 0.05318356, ""session_id"": ""773890d6_2026-07-29_10-44-28"", ""actual_value"": 41, ""position_rowID"": 3, ""predicted_value"": 50, ""position_columnID"": 5}"
1809,773890d6_2026-07-29_10-44-28,exploration,2026-07-29 09:22:24.314368+00,"{""trial"": 156, ""language"": ""FR"", ""data_type"": ""exploration"", ""position_x"": 1.311817, ""position_y"": -2.57045, ""session_id"": ""773890d6_2026-07-29_10-44-28"", ""actual_value"": 33, ""position_rowID"": 2, ""predicted_value"": 50, ""position_columnID"": 4}"
1810,773890d6_2026-07-29_10-44-28,exploration,2026-07-29 09:22:24.314368+00,"{""trial"": 157, ""language"": ""FR"", ""data_type"": ""exploration"", ""position_x"": -3.93545, ""position_y"": -2.57045, ""session_id"": ""773890d6_2026-07-29_10-44-28"", ""actual_value"": 47, ""position_rowID"": 2, ""predicted_value"": 50, ""position_columnID"": 2}"
1811,773890d6_2026-07-29_10-44-28,exploration,2026-07-29 09:22:24.314368+00,"{""trial"": 158, ""language"": ""FR"", ""data_type"": ""exploration"", ""position_x"": -6.559083, ""position_y"": 0.05318356, ""session_id"": ""773890d6_2026-07-29_10-44-28"", ""actual_value"": 27, ""position_rowID"": 3, ""predicted_value"": 50, ""position_columnID"": 1}"
1812,773890d6_2026-07-29_10-44-28,exploration,2026-07-29 09:22:24.314368+00,"{""trial"": 159, ""language"": ""FR"", ""data_type"": ""exploration"", ""position_x"": 3.935451, ""position_y"": 0.05318356, ""session_id"": ""773890d6_2026-07-29_10-44-28"", ""actual_value"": 40, ""position_rowID"": 3, ""predicted_value"": 50, ""position_columnID"": 5}"
1813,773890d6_2026-07-29_10-44-28,exploration,2026-07-29 09:22:24.314368+00,"{""trial"": 160, ""language"": ""FR"", ""data_type"": ""exploration"", ""position_x"": 3.935451, ""position_y"": 5.30045, ""session_id"": ""773890d6_2026-07-29_10-44-28"", ""actual_value"": 52, ""position_rowID"": 5, ""predicted_value"": 50, ""position_columnID"": 5}"
1814,773890d6_2026-07-29_10-44-28,exploration,2026-07-29 09:22:24.314368+00,"{""trial"": 161, ""language"": ""FR"", ""data_type"": ""exploration"", ""position_x"": 6.559084, ""position_y"": 2.676817, ""session_id"": ""773890d6_2026-07-29_10-44-28"", ""actual_value"": 56, ""position_rowID"": 4, ""predicted_value"": 50, ""position_columnID"": 6}"
1815,773890d6_2026-07-29_10-44-28,exploration,2026-07-29 09:22:24.314368+00,"{""trial"": 162, ""language"": ""FR"", ""data_type"": ""exploration"", ""position_x"": 6.559084, ""position_y"": 0.05318356, ""session_id"": ""773890d6_2026-07-29_10-44-28"", ""actual_value"": 37, ""position_rowID"": 3, ""predicted_value"": 50, ""position_columnID"": 6}"
1816,773890d6_2026-07-29_10-44-28,exploration,2026-07-29 09:22:24.314368+00,"{""trial"": 163, ""language"": ""FR"", ""data_type"": ""exploration"", ""position_x"": 6.559084, ""position_y"": -5.194083, ""session_id"": ""773890d6_2026-07-29_10-44-28"", ""actual_value"": 18, ""position_rowID"": 1, ""predicted_value"": 50, ""position_columnID"": 6}"
1817,773890d6_2026-07-29_10-44-28,exploration,2026-07-29 09:22:24.314368+00,"{""trial"": 164, ""language"": ""FR"", ""data_type"": ""exploration"", ""position_x"": 6.559084, ""position_y"": -7.817717, ""session_id"": ""773890d6_2026-07-29_10-44-28"", ""actual_value"": 36, ""position_rowID"": 0, ""predicted_value"": 50, ""position_columnID"": 6}"
1818,773890d6_2026-07-29_10-44-28,exploration,2026-07-29 09:22:24.314368+00,"{""trial"": 165, ""language"": ""FR"", ""data_type"": ""exploration"", ""position_x"": -6.559083, ""position_y"": -7.817717, ""session_id"": ""773890d6_2026-07-29_10-44-28"", ""actual_value"": 82, ""position_rowID"": 0, ""predicted_value"": 50, ""position_columnID"": 1}"
1819,773890d6_2026-07-29_10-44-28,exploration,2026-07-29 09:22:24.314368+00,"{""trial"": 166, ""language"": ""FR"", ""data_type"": ""exploration"", ""position_x"": 3.935451, ""position_y"": 0.05318356, ""session_id"": ""773890d6_2026-07-29_10-44-28"", ""actual_value"": 40, ""position_rowID"": 3, ""predicted_value"": 50, ""position_columnID"": 5}"
1820,773890d6_2026-07-29_10-44-28,exploration,2026-07-29 09:22:24.314368+00,"{""trial"": 167, ""language"": ""FR"", ""data_type"": ""exploration"", ""position_x"": -9.182716, ""position_y"": -2.57045, ""session_id"": ""773890d6_2026-07-29_10-44-28"", ""actual_value"": 66, ""position_rowID"": 2, ""predicted_value"": 50, ""position_columnID"": 0}"
1821,773890d6_2026-07-29_10-44-28,exploration,2026-07-29 09:22:24.314368+00,"{""trial"": 168, ""language"": ""FR"", ""data_type"": ""exploration"", ""position_x"": -1.311816, ""position_y"": 0.05318356, ""session_id"": ""773890d6_2026-07-29_10-44-28"", ""actual_value"": 23, ""position_rowID"": 3, ""predicted_value"": 50, ""position_columnID"": 3}"
1822,773890d6_2026-07-29_10-44-28,exploration,2026-07-29 09:22:24.314368+00,"{""trial"": 169, ""language"": ""FR"", ""data_type"": ""exploration"", ""position_x"": 3.935451, ""position_y"": 2.676817, ""session_id"": ""773890d6_2026-07-29_10-44-28"", ""actual_value"": 47, ""position_rowID"": 4, ""predicted_value"": 50, ""position_columnID"": 5}"
1823,773890d6_2026-07-29_10-44-28,exploration,2026-07-29 09:22:24.314368+00,"{""trial"": 170, ""language"": ""FR"", ""data_type"": ""exploration"", ""position_x"": 1.311817, ""position_y"": 2.676817, ""session_id"": ""773890d6_2026-07-29_10-44-28"", ""actual_value"": 31, ""position_rowID"": 4, ""predicted_value"": 50, ""position_columnID"": 4}"
1824,773890d6_2026-07-29_10-44-28,exploration,2026-07-29 09:22:24.314368+00,"{""trial"": 171, ""language"": ""FR"", ""data_type"": ""exploration"", ""position_x"": 1.311817, ""position_y"": 0.05318356, ""session_id"": ""773890d6_2026-07-29_10-44-28"", ""actual_value"": 34, ""position_rowID"": 3, ""predicted_value"": 50, ""position_columnID"": 4}"
1825,773890d6_2026-07-29_10-44-28,exploration,2026-07-29 09:22:24.314368+00,"{""trial"": 172, ""language"": ""FR"", ""data_type"": ""exploration"", ""position_x"": -1.311816, ""position_y"": 0.05318356, ""session_id"": ""773890d6_2026-07-29_10-44-28"", ""actual_value"": 20, ""position_rowID"": 3, ""predicted_value"": 50, ""position_columnID"": 3}"
1826,773890d6_2026-07-29_10-44-28,exploration,2026-07-29 09:22:24.314368+00,"{""trial"": 173, ""language"": ""FR"", ""data_type"": ""exploration"", ""position_x"": -3.93545, ""position_y"": 0.05318356, ""session_id"": ""773890d6_2026-07-29_10-44-28"", ""actual_value"": 9, ""position_rowID"": 3, ""predicted_value"": 50, ""position_columnID"": 2}"
1827,773890d6_2026-07-29_10-44-28,exploration,2026-07-29 09:22:24.314368+00,"{""trial"": 174, ""language"": ""FR"", ""data_type"": ""exploration"", ""position_x"": -1.311816, ""position_y"": -2.57045, ""session_id"": ""773890d6_2026-07-29_10-44-28"", ""actual_value"": 44, ""position_rowID"": 2, ""predicted_value"": 50, ""position_columnID"": 3}"
1828,773890d6_2026-07-29_10-44-28,exploration,2026-07-29 09:22:24.314368+00,"{""trial"": 175, ""language"": ""FR"", ""data_type"": ""exploration"", ""position_x"": -1.311816, ""position_y"": -5.194083, ""session_id"": ""773890d6_2026-07-29_10-44-28"", ""actual_value"": 48, ""position_rowID"": 1, ""predicted_value"": 50, ""position_columnID"": 3}"
1829,773890d6_2026-07-29_10-44-28,exploration,2026-07-29 09:22:24.314368+00,"{""trial"": 176, ""language"": ""FR"", ""data_type"": ""exploration"", ""position_x"": -3.93545, ""position_y"": -5.194083, ""session_id"": ""773890d6_2026-07-29_10-44-28"", ""actual_value"": 79, ""position_rowID"": 1, ""predicted_value"": 50, ""position_columnID"": 2}"
1830,773890d6_2026-07-29_10-44-28,exploration,2026-07-29 09:22:24.314368+00,"{""trial"": 177, ""language"": ""FR"", ""data_type"": ""exploration"", ""position_x"": -6.559083, ""position_y"": -5.194083, ""session_id"": ""773890d6_2026-07-29_10-44-28"", ""actual_value"": 97, ""position_rowID"": 1, ""predicted_value"": 50, ""position_columnID"": 1}"
1831,773890d6_2026-07-29_10-44-28,exploration,2026-07-29 09:22:24.314368+00,"{""trial"": 178, ""language"": ""FR"", ""data_type"": ""exploration"", ""position_x"": -9.182716, ""position_y"": -5.194083, ""session_id"": ""773890d6_2026-07-29_10-44-28"", ""actual_value"": 86, ""position_rowID"": 1, ""predicted_value"": 50, ""position_columnID"": 0}"
1832,773890d6_2026-07-29_10-44-28,exploration,2026-07-29 09:22:24.314368+00,"{""trial"": 179, ""language"": ""FR"", ""data_type"": ""exploration"", ""position_x"": -6.559083, ""position_y"": -5.194083, ""session_id"": ""773890d6_2026-07-29_10-44-28"", ""actual_value"": 100, ""position_rowID"": 1, ""predicted_value"": 50, ""position_columnID"": 1}"
1833,773890d6_2026-07-29_10-44-28,exploration,2026-07-29 09:22:24.314368+00,"{""trial"": 180, ""language"": ""FR"", ""data_type"": ""exploration"", ""position_x"": -6.559083, ""position_y"": -5.194083, ""session_id"": ""773890d6_2026-07-29_10-44-28"", ""actual_value"": 95, ""position_rowID"": 1, ""predicted_value"": 50, ""position_columnID"": 1}"
1834,773890d6_2026-07-29_10-44-28,exploration,2026-07-29 09:22:24.314368+00,"{""trial"": 181, ""language"": ""FR"", ""data_type"": ""exploration"", ""position_x"": -6.559083, ""position_y"": -7.817717, ""session_id"": ""773890d6_2026-07-29_10-44-28"", ""actual_value"": 79, ""position_rowID"": 0, ""predicted_value"": 50, ""position_columnID"": 1}"
1835,773890d6_2026-07-29_10-44-28,exploration,2026-07-29 09:22:24.314368+00,"{""trial"": 182, ""language"": ""FR"", ""data_type"": ""exploration"", ""position_x"": -9.182716, ""position_y"": -7.817717, ""session_id"": ""773890d6_2026-07-29_10-44-28"", ""actual_value"": 75, ""position_rowID"": 0, ""predicted_value"": 50, ""position_columnID"": 0}"
1836,773890d6_2026-07-29_10-44-28,exploration,2026-07-29 09:22:24.314368+00,"{""trial"": 183, ""language"": ""FR"", ""data_type"": ""exploration"", ""position_x"": -3.93545, ""position_y"": -2.57045, ""session_id"": ""773890d6_2026-07-29_10-44-28"", ""actual_value"": 47, ""position_rowID"": 2, ""predicted_value"": 50, ""position_columnID"": 2}"
1837,773890d6_2026-07-29_10-44-28,exploration,2026-07-29 09:22:24.314368+00,"{""trial"": 184, ""language"": ""FR"", ""data_type"": ""exploration"", ""position_x"": -6.559083, ""position_y"": -2.57045, ""session_id"": ""773890d6_2026-07-29_10-44-28"", ""actual_value"": 67, ""position_rowID"": 2, ""predicted_value"": 50, ""position_columnID"": 1}"
1838,773890d6_2026-07-29_10-44-28,exploration,2026-07-29 09:22:24.314368+00,"{""trial"": 185, ""language"": ""FR"", ""data_type"": ""exploration"", ""position_x"": -3.93545, ""position_y"": -5.194083, ""session_id"": ""773890d6_2026-07-29_10-44-28"", ""actual_value"": 80, ""position_rowID"": 1, ""predicted_value"": 50, ""position_columnID"": 2}"
1839,773890d6_2026-07-29_10-44-28,exploration,2026-07-29 09:22:24.314368+00,"{""trial"": 186, ""language"": ""FR"", ""data_type"": ""exploration"", ""position_x"": -6.559083, ""position_y"": -5.194083, ""session_id"": ""773890d6_2026-07-29_10-44-28"", ""actual_value"": 100, ""position_rowID"": 1, ""predicted_value"": 50, ""position_columnID"": 1}"
1840,773890d6_2026-07-29_10-44-28,exploration,2026-07-29 09:22:24.314368+00,"{""trial"": 187, ""language"": ""FR"", ""data_type"": ""exploration"", ""position_x"": -1.311816, ""position_y"": -5.194083, ""session_id"": ""773890d6_2026-07-29_10-44-28"", ""actual_value"": 49, ""position_rowID"": 1, ""predicted_value"": 50, ""position_columnID"": 3}"
1841,773890d6_2026-07-29_10-44-28,exploration,2026-07-29 09:22:24.314368+00,"{""trial"": 188, ""language"": ""FR"", ""data_type"": ""exploration"", ""position_x"": -1.311816, ""position_y"": -7.817717, ""session_id"": ""773890d6_2026-07-29_10-44-28"", ""actual_value"": 37, ""position_rowID"": 0, ""predicted_value"": 50, ""position_columnID"": 3}"
1842,773890d6_2026-07-29_10-44-28,exploration,2026-07-29 09:22:24.314368+00,"{""trial"": 189, ""language"": ""FR"", ""data_type"": ""exploration"", ""position_x"": -1.311816, ""position_y"": -2.57045, ""session_id"": ""773890d6_2026-07-29_10-44-28"", ""actual_value"": 30, ""position_rowID"": 2, ""predicted_value"": 50, ""position_columnID"": 3}"
1843,773890d6_2026-07-29_10-44-28,exploration,2026-07-29 09:22:24.314368+00,"{""trial"": 190, ""language"": ""FR"", ""data_type"": ""exploration"", ""position_x"": -1.311816, ""position_y"": 0.05318356, ""session_id"": ""773890d6_2026-07-29_10-44-28"", ""actual_value"": 21, ""position_rowID"": 3, ""predicted_value"": 50, ""position_columnID"": 3}"
1844,773890d6_2026-07-29_10-44-28,exploration,2026-07-29 09:22:24.314368+00,"{""trial"": 191, ""language"": ""FR"", ""data_type"": ""exploration"", ""position_x"": -1.311816, ""position_y"": 2.676817, ""session_id"": ""773890d6_2026-07-29_10-44-28"", ""actual_value"": 15, ""position_rowID"": 4, ""predicted_value"": 50, ""position_columnID"": 3}"
1845,773890d6_2026-07-29_10-44-28,exploration,2026-07-29 09:22:24.314368+00,"{""trial"": 192, ""language"": ""FR"", ""data_type"": ""exploration"", ""position_x"": -3.93545, ""position_y"": 5.30045, ""session_id"": ""773890d6_2026-07-29_10-44-28"", ""actual_value"": 11, ""position_rowID"": 5, ""predicted_value"": 50, ""position_columnID"": 2}"
1846,773890d6_2026-07-29_10-44-28,exploration,2026-07-29 09:22:24.314368+00,"{""trial"": 193, ""language"": ""FR"", ""data_type"": ""exploration"", ""position_x"": 1.311817, ""position_y"": 5.30045, ""session_id"": ""773890d6_2026-07-29_10-44-28"", ""actual_value"": 30, ""position_rowID"": 5, ""predicted_value"": 50, ""position_columnID"": 4}"
1847,773890d6_2026-07-29_10-44-28,exploration,2026-07-29 09:22:24.314368+00,"{""trial"": 194, ""language"": ""FR"", ""data_type"": ""exploration"", ""position_x"": 3.935451, ""position_y"": 7.924084, ""session_id"": ""773890d6_2026-07-29_10-44-28"", ""actual_value"": 56, ""position_rowID"": 6, ""predicted_value"": 50, ""position_columnID"": 5}"
1848,773890d6_2026-07-29_10-44-28,exploration,2026-07-29 09:22:24.314368+00,"{""trial"": 195, ""language"": ""FR"", ""data_type"": ""exploration"", ""position_x"": 6.559084, ""position_y"": 7.924084, ""session_id"": ""773890d6_2026-07-29_10-44-28"", ""actual_value"": 83, ""position_rowID"": 6, ""predicted_value"": 50, ""position_columnID"": 6}"
1849,773890d6_2026-07-29_10-44-28,exploration,2026-07-29 09:22:24.314368+00,"{""trial"": 196, ""language"": ""FR"", ""data_type"": ""exploration"", ""position_x"": 6.559084, ""position_y"": -5.194083, ""session_id"": ""773890d6_2026-07-29_10-44-28"", ""actual_value"": 19, ""position_rowID"": 1, ""predicted_value"": 50, ""position_columnID"": 6}"
1850,773890d6_2026-07-29_10-44-28,exploration,2026-07-29 09:22:24.314368+00,"{""trial"": 197, ""language"": ""FR"", ""data_type"": ""exploration"", ""position_x"": 6.559084, ""position_y"": -7.817717, ""session_id"": ""773890d6_2026-07-29_10-44-28"", ""actual_value"": 34, ""position_rowID"": 0, ""predicted_value"": 50, ""position_columnID"": 6}"
1851,773890d6_2026-07-29_10-44-28,exploration,2026-07-29 09:22:24.314368+00,"{""trial"": 198, ""language"": ""FR"", ""data_type"": ""exploration"", ""position_x"": -6.559083, ""position_y"": 5.30045, ""session_id"": ""773890d6_2026-07-29_10-44-28"", ""actual_value"": 37, ""position_rowID"": 5, ""predicted_value"": 50, ""position_columnID"": 1}"
1852,773890d6_2026-07-29_10-44-28,exploration,2026-07-29 09:22:24.314368+00,"{""trial"": 199, ""language"": ""FR"", ""data_type"": ""exploration"", ""position_x"": -3.93545, ""position_y"": 2.676817, ""session_id"": ""773890d6_2026-07-29_10-44-28"", ""actual_value"": 5, ""position_rowID"": 4, ""predicted_value"": 50, ""position_columnID"": 2}"
1853,773890d6_2026-07-29_10-44-28,questionnaire,2026-07-29 09:23:13.023406+00,"{""language"": ""FR"", ""question"": ""frustré / frustrée"", ""response"": ""modéré"", ""data_type"": ""questionnaire"", ""session_id"": ""773890d6_2026-07-29_10-44-28"", ""questionnaire_id"": ""EES""}"
1854,773890d6_2026-07-29_10-44-28,questionnaire,2026-07-29 09:23:13.023406+00,"{""language"": ""FR"", ""question"": ""excité / excitée"", ""response"": ""un tout petit peu"", ""data_type"": ""questionnaire"", ""session_id"": ""773890d6_2026-07-29_10-44-28"", ""questionnaire_id"": ""EES""}"
1855,773890d6_2026-07-29_10-44-28,questionnaire,2026-07-29 09:23:13.023406+00,"{""language"": ""FR"", ""question"": ""ennuyé / ennuyée"", ""response"": ""fort"", ""data_type"": ""questionnaire"", ""session_id"": ""773890d6_2026-07-29_10-44-28"", ""questionnaire_id"": ""EES""}"
1856,773890d6_2026-07-29_10-44-28,questionnaire,2026-07-29 09:23:13.023406+00,"{""language"": ""FR"", ""question"": ""anxieux / anxieuse"", ""response"": ""pas du tout"", ""data_type"": ""questionnaire"", ""session_id"": ""773890d6_2026-07-29_10-44-28"", ""questionnaire_id"": ""EES""}"
1857,773890d6_2026-07-29_10-44-28,questionnaire,2026-07-29 09:23:13.023406+00,"{""language"": ""FR"", ""question"": ""curieux / curieuse"", ""response"": ""fort"", ""data_type"": ""questionnaire"", ""session_id"": ""773890d6_2026-07-29_10-44-28"", ""questionnaire_id"": ""EES""}"
1858,773890d6_2026-07-29_10-44-28,questionnaire,2026-07-29 09:23:13.023406+00,"{""language"": ""FR"", ""question"": ""confus / confuse"", ""response"": ""modéré"", ""data_type"": ""questionnaire"", ""session_id"": ""773890d6_2026-07-29_10-44-28"", ""questionnaire_id"": ""EES""}"
1859,773890d6_2026-07-29_10-44-28,questionnaire,2026-07-29 09:23:13.023406+00,"{""language"": ""FR"", ""question"": ""surpris / surprise"", ""response"": ""un tout petit peu"", ""data_type"": ""questionnaire"", ""session_id"": ""773890d6_2026-07-29_10-44-28"", ""questionnaire_id"": ""EES""}"
1860,773890d6_2026-07-29_10-44-28,questionnaire,2026-07-29 09:24:36.703581+00,"{""language"": ""FR"", ""question"": ""Parce que je crois que cette activité est importante pour moi"", ""response"": ""plutôt"", ""data_type"": ""questionnaire"", ""session_id"": ""773890d6_2026-07-29_10-44-28"", ""questionnaire_id"": ""SIMS""}"
1861,773890d6_2026-07-29_10-44-28,questionnaire,2026-07-29 09:24:36.703581+00,"{""language"": ""FR"", ""question"": ""Parce que cette activité est amusante"", ""response"": ""modérément"", ""data_type"": ""questionnaire"", ""session_id"": ""773890d6_2026-07-29_10-44-28"", ""questionnaire_id"": ""SIMS""}"
1862,773890d6_2026-07-29_10-44-28,questionnaire,2026-07-29 09:24:36.703581+00,"{""language"": ""FR"", ""question"": ""Je pratique cette activité, mais je ne suis pas sûr que cela en vaille la peine"", ""response"": ""pas du tout"", ""data_type"": ""questionnaire"", ""session_id"": ""773890d6_2026-07-29_10-44-28"", ""questionnaire_id"": ""SIMS""}"
1863,773890d6_2026-07-29_10-44-28,questionnaire,2026-07-29 09:24:36.703581+00,"{""language"": ""FR"", ""question"": ""Parce que c’est quelque chose que je dois faire"", ""response"": ""un tout petit peu"", ""data_type"": ""questionnaire"", ""session_id"": ""773890d6_2026-07-29_10-44-28"", ""questionnaire_id"": ""SIMS""}"
1864,773890d6_2026-07-29_10-44-28,questionnaire,2026-07-29 09:24:36.703581+00,"{""language"": ""FR"", ""question"": ""Parce que je n’ai pas le choix"", ""response"": ""pas du tout"", ""data_type"": ""questionnaire"", ""session_id"": ""773890d6_2026-07-29_10-44-28"", ""questionnaire_id"": ""SIMS""}"
1865,773890d6_2026-07-29_10-44-28,questionnaire,2026-07-29 09:24:36.703581+00,"{""language"": ""FR"", ""question"": ""Parce que je le fais pour mon propre bien"", ""response"": ""plutôt"", ""data_type"": ""questionnaire"", ""session_id"": ""773890d6_2026-07-29_10-44-28"", ""questionnaire_id"": ""SIMS""}"
1866,773890d6_2026-07-29_10-44-28,questionnaire,2026-07-29 09:24:36.703581+00,"{""language"": ""FR"", ""question"": ""Il y a peut-être de bonnes raisons de faire cette activité, mais personnellement, je n’en vois aucune"", ""response"": ""pas du tout"", ""data_type"": ""questionnaire"", ""session_id"": ""773890d6_2026-07-29_10-44-28"", ""questionnaire_id"": ""SIMS""}"
1867,773890d6_2026-07-29_10-44-28,questionnaire,2026-07-29 09:24:36.703581+00,"{""language"": ""FR"", ""question"": ""Je ne sais pas ; je ne vois pas ce que cette activité m’apporte"", ""response"": ""pas du tout"", ""data_type"": ""questionnaire"", ""session_id"": ""773890d6_2026-07-29_10-44-28"", ""questionnaire_id"": ""SIMS""}"
1868,773890d6_2026-07-29_10-44-28,questionnaire,2026-07-29 09:24:36.703581+00,"{""language"": ""FR"", ""question"": ""Parce que je pense que cette activité est bonne pour moi"", ""response"": ""plutôt"", ""data_type"": ""questionnaire"", ""session_id"": ""773890d6_2026-07-29_10-44-28"", ""questionnaire_id"": ""SIMS""}"
1869,773890d6_2026-07-29_10-44-28,questionnaire,2026-07-29 09:24:36.703581+00,"{""language"": ""FR"", ""question"": ""Parce que je sens que je dois le faire"", ""response"": ""un tout petit peu"", ""data_type"": ""questionnaire"", ""session_id"": ""773890d6_2026-07-29_10-44-28"", ""questionnaire_id"": ""SIMS""}"
1870,773890d6_2026-07-29_10-44-28,questionnaire,2026-07-29 09:24:36.703581+00,"{""language"": ""FR"", ""question"": ""Parce que je suis censé le faire"", ""response"": ""un tout petit peu"", ""data_type"": ""questionnaire"", ""session_id"": ""773890d6_2026-07-29_10-44-28"", ""questionnaire_id"": ""SIMS""}"
1871,773890d6_2026-07-29_10-44-28,questionnaire,2026-07-29 09:24:36.703581+00,"{""language"": ""FR"", ""question"": ""Je pratique cette activité, mais je ne suis pas sûr que ce soit une bonne chose de la poursuivre"", ""response"": ""pas du tout"", ""data_type"": ""questionnaire"", ""session_id"": ""773890d6_2026-07-29_10-44-28"", ""questionnaire_id"": ""SIMS""}"
1872,773890d6_2026-07-29_10-44-28,questionnaire,2026-07-29 09:24:36.703581+00,"{""language"": ""FR"", ""question"": ""Parce que je me sens bien quand je pratique cette activité"", ""response"": ""un tout petit peu"", ""data_type"": ""questionnaire"", ""session_id"": ""773890d6_2026-07-29_10-44-28"", ""questionnaire_id"": ""SIMS""}"
1873,773890d6_2026-07-29_10-44-28,questionnaire,2026-07-29 09:24:36.703581+00,"{""language"": ""FR"", ""question"": ""Par choix personnel"", ""response"": ""plutôt"", ""data_type"": ""questionnaire"", ""session_id"": ""773890d6_2026-07-29_10-44-28"", ""questionnaire_id"": ""SIMS""}"
1874,773890d6_2026-07-29_10-44-28,questionnaire,2026-07-29 09:24:36.703581+00,"{""language"": ""FR"", ""question"": ""Parce que je trouve cette activité agréable"", ""response"": ""un tout petit peu"", ""data_type"": ""questionnaire"", ""session_id"": ""773890d6_2026-07-29_10-44-28"", ""questionnaire_id"": ""SIMS""}"
1876,773890d6_2026-07-29_10-44-28,questionnaire,2026-07-29 09:26:17.737698+00,"{""language"": ""FR"", ""question"": ""Ce que je fais relève uniquement de mon libre arbitre"", ""response"": ""partiellement en désaccord"", ""data_type"": ""questionnaire"", ""session_id"": ""773890d6_2026-07-29_10-44-28"", ""questionnaire_id"": ""SoAS""}"
1877,773890d6_2026-07-29_10-44-28,questionnaire,2026-07-29 09:26:17.737698+00,"{""language"": ""FR"", ""question"": ""Mes actions se produisent simplement, sans que je le veuille"", ""response"": ""en désaccord"", ""data_type"": ""questionnaire"", ""session_id"": ""773890d6_2026-07-29_10-44-28"", ""questionnaire_id"": ""SoAS""}"
1878,773890d6_2026-07-29_10-44-28,questionnaire,2026-07-29 09:26:17.737698+00,"{""language"": ""FR"", ""question"": ""Je ne suis qu'un instrument entre les mains de quelqu'un ou de quelque chose d'autre"", ""response"": ""en désaccord"", ""data_type"": ""questionnaire"", ""session_id"": ""773890d6_2026-07-29_10-44-28"", ""questionnaire_id"": ""SoAS""}"
1879,773890d6_2026-07-29_10-44-28,questionnaire,2026-07-29 09:26:17.737698+00,"{""language"": ""FR"", ""question"": ""Rien de ce que je fais n’est en réalité volontaire"", ""response"": ""en désaccord"", ""data_type"": ""questionnaire"", ""session_id"": ""773890d6_2026-07-29_10-44-28"", ""questionnaire_id"": ""SoAS""}"
1880,773890d6_2026-07-29_10-44-28,questionnaire,2026-07-29 09:26:17.737698+00,"{""language"": ""FR"", ""question"": ""C’est à moi qu’il revient de décider si et quand j’agis"", ""response"": ""partiellement d'accord"", ""data_type"": ""questionnaire"", ""session_id"": ""773890d6_2026-07-29_10-44-28"", ""questionnaire_id"": ""SoAS""}"
1881,773890d6_2026-07-29_10-44-28,questionnaire,2026-07-29 09:26:17.737698+00,"{""language"": ""FR"", ""question"": ""Je suis entièrement responsable de tout ce qui résulte de mes actes"", ""response"": ""partiellement d'accord"", ""data_type"": ""questionnaire"", ""session_id"": ""773890d6_2026-07-29_10-44-28"", ""questionnaire_id"": ""SoAS""}"
1882,773890d6_2026-07-29_10-44-28,questionnaire,2026-07-29 09:26:17.737698+00,"{""language"": ""FR"", ""question"": ""Je suis en plein contrôle ce que je fais"", ""response"": ""neutre"", ""data_type"": ""questionnaire"", ""session_id"": ""773890d6_2026-07-29_10-44-28"", ""questionnaire_id"": ""SoAS""}"
1883,773890d6_2026-07-29_10-44-28,questionnaire,2026-07-29 09:26:17.737698+00,"{""language"": ""FR"", ""question"": ""Je planifie mon comportement du début à la fin"", ""response"": ""neutre"", ""data_type"": ""questionnaire"", ""session_id"": ""773890d6_2026-07-29_10-44-28"", ""questionnaire_id"": ""SoAS""}"
1884,773890d6_2026-07-29_10-44-28,questionnaire,2026-07-29 09:26:17.737698+00,"{""language"": ""FR"", ""question"": ""Quand j’agis, j’ai l’impression d’être un robot télécommandé"", ""response"": ""fortement en désaccord"", ""data_type"": ""questionnaire"", ""session_id"": ""773890d6_2026-07-29_10-44-28"", ""questionnaire_id"": ""SoAS""}"
1885,773890d6_2026-07-29_10-44-28,questionnaire,2026-07-29 09:26:17.737698+00,"{""language"": ""FR"", ""question"": ""Mes mouvements sont automatiques : mon corps les effectue tout simplement"", ""response"": ""fortement en désaccord"", ""data_type"": ""questionnaire"", ""session_id"": ""773890d6_2026-07-29_10-44-28"", ""questionnaire_id"": ""SoAS""}"
1886,773890d6_2026-07-29_10-44-28,questionnaire,2026-07-29 09:26:17.737698+00,"{""language"": ""FR"", ""question"": ""Les conséquences de mes actes me surprennent généralement"", ""response"": ""fortement en désaccord"", ""data_type"": ""questionnaire"", ""session_id"": ""773890d6_2026-07-29_10-44-28"", ""questionnaire_id"": ""SoAS""}"
1887,773890d6_2026-07-29_10-44-28,questionnaire,2026-07-29 09:45:40.812111+00,"{""language"": ""FR"", ""question"": ""plolin"", ""response"": ""pas du tout familier"", ""data_type"": ""questionnaire"", ""session_id"": ""773890d6_2026-07-29_10-44-28"", ""questionnaire_id"": ""ChildOCQ""}"
1888,773890d6_2026-07-29_10-44-28,questionnaire,2026-07-29 09:45:40.812111+00,"{""language"": ""FR"", ""question"": ""pamplemousse"", ""response"": ""extrêmement familier"", ""data_type"": ""questionnaire"", ""session_id"": ""773890d6_2026-07-29_10-44-28"", ""questionnaire_id"": ""ChildOCQ""}"
1889,773890d6_2026-07-29_10-44-28,questionnaire,2026-07-29 09:45:40.812111+00,"{""language"": ""FR"", ""question"": ""Léon l'Agneau"", ""response"": ""pas du tout familier"", ""data_type"": ""questionnaire"", ""session_id"": ""773890d6_2026-07-29_10-44-28"", ""questionnaire_id"": ""ChildOCQ""}"
1890,773890d6_2026-07-29_10-44-28,questionnaire,2026-07-29 09:45:40.812111+00,"{""language"": ""FR"", ""question"": ""Reine Bernie"", ""response"": ""pas du tout familier"", ""data_type"": ""questionnaire"", ""session_id"": ""773890d6_2026-07-29_10-44-28"", ""questionnaire_id"": ""ChildOCQ""}"
1891,773890d6_2026-07-29_10-44-28,questionnaire,2026-07-29 09:45:40.812111+00,"{""language"": ""FR"", ""question"": ""La Côte d'Or"", ""response"": ""un peu familier"", ""data_type"": ""questionnaire"", ""session_id"": ""773890d6_2026-07-29_10-44-28"", ""questionnaire_id"": ""ChildOCQ""}"
1892,773890d6_2026-07-29_10-44-28,questionnaire,2026-07-29 09:45:40.812111+00,"{""language"": ""FR"", ""question"": ""Supergirl"", ""response"": ""modérément familier"", ""data_type"": ""questionnaire"", ""session_id"": ""773890d6_2026-07-29_10-44-28"", ""questionnaire_id"": ""ChildOCQ""}"
1893,773890d6_2026-07-29_10-44-28,questionnaire,2026-07-29 09:45:40.812111+00,"{""language"": ""FR"", ""question"": ""autruche"", ""response"": ""extrêmement familier"", ""data_type"": ""questionnaire"", ""session_id"": ""773890d6_2026-07-29_10-44-28"", ""questionnaire_id"": ""ChildOCQ""}"
1894,773890d6_2026-07-29_10-44-28,questionnaire,2026-07-29 09:45:40.812111+00,"{""language"": ""FR"", ""question"": ""brocefruit"", ""response"": ""pas du tout familier"", ""data_type"": ""questionnaire"", ""session_id"": ""773890d6_2026-07-29_10-44-28"", ""questionnaire_id"": ""ChildOCQ""}"
1895,773890d6_2026-07-29_10-44-28,questionnaire,2026-07-29 09:45:40.812111+00,"{""language"": ""FR"", ""question"": ""ornithorynque"", ""response"": ""extrêmement familier"", ""data_type"": ""questionnaire"", ""session_id"": ""773890d6_2026-07-29_10-44-28"", ""questionnaire_id"": ""ChildOCQ""}"
1896,773890d6_2026-07-29_10-44-28,questionnaire,2026-07-29 09:45:40.812111+00,"{""language"": ""FR"", ""question"": ""bilbi"", ""response"": ""pas du tout familier"", ""data_type"": ""questionnaire"", ""session_id"": ""773890d6_2026-07-29_10-44-28"", ""questionnaire_id"": ""ChildOCQ""}"
1897,773890d6_2026-07-29_10-44-28,questionnaire,2026-07-29 09:45:40.812111+00,"{""language"": ""FR"", ""question"": ""Springwater falls"", ""response"": ""pas du tout familier"", ""data_type"": ""questionnaire"", ""session_id"": ""773890d6_2026-07-29_10-44-28"", ""questionnaire_id"": ""ChildOCQ""}"
1898,773890d6_2026-07-29_10-44-28,questionnaire,2026-07-29 09:45:40.812111+00,"{""language"": ""FR"", ""question"": ""Disney World"", ""response"": ""modérément familier"", ""data_type"": ""questionnaire"", ""session_id"": ""773890d6_2026-07-29_10-44-28"", ""questionnaire_id"": ""ChildOCQ""}"
1899,773890d6_2026-07-29_10-44-28,questionnaire,2026-07-29 09:45:40.812111+00,"{""language"": ""FR"", ""question"": ""batterie"", ""response"": ""modérément familier"", ""data_type"": ""questionnaire"", ""session_id"": ""773890d6_2026-07-29_10-44-28"", ""questionnaire_id"": ""ChildOCQ""}"
1900,773890d6_2026-07-29_10-44-28,questionnaire,2026-07-29 09:45:40.812111+00,"{""language"": ""FR"", ""question"": ""vlepa"", ""response"": ""pas du tout familier"", ""data_type"": ""questionnaire"", ""session_id"": ""773890d6_2026-07-29_10-44-28"", ""questionnaire_id"": ""ChildOCQ""}"
1901,773890d6_2026-07-29_10-44-28,questionnaire,2026-07-29 09:45:40.812111+00,"{""language"": ""FR"", ""question"": ""kangourou"", ""response"": ""modérément familier"", ""data_type"": ""questionnaire"", ""session_id"": ""773890d6_2026-07-29_10-44-28"", ""questionnaire_id"": ""ChildOCQ""}"
1902,773890d6_2026-07-29_10-44-28,questionnaire,2026-07-29 09:45:40.812111+00,"{""language"": ""FR"", ""question"": ""xylophone"", ""response"": ""extrêmement familier"", ""data_type"": ""questionnaire"", ""session_id"": ""773890d6_2026-07-29_10-44-28"", ""questionnaire_id"": ""ChildOCQ""}"
1903,773890d6_2026-07-29_10-44-28,questionnaire,2026-07-29 09:45:40.812111+00,"{""language"": ""FR"", ""question"": ""osorin"", ""response"": ""pas du tout familier"", ""data_type"": ""questionnaire"", ""session_id"": ""773890d6_2026-07-29_10-44-28"", ""questionnaire_id"": ""ChildOCQ""}"
1904,773890d6_2026-07-29_10-44-28,questionnaire,2026-07-29 09:45:40.812111+00,"{""language"": ""FR"", ""question"": ""chocolat"", ""response"": ""extrêmement familier"", ""data_type"": ""questionnaire"", ""session_id"": ""773890d6_2026-07-29_10-44-28"", ""questionnaire_id"": ""ChildOCQ""}"
1905,773890d6_2026-07-29_10-44-28,questionnaire,2026-07-29 09:45:40.812111+00,"{""language"": ""FR"", ""question"": ""gâteau"", ""response"": ""extrêmement familier"", ""data_type"": ""questionnaire"", ""session_id"": ""773890d6_2026-07-29_10-44-28"", ""questionnaire_id"": ""ChildOCQ""}"
1906,773890d6_2026-07-29_10-44-28,questionnaire,2026-07-29 09:45:40.812111+00,"{""language"": ""FR"", ""question"": ""steobit"", ""response"": ""pas du tout familier"", ""data_type"": ""questionnaire"", ""session_id"": ""773890d6_2026-07-29_10-44-28"", ""questionnaire_id"": ""ChildOCQ""}"
1907,773890d6_2026-07-29_10-44-28,questionnaire,2026-07-29 09:45:40.812111+00,"{""language"": ""FR"", ""question"": ""donbura"", ""response"": ""pas du tout familier"", ""data_type"": ""questionnaire"", ""session_id"": ""773890d6_2026-07-29_10-44-28"", ""questionnaire_id"": ""ChildOCQ""}"
1908,773890d6_2026-07-29_10-44-28,questionnaire,2026-07-29 09:45:40.812111+00,"{""language"": ""FR"", ""question"": ""macaronis au fromage"", ""response"": ""extrêmement familier"", ""data_type"": ""questionnaire"", ""session_id"": ""773890d6_2026-07-29_10-44-28"", ""questionnaire_id"": ""ChildOCQ""}"
1909,773890d6_2026-07-29_10-44-28,questionnaire,2026-07-29 09:45:40.812111+00,"{""language"": ""FR"", ""question"": ""Elsa"", ""response"": ""un peu familier"", ""data_type"": ""questionnaire"", ""session_id"": ""773890d6_2026-07-29_10-44-28"", ""questionnaire_id"": ""ChildOCQ""}"
1910,773890d6_2026-07-29_10-44-28,questionnaire,2026-07-29 09:45:40.812111+00,"{""language"": ""FR"", ""question"": ""Chine"", ""response"": ""modérément familier"", ""data_type"": ""questionnaire"", ""session_id"": ""773890d6_2026-07-29_10-44-28"", ""questionnaire_id"": ""ChildOCQ""}"
1911,773890d6_2026-07-29_10-44-28,questionnaire,2026-07-29 09:45:40.812111+00,"{""language"": ""FR"", ""question"": ""araignée"", ""response"": ""modérément familier"", ""data_type"": ""questionnaire"", ""session_id"": ""773890d6_2026-07-29_10-44-28"", ""questionnaire_id"": ""ChildOCQ""}"
1912,773890d6_2026-07-29_10-44-28,questionnaire,2026-07-29 09:45:40.812111+00,"{""language"": ""FR"", ""question"": ""utocket"", ""response"": ""pas du tout familier"", ""data_type"": ""questionnaire"", ""session_id"": ""773890d6_2026-07-29_10-44-28"", ""questionnaire_id"": ""ChildOCQ""}"
1913,773890d6_2026-07-29_10-44-28,questionnaire,2026-07-29 09:45:40.812111+00,"{""language"": ""FR"", ""question"": ""avocat"", ""response"": ""extrêmement familier"", ""data_type"": ""questionnaire"", ""session_id"": ""773890d6_2026-07-29_10-44-28"", ""questionnaire_id"": ""ChildOCQ""}"
1914,773890d6_2026-07-29_10-44-28,questionnaire,2026-07-29 09:45:40.812111+00,"{""language"": ""FR"", ""question"": ""Paddington"", ""response"": ""assez familier"", ""data_type"": ""questionnaire"", ""session_id"": ""773890d6_2026-07-29_10-44-28"", ""questionnaire_id"": ""ChildOCQ""}"
1915,773890d6_2026-07-29_10-44-28,questionnaire,2026-07-29 09:45:40.812111+00,"{""language"": ""FR"", ""question"": ""clarinette"", ""response"": ""un peu familier"", ""data_type"": ""questionnaire"", ""session_id"": ""773890d6_2026-07-29_10-44-28"", ""questionnaire_id"": ""ChildOCQ""}"
1916,773890d6_2026-07-29_10-44-28,questionnaire,2026-07-29 09:45:40.812111+00,"{""language"": ""FR"", ""question"": ""Grande Barrière de Corail"", ""response"": ""extrêmement familier"", ""data_type"": ""questionnaire"", ""session_id"": ""773890d6_2026-07-29_10-44-28"", ""questionnaire_id"": ""ChildOCQ""}"
1917,773890d6_2026-07-29_10-44-28,questionnaire,2026-07-29 09:45:40.812111+00,"{""language"": ""FR"", ""question"": ""trompette"", ""response"": ""modérément familier"", ""data_type"": ""questionnaire"", ""session_id"": ""773890d6_2026-07-29_10-44-28"", ""questionnaire_id"": ""ChildOCQ""}"
1918,773890d6_2026-07-29_10-44-28,questionnaire,2026-07-29 09:45:40.812111+00,"{""language"": ""FR"", ""question"": ""Buruwang"", ""response"": ""pas du tout familier"", ""data_type"": ""questionnaire"", ""session_id"": ""773890d6_2026-07-29_10-44-28"", ""questionnaire_id"": ""ChildOCQ""}"
1919,773890d6_2026-07-29_10-44-28,questionnaire,2026-07-29 09:45:40.812111+00,"{""language"": ""FR"", ""question"": ""Batman"", ""response"": ""assez familier"", ""data_type"": ""questionnaire"", ""session_id"": ""773890d6_2026-07-29_10-44-28"", ""questionnaire_id"": ""ChildOCQ""}"
1920,773890d6_2026-07-29_10-44-28,questionnaire,2026-07-29 09:45:40.812111+00,"{""language"": ""FR"", ""question"": ""crosoda"", ""response"": ""pas du tout familier"", ""data_type"": ""questionnaire"", ""session_id"": ""773890d6_2026-07-29_10-44-28"", ""questionnaire_id"": ""ChildOCQ""}"
1921,773890d6_2026-07-29_10-44-28,questionnaire,2026-07-29 09:45:40.812111+00,"{""language"": ""FR"", ""question"": ""lapin"", ""response"": ""extrêmement familier"", ""data_type"": ""questionnaire"", ""session_id"": ""773890d6_2026-07-29_10-44-28"", ""questionnaire_id"": ""ChildOCQ""}"
1922,773890d6_2026-07-29_10-44-28,questionnaire,2026-07-29 09:45:40.812111+00,"{""language"": ""FR"", ""question"": ""Werrana"", ""response"": ""pas du tout familier"", ""data_type"": ""questionnaire"", ""session_id"": ""773890d6_2026-07-29_10-44-28"", ""questionnaire_id"": ""ChildOCQ""}"
1923,773890d6_2026-07-29_10-44-28,questionnaire,2026-07-29 09:45:40.812111+00,"{""language"": ""FR"", ""question"": ""pomme"", ""response"": ""extrêmement familier"", ""data_type"": ""questionnaire"", ""session_id"": ""773890d6_2026-07-29_10-44-28"", ""questionnaire_id"": ""ChildOCQ""}"
1924,773890d6_2026-07-29_10-44-28,questionnaire,2026-07-29 09:45:40.812111+00,"{""language"": ""FR"", ""question"": ""Lapins crétins"", ""response"": ""assez familier"", ""data_type"": ""questionnaire"", ""session_id"": ""773890d6_2026-07-29_10-44-28"", ""questionnaire_id"": ""ChildOCQ""}"
1925,773890d6_2026-07-29_10-44-28,questionnaire,2026-07-29 09:45:40.812111+00,"{""language"": ""FR"", ""question"": ""crosk"", ""response"": ""pas du tout familier"", ""data_type"": ""questionnaire"", ""session_id"": ""773890d6_2026-07-29_10-44-28"", ""questionnaire_id"": ""ChildOCQ""}"
1926,773890d6_2026-07-29_10-44-28,questionnaire,2026-07-29 09:45:40.812111+00,"{""language"": ""FR"", ""question"": ""piano"", ""response"": ""modérément familier"", ""data_type"": ""questionnaire"", ""session_id"": ""773890d6_2026-07-29_10-44-28"", ""questionnaire_id"": ""ChildOCQ""}"
1927,773890d6_2026-07-29_10-44-28,questionnaire,2026-07-29 09:45:40.812111+00,"{""language"": ""FR"", ""question"": ""flûte"", ""response"": ""modérément familier"", ""data_type"": ""questionnaire"", ""session_id"": ""773890d6_2026-07-29_10-44-28"", ""questionnaire_id"": ""ChildOCQ""}"
1928,773890d6_2026-07-29_10-44-28,questionnaire,2026-07-29 09:45:40.812111+00,"{""language"": ""FR"", ""question"": ""Melbourne"", ""response"": ""assez familier"", ""data_type"": ""questionnaire"", ""session_id"": ""773890d6_2026-07-29_10-44-28"", ""questionnaire_id"": ""ChildOCQ""}"
1929,773890d6_2026-07-29_10-44-28,questionnaire,2026-07-29 09:45:40.812111+00,"{""language"": ""FR"", ""question"": ""Ladybug"", ""response"": ""assez familier"", ""data_type"": ""questionnaire"", ""session_id"": ""773890d6_2026-07-29_10-44-28"", ""questionnaire_id"": ""ChildOCQ""}"
1930,773890d6_2026-07-29_10-44-28,questionnaire,2026-07-29 09:45:40.812111+00,"{""language"": ""FR"", ""question"": ""Toowomba"", ""response"": ""pas du tout familier"", ""data_type"": ""questionnaire"", ""session_id"": ""773890d6_2026-07-29_10-44-28"", ""questionnaire_id"": ""ChildOCQ""}"
1931,773890d6_2026-07-29_10-44-28,questionnaire,2026-07-29 09:45:40.812111+00,"{""language"": ""FR"", ""question"": ""zèbre"", ""response"": ""modérément familier"", ""data_type"": ""questionnaire"", ""session_id"": ""773890d6_2026-07-29_10-44-28"", ""questionnaire_id"": ""ChildOCQ""}"
1932,773890d6_2026-07-29_10-44-28,questionnaire,2026-07-29 09:48:07.18413+00,"{""language"": ""FR"", ""question"": ""Je vérifie de temps en temps que je vais bien pouvoir terminer mon travail à temps."", ""response"": ""Parfois"", ""data_type"": ""questionnaire"", ""session_id"": ""773890d6_2026-07-29_10-44-28"", ""questionnaire_id"": ""JrMAI""}"
1933,773890d6_2026-07-29_10-44-28,questionnaire,2026-07-29 09:48:07.18413+00,"{""language"": ""FR"", ""question"": ""Je sais ce que le professeur attend de moi."", ""response"": ""Souvent"", ""data_type"": ""questionnaire"", ""session_id"": ""773890d6_2026-07-29_10-44-28"", ""questionnaire_id"": ""JrMAI""}"
1934,773890d6_2026-07-29_10-44-28,questionnaire,2026-07-29 09:48:07.18413+00,"{""language"": ""FR"", ""question"": ""Je fais des dessins ou des schémas pour m'aider à comprendre pendant que j'apprends."", ""response"": ""Souvent"", ""data_type"": ""questionnaire"", ""session_id"": ""773890d6_2026-07-29_10-44-28"", ""questionnaire_id"": ""JrMAI""}"
1935,773890d6_2026-07-29_10-44-28,questionnaire,2026-07-29 09:48:07.18413+00,"{""language"": ""FR"", ""question"": ""Je réfléchis à plusieurs façons de résoudre un problème, puis je choisis la meilleure."", ""response"": ""Souvent"", ""data_type"": ""questionnaire"", ""session_id"": ""773890d6_2026-07-29_10-44-28"", ""questionnaire_id"": ""JrMAI""}"
1936,773890d6_2026-07-29_10-44-28,questionnaire,2026-07-29 09:48:07.18413+00,"{""language"": ""FR"", ""question"": ""Je m’interroge sur la qualité de mon travail pendant que j’apprends quelque chose de nouveau."", ""response"": ""Toujours"", ""data_type"": ""questionnaire"", ""session_id"": ""773890d6_2026-07-29_10-44-28"", ""questionnaire_id"": ""JrMAI""}"
1937,773890d6_2026-07-29_10-44-28,questionnaire,2026-07-29 09:48:07.18413+00,"{""language"": ""FR"", ""question"": ""Je sais quand je comprends quelque chose."", ""response"": ""Souvent"", ""data_type"": ""questionnaire"", ""session_id"": ""773890d6_2026-07-29_10-44-28"", ""questionnaire_id"": ""JrMAI""}"
1938,773890d6_2026-07-29_10-44-28,questionnaire,2026-07-29 09:48:07.18413+00,"{""language"": ""FR"", ""question"": ""Je détermine ce que je dois accomplir avant de commencer une tâche."", ""response"": ""Parfois"", ""data_type"": ""questionnaire"", ""session_id"": ""773890d6_2026-07-29_10-44-28"", ""questionnaire_id"": ""JrMAI""}"
1939,773890d6_2026-07-29_10-44-28,questionnaire,2026-07-29 09:48:07.18413+00,"{""language"": ""FR"", ""question"": ""J’utilise différentes stratégies d’apprentissage en fonction de la tâche à accomplir."", ""response"": ""Toujours"", ""data_type"": ""questionnaire"", ""session_id"": ""773890d6_2026-07-29_10-44-28"", ""questionnaire_id"": ""JrMAI""}"
1940,773890d6_2026-07-29_10-44-28,questionnaire,2026-07-29 09:48:07.18413+00,"{""language"": ""FR"", ""question"": ""Quand j'ai terminé mon travail scolaire, je me demande si j'ai appris ce que je voulais apprendre."", ""response"": ""Souvent"", ""data_type"": ""questionnaire"", ""session_id"": ""773890d6_2026-07-29_10-44-28"", ""questionnaire_id"": ""JrMAI""}"
1941,773890d6_2026-07-29_10-44-28,questionnaire,2026-07-29 09:48:07.18413+00,"{""language"": ""FR"", ""question"": ""Je prête vraiment attention aux informations importantes."", ""response"": ""Parfois"", ""data_type"": ""questionnaire"", ""session_id"": ""773890d6_2026-07-29_10-44-28"", ""questionnaire_id"": ""JrMAI""}"
1942,773890d6_2026-07-29_10-44-28,questionnaire,2026-07-29 09:48:07.18413+00,"{""language"": ""FR"", ""question"": ""J'essaie d'utiliser des manières d'étudier qui ont déjà fait leurs preuves avec moi."", ""response"": ""Parfois"", ""data_type"": ""questionnaire"", ""session_id"": ""773890d6_2026-07-29_10-44-28"", ""questionnaire_id"": ""JrMAI""}"
1943,773890d6_2026-07-29_10-44-28,questionnaire,2026-07-29 09:48:07.18413+00,"{""language"": ""FR"", ""question"": ""J’utilise mes points forts en matière d’apprentissage pour compenser mes faiblesses."", ""response"": ""Rarement"", ""data_type"": ""questionnaire"", ""session_id"": ""773890d6_2026-07-29_10-44-28"", ""questionnaire_id"": ""JrMAI""}"
1944,773890d6_2026-07-29_10-44-28,questionnaire,2026-07-29 09:48:07.18413+00,"{""language"": ""FR"", ""question"": ""Je suis capable d'apprendre quand j'en ai besoin."", ""response"": ""Parfois"", ""data_type"": ""questionnaire"", ""session_id"": ""773890d6_2026-07-29_10-44-28"", ""questionnaire_id"": ""JrMAI""}"
1945,773890d6_2026-07-29_10-44-28,questionnaire,2026-07-29 09:48:07.18413+00,"{""language"": ""FR"", ""question"": ""J’apprends davantage lorsque le sujet m’intéresse."", ""response"": ""Toujours"", ""data_type"": ""questionnaire"", ""session_id"": ""773890d6_2026-07-29_10-44-28"", ""questionnaire_id"": ""JrMAI""}"
1946,773890d6_2026-07-29_10-44-28,questionnaire,2026-07-29 09:48:07.18413+00,"{""language"": ""FR"", ""question"": ""Une fois une tâche terminée, je me demande s’il y avait une manière plus simple de procéder."", ""response"": ""Souvent"", ""data_type"": ""questionnaire"", ""session_id"": ""773890d6_2026-07-29_10-44-28"", ""questionnaire_id"": ""JrMAI""}"
1947,773890d6_2026-07-29_10-44-28,questionnaire,2026-07-29 09:48:07.18413+00,"{""language"": ""FR"", ""question"": ""Je réfléchis à ce que je dois apprendre avant de me mettre au travail."", ""response"": ""Souvent"", ""data_type"": ""questionnaire"", ""session_id"": ""773890d6_2026-07-29_10-44-28"", ""questionnaire_id"": ""JrMAI""}"
1948,773890d6_2026-07-29_10-44-28,questionnaire,2026-07-29 09:48:07.18413+00,"{""language"": ""FR"", ""question"": ""Il m’arrive parfois d’utiliser des stratégies d’apprentissage sans y réfléchir."", ""response"": ""Souvent"", ""data_type"": ""questionnaire"", ""session_id"": ""773890d6_2026-07-29_10-44-28"", ""questionnaire_id"": ""JrMAI""}"
1949,773890d6_2026-07-29_10-44-28,questionnaire,2026-07-29 09:48:07.18413+00,"{""language"": ""FR"", ""question"": ""J'apprends mieux quand je connais déjà un peu le sujet."", ""response"": ""Souvent"", ""data_type"": ""questionnaire"", ""session_id"": ""773890d6_2026-07-29_10-44-28"", ""questionnaire_id"": ""JrMAI""}"
1950,773890d6_2026-07-29_10-44-28,questionnaire,2026-07-29 09:55:54.314257+00,"{""language"": ""FR"", ""question"": ""Je suis raisonnable."", ""response"": ""d'accord"", ""data_type"": ""questionnaire"", ""session_id"": ""773890d6_2026-07-29_10-44-28"", ""questionnaire_id"": ""SelfReferenceParadigm-Phase1""}"
1951,773890d6_2026-07-29_10-44-28,questionnaire,2026-07-29 09:55:54.314257+00,"{""language"": ""FR"", ""question"": ""Je suis timide."", ""response"": ""fortement d'accord"", ""data_type"": ""questionnaire"", ""session_id"": ""773890d6_2026-07-29_10-44-28"", ""questionnaire_id"": ""SelfReferenceParadigm-Phase1""}"
1952,773890d6_2026-07-29_10-44-28,questionnaire,2026-07-29 09:55:54.314257+00,"{""language"": ""FR"", ""question"": ""Je suis prudent."", ""response"": ""d'accord"", ""data_type"": ""questionnaire"", ""session_id"": ""773890d6_2026-07-29_10-44-28"", ""questionnaire_id"": ""SelfReferenceParadigm-Phase1""}"
1953,773890d6_2026-07-29_10-44-28,questionnaire,2026-07-29 09:55:54.314257+00,"{""language"": ""FR"", ""question"": ""Je suis réaliste."", ""response"": ""partiellement d'accord"", ""data_type"": ""questionnaire"", ""session_id"": ""773890d6_2026-07-29_10-44-28"", ""questionnaire_id"": ""SelfReferenceParadigm-Phase1""}"
1954,773890d6_2026-07-29_10-44-28,questionnaire,2026-07-29 09:55:54.314257+00,"{""language"": ""FR"", ""question"": ""Je suis détendu."", ""response"": ""en désaccord"", ""data_type"": ""questionnaire"", ""session_id"": ""773890d6_2026-07-29_10-44-28"", ""questionnaire_id"": ""SelfReferenceParadigm-Phase1""}"
1955,773890d6_2026-07-29_10-44-28,questionnaire,2026-07-29 09:55:54.314257+00,"{""language"": ""FR"", ""question"": ""Les autres sont optimistes."", ""response"": ""neutre"", ""data_type"": ""questionnaire"", ""session_id"": ""773890d6_2026-07-29_10-44-28"", ""questionnaire_id"": ""SelfReferenceParadigm-Phase1""}"
1956,773890d6_2026-07-29_10-44-28,questionnaire,2026-07-29 09:55:54.314257+00,"{""language"": ""FR"", ""question"": ""Je suis imprécis."", ""response"": ""neutre"", ""data_type"": ""questionnaire"", ""session_id"": ""773890d6_2026-07-29_10-44-28"", ""questionnaire_id"": ""SelfReferenceParadigm-Phase1""}"
1957,773890d6_2026-07-29_10-44-28,questionnaire,2026-07-29 09:55:54.314257+00,"{""language"": ""FR"", ""question"": ""Je suis fiable."", ""response"": ""neutre"", ""data_type"": ""questionnaire"", ""session_id"": ""773890d6_2026-07-29_10-44-28"", ""questionnaire_id"": ""SelfReferenceParadigm-Phase1""}"
1958,773890d6_2026-07-29_10-44-28,questionnaire,2026-07-29 09:55:54.314257+00,"{""language"": ""FR"", ""question"": ""Les autres sont coopératifs."", ""response"": ""neutre"", ""data_type"": ""questionnaire"", ""session_id"": ""773890d6_2026-07-29_10-44-28"", ""questionnaire_id"": ""SelfReferenceParadigm-Phase1""}"
1959,773890d6_2026-07-29_10-44-28,questionnaire,2026-07-29 09:55:54.314257+00,"{""language"": ""FR"", ""question"": ""Les autres sont mensongers."", ""response"": ""en désaccord"", ""data_type"": ""questionnaire"", ""session_id"": ""773890d6_2026-07-29_10-44-28"", ""questionnaire_id"": ""SelfReferenceParadigm-Phase1""}"
1960,773890d6_2026-07-29_10-44-28,questionnaire,2026-07-29 09:55:54.314257+00,"{""language"": ""FR"", ""question"": ""Les autres sont brillants."", ""response"": ""partiellement d'accord"", ""data_type"": ""questionnaire"", ""session_id"": ""773890d6_2026-07-29_10-44-28"", ""questionnaire_id"": ""SelfReferenceParadigm-Phase1""}"
1961,773890d6_2026-07-29_10-44-28,questionnaire,2026-07-29 09:55:54.314257+00,"{""language"": ""FR"", ""question"": ""Les autres sont sociables."", ""response"": ""d'accord"", ""data_type"": ""questionnaire"", ""session_id"": ""773890d6_2026-07-29_10-44-28"", ""questionnaire_id"": ""SelfReferenceParadigm-Phase1""}"
1962,773890d6_2026-07-29_10-44-28,questionnaire,2026-07-29 09:55:54.314257+00,"{""language"": ""FR"", ""question"": ""Je suis querelleur."", ""response"": ""fortement en désaccord"", ""data_type"": ""questionnaire"", ""session_id"": ""773890d6_2026-07-29_10-44-28"", ""questionnaire_id"": ""SelfReferenceParadigm-Phase1""}"
1963,773890d6_2026-07-29_10-44-28,questionnaire,2026-07-29 09:55:54.314257+00,"{""language"": ""FR"", ""question"": ""Les autres sont désobéissants."", ""response"": ""neutre"", ""data_type"": ""questionnaire"", ""session_id"": ""773890d6_2026-07-29_10-44-28"", ""questionnaire_id"": ""SelfReferenceParadigm-Phase1""}"
1964,773890d6_2026-07-29_10-44-28,questionnaire,2026-07-29 09:55:54.314257+00,"{""language"": ""FR"", ""question"": ""bien Je suis élevé."", ""response"": ""d'accord"", ""data_type"": ""questionnaire"", ""session_id"": ""773890d6_2026-07-29_10-44-28"", ""questionnaire_id"": ""SelfReferenceParadigm-Phase1""}"
1965,773890d6_2026-07-29_10-44-28,questionnaire,2026-07-29 09:55:54.314257+00,"{""language"": ""FR"", ""question"": ""Je suis strict."", ""response"": ""partiellement en désaccord"", ""data_type"": ""questionnaire"", ""session_id"": ""773890d6_2026-07-29_10-44-28"", ""questionnaire_id"": ""SelfReferenceParadigm-Phase1""}"
1966,773890d6_2026-07-29_10-44-28,questionnaire,2026-07-29 09:55:54.314257+00,"{""language"": ""FR"", ""question"": ""Les autres sont habiles."", ""response"": ""d'accord"", ""data_type"": ""questionnaire"", ""session_id"": ""773890d6_2026-07-29_10-44-28"", ""questionnaire_id"": ""SelfReferenceParadigm-Phase1""}"
1967,773890d6_2026-07-29_10-44-28,questionnaire,2026-07-29 09:55:54.314257+00,"{""language"": ""FR"", ""question"": ""Je suis agréable."", ""response"": ""neutre"", ""data_type"": ""questionnaire"", ""session_id"": ""773890d6_2026-07-29_10-44-28"", ""questionnaire_id"": ""SelfReferenceParadigm-Phase1""}"
1968,773890d6_2026-07-29_10-44-28,questionnaire,2026-07-29 09:55:54.314257+00,"{""language"": ""FR"", ""question"": ""Je suis inventif."", ""response"": ""partiellement d'accord"", ""data_type"": ""questionnaire"", ""session_id"": ""773890d6_2026-07-29_10-44-28"", ""questionnaire_id"": ""SelfReferenceParadigm-Phase1""}"
1969,773890d6_2026-07-29_10-44-28,questionnaire,2026-07-29 09:55:54.314257+00,"{""language"": ""FR"", ""question"": ""Je suis impoli."", ""response"": ""en désaccord"", ""data_type"": ""questionnaire"", ""session_id"": ""773890d6_2026-07-29_10-44-28"", ""questionnaire_id"": ""SelfReferenceParadigm-Phase1""}"
1970,773890d6_2026-07-29_10-44-28,questionnaire,2026-07-29 09:55:54.314257+00,"{""language"": ""FR"", ""question"": ""Les autres sont irresponsables."", ""response"": ""partiellement en désaccord"", ""data_type"": ""questionnaire"", ""session_id"": ""773890d6_2026-07-29_10-44-28"", ""questionnaire_id"": ""SelfReferenceParadigm-Phase1""}"
1971,773890d6_2026-07-29_10-44-28,questionnaire,2026-07-29 09:55:54.314257+00,"{""language"": ""FR"", ""question"": ""Je suis méthodique."", ""response"": ""en désaccord"", ""data_type"": ""questionnaire"", ""session_id"": ""773890d6_2026-07-29_10-44-28"", ""questionnaire_id"": ""SelfReferenceParadigm-Phase1""}"
1972,773890d6_2026-07-29_10-44-28,questionnaire,2026-07-29 09:55:54.314257+00,"{""language"": ""FR"", ""question"": ""Je suis préoccupé."", ""response"": ""d'accord"", ""data_type"": ""questionnaire"", ""session_id"": ""773890d6_2026-07-29_10-44-28"", ""questionnaire_id"": ""SelfReferenceParadigm-Phase1""}"
1973,773890d6_2026-07-29_10-44-28,questionnaire,2026-07-29 09:55:54.314257+00,"{""language"": ""FR"", ""question"": ""Je suis extraverti."", ""response"": ""fortement en désaccord"", ""data_type"": ""questionnaire"", ""session_id"": ""773890d6_2026-07-29_10-44-28"", ""questionnaire_id"": ""SelfReferenceParadigm-Phase1""}"
1974,773890d6_2026-07-29_10-44-28,questionnaire,2026-07-29 09:55:54.314257+00,"{""language"": ""FR"", ""question"": ""Les autres sont bruyants."", ""response"": ""partiellement en désaccord"", ""data_type"": ""questionnaire"", ""session_id"": ""773890d6_2026-07-29_10-44-28"", ""questionnaire_id"": ""SelfReferenceParadigm-Phase1""}"
1975,773890d6_2026-07-29_10-44-28,questionnaire,2026-07-29 09:55:54.314257+00,"{""language"": ""FR"", ""question"": ""Les autres sont frustrés."", ""response"": ""en désaccord"", ""data_type"": ""questionnaire"", ""session_id"": ""773890d6_2026-07-29_10-44-28"", ""questionnaire_id"": ""SelfReferenceParadigm-Phase1""}"
1976,773890d6_2026-07-29_10-44-28,questionnaire,2026-07-29 09:55:54.314257+00,"{""language"": ""FR"", ""question"": ""Les autres sont hésitants."", ""response"": ""en désaccord"", ""data_type"": ""questionnaire"", ""session_id"": ""773890d6_2026-07-29_10-44-28"", ""questionnaire_id"": ""SelfReferenceParadigm-Phase1""}"
1977,773890d6_2026-07-29_10-44-28,questionnaire,2026-07-29 09:55:54.314257+00,"{""language"": ""FR"", ""question"": ""Je suis opportuniste."", ""response"": ""en désaccord"", ""data_type"": ""questionnaire"", ""session_id"": ""773890d6_2026-07-29_10-44-28"", ""questionnaire_id"": ""SelfReferenceParadigm-Phase1""}"
1978,773890d6_2026-07-29_10-44-28,questionnaire,2026-07-29 09:55:54.314257+00,"{""language"": ""FR"", ""question"": ""Je suis agité."", ""response"": ""partiellement d'accord"", ""data_type"": ""questionnaire"", ""session_id"": ""773890d6_2026-07-29_10-44-28"", ""questionnaire_id"": ""SelfReferenceParadigm-Phase1""}"
1979,773890d6_2026-07-29_10-44-28,questionnaire,2026-07-29 09:55:54.314257+00,"{""language"": ""FR"", ""question"": ""Les autres sont calmes."", ""response"": ""partiellement d'accord"", ""data_type"": ""questionnaire"", ""session_id"": ""773890d6_2026-07-29_10-44-28"", ""questionnaire_id"": ""SelfReferenceParadigm-Phase1""}"
1980,773890d6_2026-07-29_10-44-28,questionnaire,2026-07-29 09:55:54.314257+00,"{""language"": ""FR"", ""question"": ""Je suis incivil."", ""response"": ""fortement en désaccord"", ""data_type"": ""questionnaire"", ""session_id"": ""773890d6_2026-07-29_10-44-28"", ""questionnaire_id"": ""SelfReferenceParadigm-Phase1""}"
1981,773890d6_2026-07-29_10-44-28,questionnaire,2026-07-29 09:55:54.314257+00,"{""language"": ""FR"", ""question"": ""Je suis mature."", ""response"": ""partiellement d'accord"", ""data_type"": ""questionnaire"", ""session_id"": ""773890d6_2026-07-29_10-44-28"", ""questionnaire_id"": ""SelfReferenceParadigm-Phase1""}"
1982,773890d6_2026-07-29_10-44-28,questionnaire,2026-07-29 09:55:54.314257+00,"{""language"": ""FR"", ""question"": ""Les autres sont intrépides."", ""response"": ""neutre"", ""data_type"": ""questionnaire"", ""session_id"": ""773890d6_2026-07-29_10-44-28"", ""questionnaire_id"": ""SelfReferenceParadigm-Phase1""}"
1983,773890d6_2026-07-29_10-44-28,questionnaire,2026-07-29 09:55:54.314257+00,"{""language"": ""FR"", ""question"": ""Les autres sont actifs."", ""response"": ""d'accord"", ""data_type"": ""questionnaire"", ""session_id"": ""773890d6_2026-07-29_10-44-28"", ""questionnaire_id"": ""SelfReferenceParadigm-Phase1""}"
1984,773890d6_2026-07-29_10-44-28,questionnaire,2026-07-29 09:55:54.314257+00,"{""language"": ""FR"", ""question"": ""Les autres sont efficaces."", ""response"": ""d'accord"", ""data_type"": ""questionnaire"", ""session_id"": ""773890d6_2026-07-29_10-44-28"", ""questionnaire_id"": ""SelfReferenceParadigm-Phase1""}"
1985,773890d6_2026-07-29_10-44-28,questionnaire,2026-07-29 09:55:54.314257+00,"{""language"": ""FR"", ""question"": ""Les autres sont responsables."", ""response"": ""d'accord"", ""data_type"": ""questionnaire"", ""session_id"": ""773890d6_2026-07-29_10-44-28"", ""questionnaire_id"": ""SelfReferenceParadigm-Phase1""}"
1986,773890d6_2026-07-29_10-44-28,questionnaire,2026-07-29 09:55:54.314257+00,"{""language"": ""FR"", ""question"": ""Je suis moraliste."", ""response"": ""en désaccord"", ""data_type"": ""questionnaire"", ""session_id"": ""773890d6_2026-07-29_10-44-28"", ""questionnaire_id"": ""SelfReferenceParadigm-Phase1""}"
1987,773890d6_2026-07-29_10-44-28,questionnaire,2026-07-29 09:55:54.314257+00,"{""language"": ""FR"", ""question"": ""Les autres sont distraits."", ""response"": ""en désaccord"", ""data_type"": ""questionnaire"", ""session_id"": ""773890d6_2026-07-29_10-44-28"", ""questionnaire_id"": ""SelfReferenceParadigm-Phase1""}"
1988,773890d6_2026-07-29_10-44-28,questionnaire,2026-07-29 09:55:54.314257+00,"{""language"": ""FR"", ""question"": ""Je suis artistique."", ""response"": ""neutre"", ""data_type"": ""questionnaire"", ""session_id"": ""773890d6_2026-07-29_10-44-28"", ""questionnaire_id"": ""SelfReferenceParadigm-Phase1""}"
1989,773890d6_2026-07-29_10-44-28,questionnaire,2026-07-29 09:55:54.314257+00,"{""language"": ""FR"", ""question"": ""Les autres sont indéciss."", ""response"": ""en désaccord"", ""data_type"": ""questionnaire"", ""session_id"": ""773890d6_2026-07-29_10-44-28"", ""questionnaire_id"": ""SelfReferenceParadigm-Phase1""}"
1990,773890d6_2026-07-29_10-44-28,questionnaire,2026-07-29 09:55:54.314257+00,"{""language"": ""FR"", ""question"": ""Les autres sont polis."", ""response"": ""d'accord"", ""data_type"": ""questionnaire"", ""session_id"": ""773890d6_2026-07-29_10-44-28"", ""questionnaire_id"": ""SelfReferenceParadigm-Phase1""}"
1991,773890d6_2026-07-29_10-44-28,questionnaire,2026-07-29 09:55:54.314257+00,"{""language"": ""FR"", ""question"": ""Les autres sont autoritaires."", ""response"": ""en désaccord"", ""data_type"": ""questionnaire"", ""session_id"": ""773890d6_2026-07-29_10-44-28"", ""questionnaire_id"": ""SelfReferenceParadigm-Phase1""}"
1992,773890d6_2026-07-29_10-44-28,questionnaire,2026-07-29 09:55:54.314257+00,"{""language"": ""FR"", ""question"": ""Les autres sont entêtés."", ""response"": ""en désaccord"", ""data_type"": ""questionnaire"", ""session_id"": ""773890d6_2026-07-29_10-44-28"", ""questionnaire_id"": ""SelfReferenceParadigm-Phase1""}"
1993,773890d6_2026-07-29_10-44-28,questionnaire,2026-07-29 09:55:54.314257+00,"{""language"": ""FR"", ""question"": ""Les autres sont colériques."", ""response"": ""fortement en désaccord"", ""data_type"": ""questionnaire"", ""session_id"": ""773890d6_2026-07-29_10-44-28"", ""questionnaire_id"": ""SelfReferenceParadigm-Phase1""}"
1994,773890d6_2026-07-29_10-44-28,questionnaire,2026-07-29 09:55:54.314257+00,"{""language"": ""FR"", ""question"": ""Je suis vif."", ""response"": ""partiellement en désaccord"", ""data_type"": ""questionnaire"", ""session_id"": ""773890d6_2026-07-29_10-44-28"", ""questionnaire_id"": ""SelfReferenceParadigm-Phase1""}"
1995,773890d6_2026-07-29_10-44-28,questionnaire,2026-07-29 09:55:54.314257+00,"{""language"": ""FR"", ""question"": ""Je suis gentil."", ""response"": ""d'accord"", ""data_type"": ""questionnaire"", ""session_id"": ""773890d6_2026-07-29_10-44-28"", ""questionnaire_id"": ""SelfReferenceParadigm-Phase1""}"
1996,773890d6_2026-07-29_10-44-28,questionnaire,2026-07-29 09:55:54.314257+00,"{""language"": ""FR"", ""question"": ""Les autres sont ambitieux."", ""response"": ""d'accord"", ""data_type"": ""questionnaire"", ""session_id"": ""773890d6_2026-07-29_10-44-28"", ""questionnaire_id"": ""SelfReferenceParadigm-Phase1""}"
1997,773890d6_2026-07-29_10-44-28,questionnaire,2026-07-29 09:55:54.314257+00,"{""language"": ""FR"", ""question"": ""Les autres sont propres."", ""response"": ""d'accord"", ""data_type"": ""questionnaire"", ""session_id"": ""773890d6_2026-07-29_10-44-28"", ""questionnaire_id"": ""SelfReferenceParadigm-Phase1""}"
1998,773890d6_2026-07-29_10-44-28,questionnaire,2026-07-29 09:55:54.314257+00,"{""language"": ""FR"", ""question"": ""Je suis asocial."", ""response"": ""partiellement d'accord"", ""data_type"": ""questionnaire"", ""session_id"": ""773890d6_2026-07-29_10-44-28"", ""questionnaire_id"": ""SelfReferenceParadigm-Phase1""}"
1999,773890d6_2026-07-29_10-44-28,questionnaire,2026-07-29 09:55:54.314257+00,"{""language"": ""FR"", ""question"": ""Les autres sont méchants."", ""response"": ""fortement en désaccord"", ""data_type"": ""questionnaire"", ""session_id"": ""773890d6_2026-07-29_10-44-28"", ""questionnaire_id"": ""SelfReferenceParadigm-Phase1""}"
2000,773890d6_2026-07-29_10-44-28,questionnaire,2026-07-29 09:55:54.314257+00,"{""language"": ""FR"", ""question"": ""Je suis optimiste."", ""response"": ""partiellement d'accord"", ""data_type"": ""questionnaire"", ""session_id"": ""773890d6_2026-07-29_10-44-28"", ""questionnaire_id"": ""SelfReferenceParadigm-Phase1""}"
2001,773890d6_2026-07-29_10-44-28,questionnaire,2026-07-29 09:55:54.314257+00,"{""language"": ""FR"", ""question"": ""Je suis généreux."", ""response"": ""neutre"", ""data_type"": ""questionnaire"", ""session_id"": ""773890d6_2026-07-29_10-44-28"", ""questionnaire_id"": ""SelfReferenceParadigm-Phase1""}"
2002,773890d6_2026-07-29_10-44-28,questionnaire,2026-07-29 09:55:54.314257+00,"{""language"": ""FR"", ""question"": ""Je suis rusé."", ""response"": ""partiellement en désaccord"", ""data_type"": ""questionnaire"", ""session_id"": ""773890d6_2026-07-29_10-44-28"", ""questionnaire_id"": ""SelfReferenceParadigm-Phase1""}"
2003,773890d6_2026-07-29_10-44-28,questionnaire,2026-07-29 09:55:54.314257+00,"{""language"": ""FR"", ""question"": ""Les autres sont honnêtes."", ""response"": ""partiellement d'accord"", ""data_type"": ""questionnaire"", ""session_id"": ""773890d6_2026-07-29_10-44-28"", ""questionnaire_id"": ""SelfReferenceParadigm-Phase1""}"
2004,773890d6_2026-07-29_10-44-28,questionnaire,2026-07-29 09:55:54.314257+00,"{""language"": ""FR"", ""question"": ""Je suis soumis."", ""response"": ""partiellement d'accord"", ""data_type"": ""questionnaire"", ""session_id"": ""773890d6_2026-07-29_10-44-28"", ""questionnaire_id"": ""SelfReferenceParadigm-Phase1""}"
2005,773890d6_2026-07-29_10-44-28,questionnaire,2026-07-29 09:55:54.314257+00,"{""language"": ""FR"", ""question"": ""Je suis logique."", ""response"": ""partiellement d'accord"", ""data_type"": ""questionnaire"", ""session_id"": ""773890d6_2026-07-29_10-44-28"", ""questionnaire_id"": ""SelfReferenceParadigm-Phase1""}"
2006,773890d6_2026-07-29_10-44-28,questionnaire,2026-07-29 09:55:54.314257+00,"{""language"": ""FR"", ""question"": ""Je suis pas. gentil"", ""response"": ""en désaccord"", ""data_type"": ""questionnaire"", ""session_id"": ""773890d6_2026-07-29_10-44-28"", ""questionnaire_id"": ""SelfReferenceParadigm-Phase1""}"
2007,773890d6_2026-07-29_10-44-28,questionnaire,2026-07-29 09:55:54.314257+00,"{""language"": ""FR"", ""question"": ""Je suis sincère."", ""response"": ""d'accord"", ""data_type"": ""questionnaire"", ""session_id"": ""773890d6_2026-07-29_10-44-28"", ""questionnaire_id"": ""SelfReferenceParadigm-Phase1""}"
2008,773890d6_2026-07-29_10-44-28,questionnaire,2026-07-29 09:55:54.314257+00,"{""language"": ""FR"", ""question"": ""Les autres sont pessimistes."", ""response"": ""neutre"", ""data_type"": ""questionnaire"", ""session_id"": ""773890d6_2026-07-29_10-44-28"", ""questionnaire_id"": ""SelfReferenceParadigm-Phase1""}"
2009,773890d6_2026-07-29_10-44-28,questionnaire,2026-07-29 09:55:54.314257+00,"{""language"": ""FR"", ""question"": ""Les autres sont exceptionnels."", ""response"": ""partiellement d'accord"", ""data_type"": ""questionnaire"", ""session_id"": ""773890d6_2026-07-29_10-44-28"", ""questionnaire_id"": ""SelfReferenceParadigm-Phase1""}"
2010,773890d6_2026-07-29_10-44-28,questionnaire,2026-07-29 09:55:54.314257+00,"{""language"": ""FR"", ""question"": ""Les autres sont sûrs de soi."", ""response"": ""fortement d'accord"", ""data_type"": ""questionnaire"", ""session_id"": ""773890d6_2026-07-29_10-44-28"", ""questionnaire_id"": ""SelfReferenceParadigm-Phase1""}"
2011,773890d6_2026-07-29_10-44-28,questionnaire,2026-07-29 09:55:54.314257+00,"{""language"": ""FR"", ""question"": ""Les autres sont impopulaires."", ""response"": ""en désaccord"", ""data_type"": ""questionnaire"", ""session_id"": ""773890d6_2026-07-29_10-44-28"", ""questionnaire_id"": ""SelfReferenceParadigm-Phase1""}"
2012,773890d6_2026-07-29_10-44-28,questionnaire,2026-07-29 09:55:54.314257+00,"{""language"": ""FR"", ""question"": ""Les autres sont compétents."", ""response"": ""fortement d'accord"", ""data_type"": ""questionnaire"", ""session_id"": ""773890d6_2026-07-29_10-44-28"", ""questionnaire_id"": ""SelfReferenceParadigm-Phase1""}"
2013,773890d6_2026-07-29_10-44-28,questionnaire,2026-07-29 09:55:54.314257+00,"{""language"": ""FR"", ""question"": ""Les autres sont ouverts d’esprit.."", ""response"": ""fortement d'accord"", ""data_type"": ""questionnaire"", ""session_id"": ""773890d6_2026-07-29_10-44-28"", ""questionnaire_id"": ""SelfReferenceParadigm-Phase1""}"
2014,773890d6_2026-07-29_10-44-28,questionnaire,2026-07-29 09:55:54.314257+00,"{""language"": ""FR"", ""question"": ""Les autres sont vantards."", ""response"": ""partiellement en désaccord"", ""data_type"": ""questionnaire"", ""session_id"": ""773890d6_2026-07-29_10-44-28"", ""questionnaire_id"": ""SelfReferenceParadigm-Phase1""}"
2015,773890d6_2026-07-29_10-44-28,questionnaire,2026-07-29 09:55:54.314257+00,"{""language"": ""FR"", ""question"": ""Je suis hostile."", ""response"": ""en désaccord"", ""data_type"": ""questionnaire"", ""session_id"": ""773890d6_2026-07-29_10-44-28"", ""questionnaire_id"": ""SelfReferenceParadigm-Phase1""}"
2016,773890d6_2026-07-29_10-44-28,questionnaire,2026-07-29 09:55:54.314257+00,"{""language"": ""FR"", ""question"": ""Je suis silencieux."", ""response"": ""neutre"", ""data_type"": ""questionnaire"", ""session_id"": ""773890d6_2026-07-29_10-44-28"", ""questionnaire_id"": ""SelfReferenceParadigm-Phase1""}"
2017,773890d6_2026-07-29_10-44-28,questionnaire,2026-07-29 09:55:54.314257+00,"{""language"": ""FR"", ""question"": ""Les autres sont plein d’humour."", ""response"": ""d'accord"", ""data_type"": ""questionnaire"", ""session_id"": ""773890d6_2026-07-29_10-44-28"", ""questionnaire_id"": ""SelfReferenceParadigm-Phase1""}"
2018,773890d6_2026-07-29_10-44-28,questionnaire,2026-07-29 09:55:54.314257+00,"{""language"": ""FR"", ""question"": ""Je suis nerveux."", ""response"": ""d'accord"", ""data_type"": ""questionnaire"", ""session_id"": ""773890d6_2026-07-29_10-44-28"", ""questionnaire_id"": ""SelfReferenceParadigm-Phase1""}"
2019,773890d6_2026-07-29_10-44-28,questionnaire,2026-07-29 09:55:54.314257+00,"{""language"": ""FR"", ""question"": ""Les autres sont clownesques."", ""response"": ""neutre"", ""data_type"": ""questionnaire"", ""session_id"": ""773890d6_2026-07-29_10-44-28"", ""questionnaire_id"": ""SelfReferenceParadigm-Phase1""}"
2020,773890d6_2026-07-29_10-44-28,questionnaire,2026-07-29 09:55:54.314257+00,"{""language"": ""FR"", ""question"": ""Les autres sont faibles."", ""response"": ""en désaccord"", ""data_type"": ""questionnaire"", ""session_id"": ""773890d6_2026-07-29_10-44-28"", ""questionnaire_id"": ""SelfReferenceParadigm-Phase1""}"
2021,773890d6_2026-07-29_10-44-28,questionnaire,2026-07-29 09:55:54.314257+00,"{""language"": ""FR"", ""question"": ""Je suis envieux."", ""response"": ""partiellement en désaccord"", ""data_type"": ""questionnaire"", ""session_id"": ""773890d6_2026-07-29_10-44-28"", ""questionnaire_id"": ""SelfReferenceParadigm-Phase1""}"
2022,773890d6_2026-07-29_10-44-28,questionnaire,2026-07-29 09:55:54.314257+00,"{""language"": ""FR"", ""question"": ""Les autres sont chanceux."", ""response"": ""partiellement d'accord"", ""data_type"": ""questionnaire"", ""session_id"": ""773890d6_2026-07-29_10-44-28"", ""questionnaire_id"": ""SelfReferenceParadigm-Phase1""}"
2023,773890d6_2026-07-29_10-44-28,questionnaire,2026-07-29 09:55:54.314257+00,"{""language"": ""FR"", ""question"": ""Je suis agaçant."", ""response"": ""neutre"", ""data_type"": ""questionnaire"", ""session_id"": ""773890d6_2026-07-29_10-44-28"", ""questionnaire_id"": ""SelfReferenceParadigm-Phase1""}"
2024,773890d6_2026-07-29_10-44-28,questionnaire,2026-07-29 09:55:54.314257+00,"{""language"": ""FR"", ""question"": ""Je suis désordonné."", ""response"": ""d'accord"", ""data_type"": ""questionnaire"", ""session_id"": ""773890d6_2026-07-29_10-44-28"", ""questionnaire_id"": ""SelfReferenceParadigm-Phase1""}"
2025,773890d6_2026-07-29_10-44-28,questionnaire,2026-07-29 09:55:54.314257+00,"{""language"": ""FR"", ""question"": ""Les autres sont fiables."", ""response"": ""partiellement d'accord"", ""data_type"": ""questionnaire"", ""session_id"": ""773890d6_2026-07-29_10-44-28"", ""questionnaire_id"": ""SelfReferenceParadigm-Phase1""}"
2026,773890d6_2026-07-29_10-44-28,questionnaire,2026-07-29 09:55:54.314257+00,"{""language"": ""FR"", ""question"": ""Les autres sont inadaptés."", ""response"": ""fortement en désaccord"", ""data_type"": ""questionnaire"", ""session_id"": ""773890d6_2026-07-29_10-44-28"", ""questionnaire_id"": ""SelfReferenceParadigm-Phase1""}"
2027,773890d6_2026-07-29_10-44-28,questionnaire,2026-07-29 09:55:54.314257+00,"{""language"": ""FR"", ""question"": ""Je suis persuasif."", ""response"": ""neutre"", ""data_type"": ""questionnaire"", ""session_id"": ""773890d6_2026-07-29_10-44-28"", ""questionnaire_id"": ""SelfReferenceParadigm-Phase1""}"
2028,773890d6_2026-07-29_10-44-28,questionnaire,2026-07-29 09:55:54.314257+00,"{""language"": ""FR"", ""question"": ""Je suis sans. cœur"", ""response"": ""fortement en désaccord"", ""data_type"": ""questionnaire"", ""session_id"": ""773890d6_2026-07-29_10-44-28"", ""questionnaire_id"": ""SelfReferenceParadigm-Phase1""}"
2029,773890d6_2026-07-29_10-44-28,questionnaire,2026-07-29 09:55:54.314257+00,"{""language"": ""FR"", ""question"": ""Les autres sont excentriques."", ""response"": ""en désaccord"", ""data_type"": ""questionnaire"", ""session_id"": ""773890d6_2026-07-29_10-44-28"", ""questionnaire_id"": ""SelfReferenceParadigm-Phase1""}"
2030,773890d6_2026-07-29_10-44-28,self_reference,2026-07-29 10:05:20.676107+00,"{""item"": ""strict"", ""language"": ""FR"", ""subphase"": ""2a"", ""data_type"": ""self_reference"", ""item_index"": 0, ""session_id"": ""773890d6_2026-07-29_10-44-28"", ""choice_text"": ""Ancien"", ""choice_index"": 1}"
2031,773890d6_2026-07-29_10-44-28,self_reference,2026-07-29 10:05:20.676107+00,"{""item"": ""strict"", ""language"": ""FR"", ""subphase"": ""2b"", ""data_type"": ""self_reference"", ""item_index"": 0, ""session_id"": ""773890d6_2026-07-29_10-44-28"", ""choice_text"": ""Je suis strict."", ""choice_index"": 0}"
2032,773890d6_2026-07-29_10-44-28,self_reference,2026-07-29 10:05:20.676107+00,"{""item"": ""inaccurate"", ""language"": ""FR"", ""subphase"": ""2a"", ""data_type"": ""self_reference"", ""item_index"": 1, ""session_id"": ""773890d6_2026-07-29_10-44-28"", ""choice_text"": ""Nouveau"", ""choice_index"": 0}"
2033,773890d6_2026-07-29_10-44-28,self_reference,2026-07-29 10:05:20.676107+00,"{""item"": ""irritating"", ""language"": ""FR"", ""subphase"": ""2a"", ""data_type"": ""self_reference"", ""item_index"": 2, ""session_id"": ""773890d6_2026-07-29_10-44-28"", ""choice_text"": ""Nouveau"", ""choice_index"": 0}"
2034,773890d6_2026-07-29_10-44-28,self_reference,2026-07-29 10:05:20.676107+00,"{""item"": ""messy"", ""language"": ""FR"", ""subphase"": ""2a"", ""data_type"": ""self_reference"", ""item_index"": 3, ""session_id"": ""773890d6_2026-07-29_10-44-28"", ""choice_text"": ""Nouveau"", ""choice_index"": 0}"
2035,773890d6_2026-07-29_10-44-28,self_reference,2026-07-29 10:05:20.676107+00,"{""item"": ""argumentative"", ""language"": ""FR"", ""subphase"": ""2a"", ""data_type"": ""self_reference"", ""item_index"": 4, ""session_id"": ""773890d6_2026-07-29_10-44-28"", ""choice_text"": ""Nouveau"", ""choice_index"": 0}"
2036,773890d6_2026-07-29_10-44-28,self_reference,2026-07-29 10:05:20.676107+00,"{""item"": ""timid"", ""language"": ""FR"", ""subphase"": ""2a"", ""data_type"": ""self_reference"", ""item_index"": 5, ""session_id"": ""773890d6_2026-07-29_10-44-28"", ""choice_text"": ""Ancien"", ""choice_index"": 1}"
2037,773890d6_2026-07-29_10-44-28,self_reference,2026-07-29 10:05:20.676107+00,"{""item"": ""timid"", ""language"": ""FR"", ""subphase"": ""2b"", ""data_type"": ""self_reference"", ""item_index"": 5, ""session_id"": ""773890d6_2026-07-29_10-44-28"", ""choice_text"": ""Je suis timid."", ""choice_index"": 0}"
2038,773890d6_2026-07-29_10-44-28,self_reference,2026-07-29 10:05:20.676107+00,"{""item"": ""hostile"", ""language"": ""FR"", ""subphase"": ""2a"", ""data_type"": ""self_reference"", ""item_index"": 6, ""session_id"": ""773890d6_2026-07-29_10-44-28"", ""choice_text"": ""Ancien"", ""choice_index"": 1}"
2039,773890d6_2026-07-29_10-44-28,self_reference,2026-07-29 10:05:20.676107+00,"{""item"": ""hostile"", ""language"": ""FR"", ""subphase"": ""2b"", ""data_type"": ""self_reference"", ""item_index"": 6, ""session_id"": ""773890d6_2026-07-29_10-44-28"", ""choice_text"": ""Je suis hostile."", ""choice_index"": 0}"
2040,773890d6_2026-07-29_10-44-28,self_reference,2026-07-29 10:05:20.676107+00,"{""item"": ""submissive"", ""language"": ""FR"", ""subphase"": ""2a"", ""data_type"": ""self_reference"", ""item_index"": 7, ""session_id"": ""773890d6_2026-07-29_10-44-28"", ""choice_text"": ""Ancien"", ""choice_index"": 1}"
2041,773890d6_2026-07-29_10-44-28,self_reference,2026-07-29 10:05:20.676107+00,"{""item"": ""submissive"", ""language"": ""FR"", ""subphase"": ""2b"", ""data_type"": ""self_reference"", ""item_index"": 7, ""session_id"": ""773890d6_2026-07-29_10-44-28"", ""choice_text"": ""Je suis submissive."", ""choice_index"": 0}"
2042,773890d6_2026-07-29_10-44-28,self_reference,2026-07-29 10:05:20.676107+00,"{""item"": ""preoccupied"", ""language"": ""FR"", ""subphase"": ""2a"", ""data_type"": ""self_reference"", ""item_index"": 8, ""session_id"": ""773890d6_2026-07-29_10-44-28"", ""choice_text"": ""Nouveau"", ""choice_index"": 0}"
2043,773890d6_2026-07-29_10-44-28,self_reference,2026-07-29 10:05:20.676107+00,"{""item"": ""impolite"", ""language"": ""FR"", ""subphase"": ""2a"", ""data_type"": ""self_reference"", ""item_index"": 9, ""session_id"": ""773890d6_2026-07-29_10-44-28"", ""choice_text"": ""Ancien"", ""choice_index"": 1}"
2044,773890d6_2026-07-29_10-44-28,self_reference,2026-07-29 10:05:20.676107+00,"{""item"": ""impolite"", ""language"": ""FR"", ""subphase"": ""2b"", ""data_type"": ""self_reference"", ""item_index"": 9, ""session_id"": ""773890d6_2026-07-29_10-44-28"", ""choice_text"": ""Je suis impolite."", ""choice_index"": 0}"
2045,773890d6_2026-07-29_10-44-28,self_reference,2026-07-29 10:05:20.676107+00,"{""item"": ""unkind"", ""language"": ""FR"", ""subphase"": ""2a"", ""data_type"": ""self_reference"", ""item_index"": 10, ""session_id"": ""773890d6_2026-07-29_10-44-28"", ""choice_text"": ""Ancien"", ""choice_index"": 1}"
2046,773890d6_2026-07-29_10-44-28,self_reference,2026-07-29 10:05:20.676107+00,"{""item"": ""unkind"", ""language"": ""FR"", ""subphase"": ""2b"", ""data_type"": ""self_reference"", ""item_index"": 10, ""session_id"": ""773890d6_2026-07-29_10-44-28"", ""choice_text"": ""Je suis unkind."", ""choice_index"": 0}"
2047,773890d6_2026-07-29_10-44-28,self_reference,2026-07-29 10:05:20.676107+00,"{""item"": ""uncivil"", ""language"": ""FR"", ""subphase"": ""2a"", ""data_type"": ""self_reference"", ""item_index"": 11, ""session_id"": ""773890d6_2026-07-29_10-44-28"", ""choice_text"": ""Ancien"", ""choice_index"": 1}"
2048,773890d6_2026-07-29_10-44-28,self_reference,2026-07-29 10:05:20.676107+00,"{""item"": ""uncivil"", ""language"": ""FR"", ""subphase"": ""2b"", ""data_type"": ""self_reference"", ""item_index"": 11, ""session_id"": ""773890d6_2026-07-29_10-44-28"", ""choice_text"": ""Les autres sont uncivil."", ""choice_index"": 1}"
2049,773890d6_2026-07-29_10-44-28,self_reference,2026-07-29 10:05:20.676107+00,"{""item"": ""restless"", ""language"": ""FR"", ""subphase"": ""2a"", ""data_type"": ""self_reference"", ""item_index"": 12, ""session_id"": ""773890d6_2026-07-29_10-44-28"", ""choice_text"": ""Ancien"", ""choice_index"": 1}"
2050,773890d6_2026-07-29_10-44-28,self_reference,2026-07-29 10:05:20.676107+00,"{""item"": ""restless"", ""language"": ""FR"", ""subphase"": ""2b"", ""data_type"": ""self_reference"", ""item_index"": 12, ""session_id"": ""773890d6_2026-07-29_10-44-28"", ""choice_text"": ""Les autres sont restless."", ""choice_index"": 1}"
2051,773890d6_2026-07-29_10-44-28,self_reference,2026-07-29 10:05:20.676107+00,"{""item"": ""nervous"", ""language"": ""FR"", ""subphase"": ""2a"", ""data_type"": ""self_reference"", ""item_index"": 13, ""session_id"": ""773890d6_2026-07-29_10-44-28"", ""choice_text"": ""Ancien"", ""choice_index"": 1}"
2052,773890d6_2026-07-29_10-44-28,self_reference,2026-07-29 10:05:20.676107+00,"{""item"": ""nervous"", ""language"": ""FR"", ""subphase"": ""2b"", ""data_type"": ""self_reference"", ""item_index"": 13, ""session_id"": ""773890d6_2026-07-29_10-44-28"", ""choice_text"": ""Je suis nervous."", ""choice_index"": 0}"
2053,773890d6_2026-07-29_10-44-28,self_reference,2026-07-29 10:05:20.676107+00,"{""item"": ""heartless"", ""language"": ""FR"", ""subphase"": ""2a"", ""data_type"": ""self_reference"", ""item_index"": 14, ""session_id"": ""773890d6_2026-07-29_10-44-28"", ""choice_text"": ""Ancien"", ""choice_index"": 1}"
2054,773890d6_2026-07-29_10-44-28,self_reference,2026-07-29 10:05:20.676107+00,"{""item"": ""heartless"", ""language"": ""FR"", ""subphase"": ""2b"", ""data_type"": ""self_reference"", ""item_index"": 14, ""session_id"": ""773890d6_2026-07-29_10-44-28"", ""choice_text"": ""Je suis heartless."", ""choice_index"": 0}"
2055,773890d6_2026-07-29_10-44-28,self_reference,2026-07-29 10:05:20.676107+00,"{""item"": ""opportunist"", ""language"": ""FR"", ""subphase"": ""2a"", ""data_type"": ""self_reference"", ""item_index"": 15, ""session_id"": ""773890d6_2026-07-29_10-44-28"", ""choice_text"": ""Ancien"", ""choice_index"": 1}"
2056,773890d6_2026-07-29_10-44-28,self_reference,2026-07-29 10:05:20.676107+00,"{""item"": ""opportunist"", ""language"": ""FR"", ""subphase"": ""2b"", ""data_type"": ""self_reference"", ""item_index"": 15, ""session_id"": ""773890d6_2026-07-29_10-44-28"", ""choice_text"": ""Je suis opportunist."", ""choice_index"": 0}"
2057,773890d6_2026-07-29_10-44-28,self_reference,2026-07-29 10:05:20.676107+00,"{""item"": ""envious"", ""language"": ""FR"", ""subphase"": ""2a"", ""data_type"": ""self_reference"", ""item_index"": 16, ""session_id"": ""773890d6_2026-07-29_10-44-28"", ""choice_text"": ""Ancien"", ""choice_index"": 1}"
2058,773890d6_2026-07-29_10-44-28,self_reference,2026-07-29 10:05:20.676107+00,"{""item"": ""envious"", ""language"": ""FR"", ""subphase"": ""2b"", ""data_type"": ""self_reference"", ""item_index"": 16, ""session_id"": ""773890d6_2026-07-29_10-44-28"", ""choice_text"": ""Je suis envious."", ""choice_index"": 0}"
2059,773890d6_2026-07-29_10-44-28,self_reference,2026-07-29 10:05:20.676107+00,"{""item"": ""silent"", ""language"": ""FR"", ""subphase"": ""2a"", ""data_type"": ""self_reference"", ""item_index"": 17, ""session_id"": ""773890d6_2026-07-29_10-44-28"", ""choice_text"": ""Ancien"", ""choice_index"": 1}"
2060,773890d6_2026-07-29_10-44-28,self_reference,2026-07-29 10:05:20.676107+00,"{""item"": ""silent"", ""language"": ""FR"", ""subphase"": ""2b"", ""data_type"": ""self_reference"", ""item_index"": 17, ""session_id"": ""773890d6_2026-07-29_10-44-28"", ""choice_text"": ""Je suis silent."", ""choice_index"": 0}"
2061,773890d6_2026-07-29_10-44-28,self_reference,2026-07-29 10:05:20.676107+00,"{""item"": ""unsociable"", ""language"": ""FR"", ""subphase"": ""2a"", ""data_type"": ""self_reference"", ""item_index"": 18, ""session_id"": ""773890d6_2026-07-29_10-44-28"", ""choice_text"": ""Ancien"", ""choice_index"": 1}"
2062,773890d6_2026-07-29_10-44-28,self_reference,2026-07-29 10:05:20.676107+00,"{""item"": ""unsociable"", ""language"": ""FR"", ""subphase"": ""2b"", ""data_type"": ""self_reference"", ""item_index"": 18, ""session_id"": ""773890d6_2026-07-29_10-44-28"", ""choice_text"": ""Je suis unsociable."", ""choice_index"": 0}"
2063,773890d6_2026-07-29_10-44-28,self_reference,2026-07-29 10:05:20.676107+00,"{""item"": ""sly"", ""language"": ""FR"", ""subphase"": ""2a"", ""data_type"": ""self_reference"", ""item_index"": 19, ""session_id"": ""773890d6_2026-07-29_10-44-28"", ""choice_text"": ""Nouveau"", ""choice_index"": 0}"
2064,773890d6_2026-07-29_10-44-28,self_reference,2026-07-29 10:05:20.676107+00,"{""item"": ""bragging"", ""language"": ""FR"", ""subphase"": ""2a"", ""data_type"": ""self_reference"", ""item_index"": 20, ""session_id"": ""773890d6_2026-07-29_10-44-28"", ""choice_text"": ""Ancien"", ""choice_index"": 1}"
2065,773890d6_2026-07-29_10-44-28,self_reference,2026-07-29 10:05:20.676107+00,"{""item"": ""bragging"", ""language"": ""FR"", ""subphase"": ""2b"", ""data_type"": ""self_reference"", ""item_index"": 20, ""session_id"": ""773890d6_2026-07-29_10-44-28"", ""choice_text"": ""Les autres sont bragging."", ""choice_index"": 1}"
2066,773890d6_2026-07-29_10-44-28,self_reference,2026-07-29 10:05:20.676107+00,"{""item"": ""mean"", ""language"": ""FR"", ""subphase"": ""2a"", ""data_type"": ""self_reference"", ""item_index"": 21, ""session_id"": ""773890d6_2026-07-29_10-44-28"", ""choice_text"": ""Ancien"", ""choice_index"": 1}"
2067,773890d6_2026-07-29_10-44-28,self_reference,2026-07-29 10:05:20.676107+00,"{""item"": ""mean"", ""language"": ""FR"", ""subphase"": ""2b"", ""data_type"": ""self_reference"", ""item_index"": 21, ""session_id"": ""773890d6_2026-07-29_10-44-28"", ""choice_text"": ""Je suis mean."", ""choice_index"": 0}"
2068,773890d6_2026-07-29_10-44-28,self_reference,2026-07-29 10:05:20.676107+00,"{""item"": ""bossy"", ""language"": ""FR"", ""subphase"": ""2a"", ""data_type"": ""self_reference"", ""item_index"": 22, ""session_id"": ""773890d6_2026-07-29_10-44-28"", ""choice_text"": ""Ancien"", ""choice_index"": 1}"
2069,773890d6_2026-07-29_10-44-28,self_reference,2026-07-29 10:05:20.676107+00,"{""item"": ""bossy"", ""language"": ""FR"", ""subphase"": ""2b"", ""data_type"": ""self_reference"", ""item_index"": 22, ""session_id"": ""773890d6_2026-07-29_10-44-28"", ""choice_text"": ""Je suis bossy."", ""choice_index"": 0}"
2070,773890d6_2026-07-29_10-44-28,self_reference,2026-07-29 10:05:20.676107+00,"{""item"": ""hesitant"", ""language"": ""FR"", ""subphase"": ""2a"", ""data_type"": ""self_reference"", ""item_index"": 23, ""session_id"": ""773890d6_2026-07-29_10-44-28"", ""choice_text"": ""Nouveau"", ""choice_index"": 0}"
2071,773890d6_2026-07-29_10-44-28,self_reference,2026-07-29 10:05:20.676107+00,"{""item"": ""obstinate"", ""language"": ""FR"", ""subphase"": ""2a"", ""data_type"": ""self_reference"", ""item_index"": 24, ""session_id"": ""773890d6_2026-07-29_10-44-28"", ""choice_text"": ""Nouveau"", ""choice_index"": 0}"
2072,773890d6_2026-07-29_10-44-28,self_reference,2026-07-29 10:05:20.676107+00,"{""item"": ""irresponsible"", ""language"": ""FR"", ""subphase"": ""2a"", ""data_type"": ""self_reference"", ""item_index"": 25, ""session_id"": ""773890d6_2026-07-29_10-44-28"", ""choice_text"": ""Nouveau"", ""choice_index"": 0}"
2073,773890d6_2026-07-29_10-44-28,self_reference,2026-07-29 10:05:20.676107+00,"{""item"": ""eccentric"", ""language"": ""FR"", ""subphase"": ""2a"", ""data_type"": ""self_reference"", ""item_index"": 26, ""session_id"": ""773890d6_2026-07-29_10-44-28"", ""choice_text"": ""Ancien"", ""choice_index"": 1}"
2074,773890d6_2026-07-29_10-44-28,self_reference,2026-07-29 10:05:20.676107+00,"{""item"": ""eccentric"", ""language"": ""FR"", ""subphase"": ""2b"", ""data_type"": ""self_reference"", ""item_index"": 26, ""session_id"": ""773890d6_2026-07-29_10-44-28"", ""choice_text"": ""Les autres sont eccentric."", ""choice_index"": 1}"
2075,773890d6_2026-07-29_10-44-28,self_reference,2026-07-29 10:05:20.676107+00,"{""item"": ""clownish"", ""language"": ""FR"", ""subphase"": ""2a"", ""data_type"": ""self_reference"", ""item_index"": 27, ""session_id"": ""773890d6_2026-07-29_10-44-28"", ""choice_text"": ""Ancien"", ""choice_index"": 1}"
2076,773890d6_2026-07-29_10-44-28,self_reference,2026-07-29 10:05:20.676107+00,"{""item"": ""clownish"", ""language"": ""FR"", ""subphase"": ""2b"", ""data_type"": ""self_reference"", ""item_index"": 27, ""session_id"": ""773890d6_2026-07-29_10-44-28"", ""choice_text"": ""Les autres sont clownish."", ""choice_index"": 1}"
2077,773890d6_2026-07-29_10-44-28,self_reference,2026-07-29 10:05:20.676107+00,"{""item"": ""unreliable"", ""language"": ""FR"", ""subphase"": ""2a"", ""data_type"": ""self_reference"", ""item_index"": 28, ""session_id"": ""773890d6_2026-07-29_10-44-28"", ""choice_text"": ""Ancien"", ""choice_index"": 1}"
2078,773890d6_2026-07-29_10-44-28,self_reference,2026-07-29 10:05:20.676107+00,"{""item"": ""unreliable"", ""language"": ""FR"", ""subphase"": ""2b"", ""data_type"": ""self_reference"", ""item_index"": 28, ""session_id"": ""773890d6_2026-07-29_10-44-28"", ""choice_text"": ""Les autres sont unreliable."", ""choice_index"": 1}"
2079,773890d6_2026-07-29_10-44-28,self_reference,2026-07-29 10:05:20.676107+00,"{""item"": ""misfit"", ""language"": ""FR"", ""subphase"": ""2a"", ""data_type"": ""self_reference"", ""item_index"": 29, ""session_id"": ""773890d6_2026-07-29_10-44-28"", ""choice_text"": ""Ancien"", ""choice_index"": 1}"
2080,773890d6_2026-07-29_10-44-28,self_reference,2026-07-29 10:05:20.676107+00,"{""item"": ""misfit"", ""language"": ""FR"", ""subphase"": ""2b"", ""data_type"": ""self_reference"", ""item_index"": 29, ""session_id"": ""773890d6_2026-07-29_10-44-28"", ""choice_text"": ""Les autres sont misfit."", ""choice_index"": 1}"
2081,773890d6_2026-07-29_10-44-28,self_reference,2026-07-29 10:05:20.676107+00,"{""item"": ""frustrated"", ""language"": ""FR"", ""subphase"": ""2a"", ""data_type"": ""self_reference"", ""item_index"": 30, ""session_id"": ""773890d6_2026-07-29_10-44-28"", ""choice_text"": ""Ancien"", ""choice_index"": 1}"
2082,773890d6_2026-07-29_10-44-28,self_reference,2026-07-29 10:05:20.676107+00,"{""item"": ""frustrated"", ""language"": ""FR"", ""subphase"": ""2b"", ""data_type"": ""self_reference"", ""item_index"": 30, ""session_id"": ""773890d6_2026-07-29_10-44-28"", ""choice_text"": ""Les autres sont frustrated."", ""choice_index"": 1}"
2083,773890d6_2026-07-29_10-44-28,self_reference,2026-07-29 10:05:20.676107+00,"{""item"": ""disobedient"", ""language"": ""FR"", ""subphase"": ""2a"", ""data_type"": ""self_reference"", ""item_index"": 31, ""session_id"": ""773890d6_2026-07-29_10-44-28"", ""choice_text"": ""Ancien"", ""choice_index"": 1}"
2084,773890d6_2026-07-29_10-44-28,self_reference,2026-07-29 10:05:20.676107+00,"{""item"": ""disobedient"", ""language"": ""FR"", ""subphase"": ""2b"", ""data_type"": ""self_reference"", ""item_index"": 31, ""session_id"": ""773890d6_2026-07-29_10-44-28"", ""choice_text"": ""Les autres sont disobedient."", ""choice_index"": 1}"
2085,773890d6_2026-07-29_10-44-28,self_reference,2026-07-29 10:05:20.676107+00,"{""item"": ""weak"", ""language"": ""FR"", ""subphase"": ""2a"", ""data_type"": ""self_reference"", ""item_index"": 32, ""session_id"": ""773890d6_2026-07-29_10-44-28"", ""choice_text"": ""Nouveau"", ""choice_index"": 0}"
2086,773890d6_2026-07-29_10-44-28,self_reference,2026-07-29 10:05:20.676107+00,"{""item"": ""pessimistic"", ""language"": ""FR"", ""subphase"": ""2a"", ""data_type"": ""self_reference"", ""item_index"": 33, ""session_id"": ""773890d6_2026-07-29_10-44-28"", ""choice_text"": ""Ancien"", ""choice_index"": 1}"
2087,773890d6_2026-07-29_10-44-28,self_reference,2026-07-29 10:05:20.676107+00,"{""item"": ""pessimistic"", ""language"": ""FR"", ""subphase"": ""2b"", ""data_type"": ""self_reference"", ""item_index"": 33, ""session_id"": ""773890d6_2026-07-29_10-44-28"", ""choice_text"": ""Je suis pessimistic."", ""choice_index"": 0}"
2088,773890d6_2026-07-29_10-44-28,self_reference,2026-07-29 10:05:20.676107+00,"{""item"": ""untruthful"", ""language"": ""FR"", ""subphase"": ""2a"", ""data_type"": ""self_reference"", ""item_index"": 34, ""session_id"": ""773890d6_2026-07-29_10-44-28"", ""choice_text"": ""Nouveau"", ""choice_index"": 0}"
2089,773890d6_2026-07-29_10-44-28,self_reference,2026-07-29 10:05:20.676107+00,"{""item"": ""short-tempered"", ""language"": ""FR"", ""subphase"": ""2a"", ""data_type"": ""self_reference"", ""item_index"": 35, ""session_id"": ""773890d6_2026-07-29_10-44-28"", ""choice_text"": ""Ancien"", ""choice_index"": 1}"
2090,773890d6_2026-07-29_10-44-28,self_reference,2026-07-29 10:05:20.676107+00,"{""item"": ""short-tempered"", ""language"": ""FR"", ""subphase"": ""2b"", ""data_type"": ""self_reference"", ""item_index"": 35, ""session_id"": ""773890d6_2026-07-29_10-44-28"", ""choice_text"": ""Les autres sont short-tempered."", ""choice_index"": 1}"
2091,773890d6_2026-07-29_10-44-28,self_reference,2026-07-29 10:05:20.676107+00,"{""item"": ""noisy"", ""language"": ""FR"", ""subphase"": ""2a"", ""data_type"": ""self_reference"", ""item_index"": 36, ""session_id"": ""773890d6_2026-07-29_10-44-28"", ""choice_text"": ""Ancien"", ""choice_index"": 1}"
2092,773890d6_2026-07-29_10-44-28,self_reference,2026-07-29 10:05:20.676107+00,"{""item"": ""noisy"", ""language"": ""FR"", ""subphase"": ""2b"", ""data_type"": ""self_reference"", ""item_index"": 36, ""session_id"": ""773890d6_2026-07-29_10-44-28"", ""choice_text"": ""Les autres sont noisy."", ""choice_index"": 1}"
2093,773890d6_2026-07-29_10-44-28,self_reference,2026-07-29 10:05:20.676107+00,"{""item"": ""indecisive"", ""language"": ""FR"", ""subphase"": ""2a"", ""data_type"": ""self_reference"", ""item_index"": 37, ""session_id"": ""773890d6_2026-07-29_10-44-28"", ""choice_text"": ""Nouveau"", ""choice_index"": 0}"
2094,773890d6_2026-07-29_10-44-28,self_reference,2026-07-29 10:05:20.676107+00,"{""item"": ""unpopular"", ""language"": ""FR"", ""subphase"": ""2a"", ""data_type"": ""self_reference"", ""item_index"": 38, ""session_id"": ""773890d6_2026-07-29_10-44-28"", ""choice_text"": ""Ancien"", ""choice_index"": 1}"
2095,773890d6_2026-07-29_10-44-28,self_reference,2026-07-29 10:05:20.676107+00,"{""item"": ""unpopular"", ""language"": ""FR"", ""subphase"": ""2b"", ""data_type"": ""self_reference"", ""item_index"": 38, ""session_id"": ""773890d6_2026-07-29_10-44-28"", ""choice_text"": ""Les autres sont unpopular."", ""choice_index"": 1}"
2096,773890d6_2026-07-29_10-44-28,self_reference,2026-07-29 10:05:20.676107+00,"{""item"": ""absent-minded"", ""language"": ""FR"", ""subphase"": ""2a"", ""data_type"": ""self_reference"", ""item_index"": 39, ""session_id"": ""773890d6_2026-07-29_10-44-28"", ""choice_text"": ""Nouveau"", ""choice_index"": 0}"
2097,773890d6_2026-07-29_10-44-28,self_reference,2026-07-29 10:05:20.676107+00,"{""item"": ""outgoing"", ""language"": ""FR"", ""subphase"": ""2a"", ""data_type"": ""self_reference"", ""item_index"": 40, ""session_id"": ""773890d6_2026-07-29_10-44-28"", ""choice_text"": ""Ancien"", ""choice_index"": 1}"
2098,773890d6_2026-07-29_10-44-28,self_reference,2026-07-29 10:05:20.676107+00,"{""item"": ""outgoing"", ""language"": ""FR"", ""subphase"": ""2b"", ""data_type"": ""self_reference"", ""item_index"": 40, ""session_id"": ""773890d6_2026-07-29_10-44-28"", ""choice_text"": ""Je suis outgoing."", ""choice_index"": 0}"
2099,773890d6_2026-07-29_10-44-28,self_reference,2026-07-29 10:05:20.676107+00,"{""item"": ""logical"", ""language"": ""FR"", ""subphase"": ""2a"", ""data_type"": ""self_reference"", ""item_index"": 41, ""session_id"": ""773890d6_2026-07-29_10-44-28"", ""choice_text"": ""Ancien"", ""choice_index"": 1}"
2100,773890d6_2026-07-29_10-44-28,self_reference,2026-07-29 10:05:20.676107+00,"{""item"": ""logical"", ""language"": ""FR"", ""subphase"": ""2b"", ""data_type"": ""self_reference"", ""item_index"": 41, ""session_id"": ""773890d6_2026-07-29_10-44-28"", ""choice_text"": ""Je suis logical."", ""choice_index"": 0}"
2101,773890d6_2026-07-29_10-44-28,self_reference,2026-07-29 10:05:20.676107+00,"{""item"": ""quick"", ""language"": ""FR"", ""subphase"": ""2a"", ""data_type"": ""self_reference"", ""item_index"": 42, ""session_id"": ""773890d6_2026-07-29_10-44-28"", ""choice_text"": ""Ancien"", ""choice_index"": 1}"
2102,773890d6_2026-07-29_10-44-28,self_reference,2026-07-29 10:05:20.676107+00,"{""item"": ""quick"", ""language"": ""FR"", ""subphase"": ""2b"", ""data_type"": ""self_reference"", ""item_index"": 42, ""session_id"": ""773890d6_2026-07-29_10-44-28"", ""choice_text"": ""Je suis quick."", ""choice_index"": 0}"
2103,773890d6_2026-07-29_10-44-28,self_reference,2026-07-29 10:05:20.676107+00,"{""item"": ""mature"", ""language"": ""FR"", ""subphase"": ""2a"", ""data_type"": ""self_reference"", ""item_index"": 43, ""session_id"": ""773890d6_2026-07-29_10-44-28"", ""choice_text"": ""Ancien"", ""choice_index"": 1}"
2104,773890d6_2026-07-29_10-44-28,self_reference,2026-07-29 10:05:20.676107+00,"{""item"": ""mature"", ""language"": ""FR"", ""subphase"": ""2b"", ""data_type"": ""self_reference"", ""item_index"": 43, ""session_id"": ""773890d6_2026-07-29_10-44-28"", ""choice_text"": ""Je suis mature."", ""choice_index"": 0}"
2105,773890d6_2026-07-29_10-44-28,self_reference,2026-07-29 10:05:20.676107+00,"{""item"": ""artistic"", ""language"": ""FR"", ""subphase"": ""2a"", ""data_type"": ""self_reference"", ""item_index"": 44, ""session_id"": ""773890d6_2026-07-29_10-44-28"", ""choice_text"": ""Ancien"", ""choice_index"": 1}"
2106,773890d6_2026-07-29_10-44-28,self_reference,2026-07-29 10:05:20.676107+00,"{""item"": ""artistic"", ""language"": ""FR"", ""subphase"": ""2b"", ""data_type"": ""self_reference"", ""item_index"": 44, ""session_id"": ""773890d6_2026-07-29_10-44-28"", ""choice_text"": ""Je suis artistic."", ""choice_index"": 0}"
2107,773890d6_2026-07-29_10-44-28,self_reference,2026-07-29 10:05:20.676107+00,"{""item"": ""prudent"", ""language"": ""FR"", ""subphase"": ""2a"", ""data_type"": ""self_reference"", ""item_index"": 45, ""session_id"": ""773890d6_2026-07-29_10-44-28"", ""choice_text"": ""Ancien"", ""choice_index"": 1}"
2108,773890d6_2026-07-29_10-44-28,self_reference,2026-07-29 10:05:20.676107+00,"{""item"": ""prudent"", ""language"": ""FR"", ""subphase"": ""2b"", ""data_type"": ""self_reference"", ""item_index"": 45, ""session_id"": ""773890d6_2026-07-29_10-44-28"", ""choice_text"": ""Je suis prudent."", ""choice_index"": 0}"
2109,773890d6_2026-07-29_10-44-28,self_reference,2026-07-29 10:05:20.676107+00,"{""item"": ""moralistic"", ""language"": ""FR"", ""subphase"": ""2a"", ""data_type"": ""self_reference"", ""item_index"": 46, ""session_id"": ""773890d6_2026-07-29_10-44-28"", ""choice_text"": ""Ancien"", ""choice_index"": 1}"
2110,773890d6_2026-07-29_10-44-28,self_reference,2026-07-29 10:05:20.676107+00,"{""item"": ""moralistic"", ""language"": ""FR"", ""subphase"": ""2b"", ""data_type"": ""self_reference"", ""item_index"": 46, ""session_id"": ""773890d6_2026-07-29_10-44-28"", ""choice_text"": ""Je suis moralistic."", ""choice_index"": 0}"
2111,773890d6_2026-07-29_10-44-28,self_reference,2026-07-29 10:05:20.676107+00,"{""item"": ""inventive"", ""language"": ""FR"", ""subphase"": ""2a"", ""data_type"": ""self_reference"", ""item_index"": 47, ""session_id"": ""773890d6_2026-07-29_10-44-28"", ""choice_text"": ""Ancien"", ""choice_index"": 1}"
2112,773890d6_2026-07-29_10-44-28,self_reference,2026-07-29 10:05:20.676107+00,"{""item"": ""inventive"", ""language"": ""FR"", ""subphase"": ""2b"", ""data_type"": ""self_reference"", ""item_index"": 47, ""session_id"": ""773890d6_2026-07-29_10-44-28"", ""choice_text"": ""Je suis inventive."", ""choice_index"": 0}"
2113,773890d6_2026-07-29_10-44-28,self_reference,2026-07-29 10:05:20.676107+00,"{""item"": ""hopeful"", ""language"": ""FR"", ""subphase"": ""2a"", ""data_type"": ""self_reference"", ""item_index"": 48, ""session_id"": ""773890d6_2026-07-29_10-44-28"", ""choice_text"": ""Nouveau"", ""choice_index"": 0}"
2114,773890d6_2026-07-29_10-44-28,self_reference,2026-07-29 10:05:20.676107+00,"{""item"": ""sincere"", ""language"": ""FR"", ""subphase"": ""2a"", ""data_type"": ""self_reference"", ""item_index"": 49, ""session_id"": ""773890d6_2026-07-29_10-44-28"", ""choice_text"": ""Ancien"", ""choice_index"": 1}"
2115,773890d6_2026-07-29_10-44-28,self_reference,2026-07-29 10:05:20.676107+00,"{""item"": ""sincere"", ""language"": ""FR"", ""subphase"": ""2b"", ""data_type"": ""self_reference"", ""item_index"": 49, ""session_id"": ""773890d6_2026-07-29_10-44-28"", ""choice_text"": ""Je suis sincere."", ""choice_index"": 0}"
2116,773890d6_2026-07-29_10-44-28,self_reference,2026-07-29 10:05:20.676107+00,"{""item"": ""persuasive"", ""language"": ""FR"", ""subphase"": ""2a"", ""data_type"": ""self_reference"", ""item_index"": 50, ""session_id"": ""773890d6_2026-07-29_10-44-28"", ""choice_text"": ""Ancien"", ""choice_index"": 1}"
2117,773890d6_2026-07-29_10-44-28,self_reference,2026-07-29 10:05:20.676107+00,"{""item"": ""persuasive"", ""language"": ""FR"", ""subphase"": ""2b"", ""data_type"": ""self_reference"", ""item_index"": 50, ""session_id"": ""773890d6_2026-07-29_10-44-28"", ""choice_text"": ""Je suis persuasive."", ""choice_index"": 0}"
2118,773890d6_2026-07-29_10-44-28,self_reference,2026-07-29 10:05:20.676107+00,"{""item"": ""methodical"", ""language"": ""FR"", ""subphase"": ""2a"", ""data_type"": ""self_reference"", ""item_index"": 51, ""session_id"": ""773890d6_2026-07-29_10-44-28"", ""choice_text"": ""Ancien"", ""choice_index"": 1}"
2119,773890d6_2026-07-29_10-44-28,self_reference,2026-07-29 10:05:20.676107+00,"{""item"": ""methodical"", ""language"": ""FR"", ""subphase"": ""2b"", ""data_type"": ""self_reference"", ""item_index"": 51, ""session_id"": ""773890d6_2026-07-29_10-44-28"", ""choice_text"": ""Je suis methodical."", ""choice_index"": 0}"
2120,773890d6_2026-07-29_10-44-28,self_reference,2026-07-29 10:05:20.676107+00,"{""item"": ""relaxed"", ""language"": ""FR"", ""subphase"": ""2a"", ""data_type"": ""self_reference"", ""item_index"": 52, ""session_id"": ""773890d6_2026-07-29_10-44-28"", ""choice_text"": ""Ancien"", ""choice_index"": 1}"
2121,773890d6_2026-07-29_10-44-28,self_reference,2026-07-29 10:05:20.676107+00,"{""item"": ""relaxed"", ""language"": ""FR"", ""subphase"": ""2b"", ""data_type"": ""self_reference"", ""item_index"": 52, ""session_id"": ""773890d6_2026-07-29_10-44-28"", ""choice_text"": ""Je suis relaxed."", ""choice_index"": 0}"
2122,773890d6_2026-07-29_10-44-28,self_reference,2026-07-29 10:05:20.676107+00,"{""item"": ""generous"", ""language"": ""FR"", ""subphase"": ""2a"", ""data_type"": ""self_reference"", ""item_index"": 53, ""session_id"": ""773890d6_2026-07-29_10-44-28"", ""choice_text"": ""Ancien"", ""choice_index"": 1}"
2123,773890d6_2026-07-29_10-44-28,self_reference,2026-07-29 10:05:20.676107+00,"{""item"": ""generous"", ""language"": ""FR"", ""subphase"": ""2b"", ""data_type"": ""self_reference"", ""item_index"": 53, ""session_id"": ""773890d6_2026-07-29_10-44-28"", ""choice_text"": ""Je suis generous."", ""choice_index"": 0}"
2124,773890d6_2026-07-29_10-44-28,self_reference,2026-07-29 10:05:20.676107+00,"{""item"": ""agreeable"", ""language"": ""FR"", ""subphase"": ""2a"", ""data_type"": ""self_reference"", ""item_index"": 54, ""session_id"": ""773890d6_2026-07-29_10-44-28"", ""choice_text"": ""Nouveau"", ""choice_index"": 0}"
2125,773890d6_2026-07-29_10-44-28,self_reference,2026-07-29 10:05:20.676107+00,"{""item"": ""realist"", ""language"": ""FR"", ""subphase"": ""2a"", ""data_type"": ""self_reference"", ""item_index"": 55, ""session_id"": ""773890d6_2026-07-29_10-44-28"", ""choice_text"": ""Ancien"", ""choice_index"": 1}"
2126,773890d6_2026-07-29_10-44-28,self_reference,2026-07-29 10:05:20.676107+00,"{""item"": ""realist"", ""language"": ""FR"", ""subphase"": ""2b"", ""data_type"": ""self_reference"", ""item_index"": 55, ""session_id"": ""773890d6_2026-07-29_10-44-28"", ""choice_text"": ""Je suis realist."", ""choice_index"": 0}"
2127,773890d6_2026-07-29_10-44-28,self_reference,2026-07-29 10:05:20.676107+00,"{""item"": ""well-mannered"", ""language"": ""FR"", ""subphase"": ""2a"", ""data_type"": ""self_reference"", ""item_index"": 56, ""session_id"": ""773890d6_2026-07-29_10-44-28"", ""choice_text"": ""Ancien"", ""choice_index"": 1}"
2128,773890d6_2026-07-29_10-44-28,self_reference,2026-07-29 10:05:20.676107+00,"{""item"": ""well-mannered"", ""language"": ""FR"", ""subphase"": ""2b"", ""data_type"": ""self_reference"", ""item_index"": 56, ""session_id"": ""773890d6_2026-07-29_10-44-28"", ""choice_text"": ""Je suis well-mannered."", ""choice_index"": 0}"
2129,773890d6_2026-07-29_10-44-28,self_reference,2026-07-29 10:05:20.676107+00,"{""item"": ""reasonable"", ""language"": ""FR"", ""subphase"": ""2a"", ""data_type"": ""self_reference"", ""item_index"": 57, ""session_id"": ""773890d6_2026-07-29_10-44-28"", ""choice_text"": ""Nouveau"", ""choice_index"": 0}"
2130,773890d6_2026-07-29_10-44-28,self_reference,2026-07-29 10:05:20.676107+00,"{""item"": ""kind"", ""language"": ""FR"", ""subphase"": ""2a"", ""data_type"": ""self_reference"", ""item_index"": 58, ""session_id"": ""773890d6_2026-07-29_10-44-28"", ""choice_text"": ""Ancien"", ""choice_index"": 1}"
2131,773890d6_2026-07-29_10-44-28,self_reference,2026-07-29 10:05:20.676107+00,"{""item"": ""kind"", ""language"": ""FR"", ""subphase"": ""2b"", ""data_type"": ""self_reference"", ""item_index"": 58, ""session_id"": ""773890d6_2026-07-29_10-44-28"", ""choice_text"": ""Je suis kind."", ""choice_index"": 0}"
2132,773890d6_2026-07-29_10-44-28,self_reference,2026-07-29 10:05:20.676107+00,"{""item"": ""reliable"", ""language"": ""FR"", ""subphase"": ""2a"", ""data_type"": ""self_reference"", ""item_index"": 59, ""session_id"": ""773890d6_2026-07-29_10-44-28"", ""choice_text"": ""Ancien"", ""choice_index"": 1}"
2133,773890d6_2026-07-29_10-44-28,self_reference,2026-07-29 10:05:20.676107+00,"{""item"": ""reliable"", ""language"": ""FR"", ""subphase"": ""2b"", ""data_type"": ""self_reference"", ""item_index"": 59, ""session_id"": ""773890d6_2026-07-29_10-44-28"", ""choice_text"": ""Les autres sont reliable."", ""choice_index"": 1}"
2134,773890d6_2026-07-29_10-44-28,self_reference,2026-07-29 10:05:20.676107+00,"{""item"": ""skillful"", ""language"": ""FR"", ""subphase"": ""2a"", ""data_type"": ""self_reference"", ""item_index"": 60, ""session_id"": ""773890d6_2026-07-29_10-44-28"", ""choice_text"": ""Nouveau"", ""choice_index"": 0}"
2135,773890d6_2026-07-29_10-44-28,self_reference,2026-07-29 10:05:20.676107+00,"{""item"": ""polite"", ""language"": ""FR"", ""subphase"": ""2a"", ""data_type"": ""self_reference"", ""item_index"": 61, ""session_id"": ""773890d6_2026-07-29_10-44-28"", ""choice_text"": ""Nouveau"", ""choice_index"": 0}"
2136,773890d6_2026-07-29_10-44-28,self_reference,2026-07-29 10:05:20.676107+00,"{""item"": ""lucky"", ""language"": ""FR"", ""subphase"": ""2a"", ""data_type"": ""self_reference"", ""item_index"": 62, ""session_id"": ""773890d6_2026-07-29_10-44-28"", ""choice_text"": ""Nouveau"", ""choice_index"": 0}"
2137,773890d6_2026-07-29_10-44-28,self_reference,2026-07-29 10:05:20.676107+00,"{""item"": ""self-confident"", ""language"": ""FR"", ""subphase"": ""2a"", ""data_type"": ""self_reference"", ""item_index"": 63, ""session_id"": ""773890d6_2026-07-29_10-44-28"", ""choice_text"": ""Ancien"", ""choice_index"": 1}"
2138,773890d6_2026-07-29_10-44-28,self_reference,2026-07-29 10:05:20.676107+00,"{""item"": ""self-confident"", ""language"": ""FR"", ""subphase"": ""2b"", ""data_type"": ""self_reference"", ""item_index"": 63, ""session_id"": ""773890d6_2026-07-29_10-44-28"", ""choice_text"": ""Les autres sont self-confident."", ""choice_index"": 1}"
2139,773890d6_2026-07-29_10-44-28,self_reference,2026-07-29 10:05:20.676107+00,"{""item"": ""fearless"", ""language"": ""FR"", ""subphase"": ""2a"", ""data_type"": ""self_reference"", ""item_index"": 64, ""session_id"": ""773890d6_2026-07-29_10-44-28"", ""choice_text"": ""Nouveau"", ""choice_index"": 0}"
2140,773890d6_2026-07-29_10-44-28,self_reference,2026-07-29 10:05:20.676107+00,"{""item"": ""clean"", ""language"": ""FR"", ""subphase"": ""2a"", ""data_type"": ""self_reference"", ""item_index"": 65, ""session_id"": ""773890d6_2026-07-29_10-44-28"", ""choice_text"": ""Ancien"", ""choice_index"": 1}"
2141,773890d6_2026-07-29_10-44-28,self_reference,2026-07-29 10:05:20.676107+00,"{""item"": ""clean"", ""language"": ""FR"", ""subphase"": ""2b"", ""data_type"": ""self_reference"", ""item_index"": 65, ""session_id"": ""773890d6_2026-07-29_10-44-28"", ""choice_text"": ""Les autres sont clean."", ""choice_index"": 1}"
2142,773890d6_2026-07-29_10-44-28,self_reference,2026-07-29 10:05:20.676107+00,"{""item"": ""honest"", ""language"": ""FR"", ""subphase"": ""2a"", ""data_type"": ""self_reference"", ""item_index"": 66, ""session_id"": ""773890d6_2026-07-29_10-44-28"", ""choice_text"": ""Ancien"", ""choice_index"": 1}"
2143,773890d6_2026-07-29_10-44-28,self_reference,2026-07-29 10:05:20.676107+00,"{""item"": ""honest"", ""language"": ""FR"", ""subphase"": ""2b"", ""data_type"": ""self_reference"", ""item_index"": 66, ""session_id"": ""773890d6_2026-07-29_10-44-28"", ""choice_text"": ""Les autres sont honest."", ""choice_index"": 1}"
2144,773890d6_2026-07-29_10-44-28,self_reference,2026-07-29 10:05:20.676107+00,"{""item"": ""competent"", ""language"": ""FR"", ""subphase"": ""2a"", ""data_type"": ""self_reference"", ""item_index"": 67, ""session_id"": ""773890d6_2026-07-29_10-44-28"", ""choice_text"": ""Ancien"", ""choice_index"": 1}"
2145,773890d6_2026-07-29_10-44-28,self_reference,2026-07-29 10:05:20.676107+00,"{""item"": ""competent"", ""language"": ""FR"", ""subphase"": ""2b"", ""data_type"": ""self_reference"", ""item_index"": 67, ""session_id"": ""773890d6_2026-07-29_10-44-28"", ""choice_text"": ""Les autres sont competent."", ""choice_index"": 1}"
2146,773890d6_2026-07-29_10-44-28,self_reference,2026-07-29 10:05:20.676107+00,"{""item"": ""optimistic"", ""language"": ""FR"", ""subphase"": ""2a"", ""data_type"": ""self_reference"", ""item_index"": 68, ""session_id"": ""773890d6_2026-07-29_10-44-28"", ""choice_text"": ""Ancien"", ""choice_index"": 1}"
2147,773890d6_2026-07-29_10-44-28,self_reference,2026-07-29 10:05:20.676107+00,"{""item"": ""optimistic"", ""language"": ""FR"", ""subphase"": ""2b"", ""data_type"": ""self_reference"", ""item_index"": 68, ""session_id"": ""773890d6_2026-07-29_10-44-28"", ""choice_text"": ""Les autres sont optimistic."", ""choice_index"": 1}"
2148,773890d6_2026-07-29_10-44-28,self_reference,2026-07-29 10:05:20.676107+00,"{""item"": ""bright"", ""language"": ""FR"", ""subphase"": ""2a"", ""data_type"": ""self_reference"", ""item_index"": 69, ""session_id"": ""773890d6_2026-07-29_10-44-28"", ""choice_text"": ""Ancien"", ""choice_index"": 1}"
2149,773890d6_2026-07-29_10-44-28,self_reference,2026-07-29 10:05:20.676107+00,"{""item"": ""bright"", ""language"": ""FR"", ""subphase"": ""2b"", ""data_type"": ""self_reference"", ""item_index"": 69, ""session_id"": ""773890d6_2026-07-29_10-44-28"", ""choice_text"": ""Les autres sont bright."", ""choice_index"": 1}"
2150,773890d6_2026-07-29_10-44-28,self_reference,2026-07-29 10:05:20.676107+00,"{""item"": ""open-minded"", ""language"": ""FR"", ""subphase"": ""2a"", ""data_type"": ""self_reference"", ""item_index"": 70, ""session_id"": ""773890d6_2026-07-29_10-44-28"", ""choice_text"": ""Ancien"", ""choice_index"": 1}"
2151,773890d6_2026-07-29_10-44-28,self_reference,2026-07-29 10:05:20.676107+00,"{""item"": ""open-minded"", ""language"": ""FR"", ""subphase"": ""2b"", ""data_type"": ""self_reference"", ""item_index"": 70, ""session_id"": ""773890d6_2026-07-29_10-44-28"", ""choice_text"": ""Les autres sont open-minded."", ""choice_index"": 1}"
2152,773890d6_2026-07-29_10-44-28,self_reference,2026-07-29 10:05:20.676107+00,"{""item"": ""cooperative"", ""language"": ""FR"", ""subphase"": ""2a"", ""data_type"": ""self_reference"", ""item_index"": 71, ""session_id"": ""773890d6_2026-07-29_10-44-28"", ""choice_text"": ""Ancien"", ""choice_index"": 1}"
2153,773890d6_2026-07-29_10-44-28,self_reference,2026-07-29 10:05:20.676107+00,"{""item"": ""cooperative"", ""language"": ""FR"", ""subphase"": ""2b"", ""data_type"": ""self_reference"", ""item_index"": 71, ""session_id"": ""773890d6_2026-07-29_10-44-28"", ""choice_text"": ""Les autres sont cooperative."", ""choice_index"": 1}"
2154,773890d6_2026-07-29_10-44-28,self_reference,2026-07-29 10:05:20.676107+00,"{""item"": ""social"", ""language"": ""FR"", ""subphase"": ""2a"", ""data_type"": ""self_reference"", ""item_index"": 72, ""session_id"": ""773890d6_2026-07-29_10-44-28"", ""choice_text"": ""Nouveau"", ""choice_index"": 0}"
2155,773890d6_2026-07-29_10-44-28,self_reference,2026-07-29 10:05:20.676107+00,"{""item"": ""efficient"", ""language"": ""FR"", ""subphase"": ""2a"", ""data_type"": ""self_reference"", ""item_index"": 73, ""session_id"": ""773890d6_2026-07-29_10-44-28"", ""choice_text"": ""Nouveau"", ""choice_index"": 0}"
2156,773890d6_2026-07-29_10-44-28,self_reference,2026-07-29 10:05:20.676107+00,"{""item"": ""active"", ""language"": ""FR"", ""subphase"": ""2a"", ""data_type"": ""self_reference"", ""item_index"": 74, ""session_id"": ""773890d6_2026-07-29_10-44-28"", ""choice_text"": ""Ancien"", ""choice_index"": 1}"
2157,773890d6_2026-07-29_10-44-28,self_reference,2026-07-29 10:05:20.676107+00,"{""item"": ""active"", ""language"": ""FR"", ""subphase"": ""2b"", ""data_type"": ""self_reference"", ""item_index"": 74, ""session_id"": ""773890d6_2026-07-29_10-44-28"", ""choice_text"": ""Les autres sont active."", ""choice_index"": 1}"
2158,773890d6_2026-07-29_10-44-28,self_reference,2026-07-29 10:05:20.676107+00,"{""item"": ""ambitious"", ""language"": ""FR"", ""subphase"": ""2a"", ""data_type"": ""self_reference"", ""item_index"": 75, ""session_id"": ""773890d6_2026-07-29_10-44-28"", ""choice_text"": ""Ancien"", ""choice_index"": 1}"
2159,773890d6_2026-07-29_10-44-28,self_reference,2026-07-29 10:05:20.676107+00,"{""item"": ""ambitious"", ""language"": ""FR"", ""subphase"": ""2b"", ""data_type"": ""self_reference"", ""item_index"": 75, ""session_id"": ""773890d6_2026-07-29_10-44-28"", ""choice_text"": ""Les autres sont ambitious."", ""choice_index"": 1}"
2160,773890d6_2026-07-29_10-44-28,self_reference,2026-07-29 10:05:20.676107+00,"{""item"": ""outstanding"", ""language"": ""FR"", ""subphase"": ""2a"", ""data_type"": ""self_reference"", ""item_index"": 76, ""session_id"": ""773890d6_2026-07-29_10-44-28"", ""choice_text"": ""Ancien"", ""choice_index"": 1}"
2161,773890d6_2026-07-29_10-44-28,self_reference,2026-07-29 10:05:20.676107+00,"{""item"": ""outstanding"", ""language"": ""FR"", ""subphase"": ""2b"", ""data_type"": ""self_reference"", ""item_index"": 76, ""session_id"": ""773890d6_2026-07-29_10-44-28"", ""choice_text"": ""Les autres sont outstanding."", ""choice_index"": 1}"
2162,773890d6_2026-07-29_10-44-28,self_reference,2026-07-29 10:05:20.676107+00,"{""item"": ""responsible"", ""language"": ""FR"", ""subphase"": ""2a"", ""data_type"": ""self_reference"", ""item_index"": 77, ""session_id"": ""773890d6_2026-07-29_10-44-28"", ""choice_text"": ""Ancien"", ""choice_index"": 1}"
2163,773890d6_2026-07-29_10-44-28,self_reference,2026-07-29 10:05:20.676107+00,"{""item"": ""responsible"", ""language"": ""FR"", ""subphase"": ""2b"", ""data_type"": ""self_reference"", ""item_index"": 77, ""session_id"": ""773890d6_2026-07-29_10-44-28"", ""choice_text"": ""Je suis responsible."", ""choice_index"": 0}"
2164,773890d6_2026-07-29_10-44-28,self_reference,2026-07-29 10:05:20.676107+00,"{""item"": ""calm"", ""language"": ""FR"", ""subphase"": ""2a"", ""data_type"": ""self_reference"", ""item_index"": 78, ""session_id"": ""773890d6_2026-07-29_10-44-28"", ""choice_text"": ""Nouveau"", ""choice_index"": 0}"
2165,773890d6_2026-07-29_10-44-28,self_reference,2026-07-29 10:05:20.676107+00,"{""item"": ""humorous"", ""language"": ""FR"", ""subphase"": ""2a"", ""data_type"": ""self_reference"", ""item_index"": 79, ""session_id"": ""773890d6_2026-07-29_10-44-28"", ""choice_text"": ""Ancien"", ""choice_index"": 1}"
2166,773890d6_2026-07-29_10-44-28,self_reference,2026-07-29 10:05:20.676107+00,"{""item"": ""humorous"", ""language"": ""FR"", ""subphase"": ""2b"", ""data_type"": ""self_reference"", ""item_index"": 79, ""session_id"": ""773890d6_2026-07-29_10-44-28"", ""choice_text"": ""Les autres sont humorous."", ""choice_index"": 1}"
2167,22f2e714_2026-07-29_16-55-11,questionnaire,2026-07-29 14:57:03.406836+00,"{""language"": ""FR"", ""question"": ""language"", ""response"": ""FR"", ""data_type"": ""questionnaire"", ""session_id"": ""22f2e714_2026-07-29_16-55-11"", ""questionnaire_id"": ""language""}"
2168,22f2e714_2026-07-29_16-55-11,questionnaire,2026-07-29 14:57:03.406836+00,"{""language"": ""FR"", ""question"": ""email"", ""response"": ""ffes"", ""data_type"": ""questionnaire"", ""session_id"": ""22f2e714_2026-07-29_16-55-11"", ""questionnaire_id"": ""consent_agreement""}"
2169,22f2e714_2026-07-29_16-55-11,questionnaire,2026-07-29 14:57:03.406836+00,"{""language"": ""FR"", ""question"": ""participantName"", ""response"": ""fsesef"", ""data_type"": ""questionnaire"", ""session_id"": ""22f2e714_2026-07-29_16-55-11"", ""questionnaire_id"": ""consent_agreement""}"
2170,22f2e714_2026-07-29_16-55-11,questionnaire,2026-07-29 14:57:03.406836+00,"{""language"": ""FR"", ""question"": ""consentMajority"", ""response"": ""True"", ""data_type"": ""questionnaire"", ""session_id"": ""22f2e714_2026-07-29_16-55-11"", ""questionnaire_id"": ""consent_agreement""}"
2171,22f2e714_2026-07-29_16-55-11,questionnaire,2026-07-29 14:57:03.406836+00,"{""language"": ""FR"", ""question"": ""consentParticipationEnd"", ""response"": ""True"", ""data_type"": ""questionnaire"", ""session_id"": ""22f2e714_2026-07-29_16-55-11"", ""questionnaire_id"": ""consent_agreement""}"
2172,22f2e714_2026-07-29_16-55-11,questionnaire,2026-07-29 14:57:03.406836+00,"{""language"": ""FR"", ""question"": ""consentRiskEnds"", ""response"": ""True"", ""data_type"": ""questionnaire"", ""session_id"": ""22f2e714_2026-07-29_16-55-11"", ""questionnaire_id"": ""consent_agreement""}"
2173,22f2e714_2026-07-29_16-55-11,questionnaire,2026-07-29 14:57:03.406836+00,"{""language"": ""FR"", ""question"": ""consentAnsweredQuestions"", ""response"": ""True"", ""data_type"": ""questionnaire"", ""session_id"": ""22f2e714_2026-07-29_16-55-11"", ""questionnaire_id"": ""consent_agreement""}"
2174,22f2e714_2026-07-29_16-55-11,questionnaire,2026-07-29 14:57:03.406836+00,"{""language"": ""FR"", ""question"": ""consentFurtherQuestions"", ""response"": ""True"", ""data_type"": ""questionnaire"", ""session_id"": ""22f2e714_2026-07-29_16-55-11"", ""questionnaire_id"": ""consent_agreement""}"
2175,22f2e714_2026-07-29_16-55-11,questionnaire,2026-07-29 14:57:11.462366+00,"{""language"": ""FR"", ""question"": ""status"", ""response"": ""fes"", ""data_type"": ""questionnaire"", ""session_id"": ""22f2e714_2026-07-29_16-55-11"", ""questionnaire_id"": ""demographics""}"
2176,22f2e714_2026-07-29_16-55-11,questionnaire,2026-07-29 14:57:11.462366+00,"{""language"": ""FR"", ""question"": ""education"", ""response"": ""esf"", ""data_type"": ""questionnaire"", ""session_id"": ""22f2e714_2026-07-29_16-55-11"", ""questionnaire_id"": ""demographics""}"
2177,22f2e714_2026-07-29_16-55-11,questionnaire,2026-07-29 14:57:11.462366+00,"{""language"": ""FR"", ""question"": ""age"", ""response"": ""efs"", ""data_type"": ""questionnaire"", ""session_id"": ""22f2e714_2026-07-29_16-55-11"", ""questionnaire_id"": ""demographics""}"
2178,22f2e714_2026-07-29_16-55-11,questionnaire,2026-07-29 14:58:24.171618+00,"{""language"": ""FR"", ""question"": ""anxieux / anxieuse"", ""response"": ""pas du tout"", ""data_type"": ""questionnaire"", ""session_id"": ""22f2e714_2026-07-29_16-55-11"", ""questionnaire_id"": ""EES""}"
2179,22f2e714_2026-07-29_16-55-11,questionnaire,2026-07-29 14:58:24.171618+00,"{""language"": ""FR"", ""question"": ""frustré / frustrée"", ""response"": ""pas du tout"", ""data_type"": ""questionnaire"", ""session_id"": ""22f2e714_2026-07-29_16-55-11"", ""questionnaire_id"": ""EES""}"
2180,22f2e714_2026-07-29_16-55-11,questionnaire,2026-07-29 14:58:24.171618+00,"{""language"": ""FR"", ""question"": ""confus / confuse"", ""response"": ""un tout petit peu"", ""data_type"": ""questionnaire"", ""session_id"": ""22f2e714_2026-07-29_16-55-11"", ""questionnaire_id"": ""EES""}"
2181,22f2e714_2026-07-29_16-55-11,questionnaire,2026-07-29 14:58:24.171618+00,"{""language"": ""FR"", ""question"": ""surpris / surprise"", ""response"": ""fort"", ""data_type"": ""questionnaire"", ""session_id"": ""22f2e714_2026-07-29_16-55-11"", ""questionnaire_id"": ""EES""}"
2182,22f2e714_2026-07-29_16-55-11,questionnaire,2026-07-29 14:58:24.171618+00,"{""language"": ""FR"", ""question"": ""excité / excitée"", ""response"": ""pas du tout"", ""data_type"": ""questionnaire"", ""session_id"": ""22f2e714_2026-07-29_16-55-11"", ""questionnaire_id"": ""EES""}"
2183,22f2e714_2026-07-29_16-55-11,questionnaire,2026-07-29 14:58:24.171618+00,"{""language"": ""FR"", ""question"": ""ennuyé / ennuyée"", ""response"": ""fort"", ""data_type"": ""questionnaire"", ""session_id"": ""22f2e714_2026-07-29_16-55-11"", ""questionnaire_id"": ""EES""}"
2184,22f2e714_2026-07-29_16-55-11,questionnaire,2026-07-29 14:58:24.171618+00,"{""language"": ""FR"", ""question"": ""curieux / curieuse"", ""response"": ""un tout petit peu"", ""data_type"": ""questionnaire"", ""session_id"": ""22f2e714_2026-07-29_16-55-11"", ""questionnaire_id"": ""EES""}"
2185,22f2e714_2026-07-29_16-55-11,questionnaire,2026-07-29 14:59:08.684267+00,"{""language"": ""FR"", ""question"": ""Parce que je sens que je dois le faire"", ""response"": ""un petit peu"", ""data_type"": ""questionnaire"", ""session_id"": ""22f2e714_2026-07-29_16-55-11"", ""questionnaire_id"": ""SIMS""}"
2186,22f2e714_2026-07-29_16-55-11,questionnaire,2026-07-29 14:59:08.684267+00,"{""language"": ""FR"", ""question"": ""Parce que je me sens bien quand je pratique cette activité"", ""response"": ""modérément"", ""data_type"": ""questionnaire"", ""session_id"": ""22f2e714_2026-07-29_16-55-11"", ""questionnaire_id"": ""SIMS""}"
2187,22f2e714_2026-07-29_16-55-11,questionnaire,2026-07-29 14:59:08.684267+00,"{""language"": ""FR"", ""question"": ""Parce que cette activité est amusante"", ""response"": ""plutôt"", ""data_type"": ""questionnaire"", ""session_id"": ""22f2e714_2026-07-29_16-55-11"", ""questionnaire_id"": ""SIMS""}"
2188,22f2e714_2026-07-29_16-55-11,questionnaire,2026-07-29 14:59:08.684267+00,"{""language"": ""FR"", ""question"": ""Parce que c’est quelque chose que je dois faire"", ""response"": ""un tout petit peu"", ""data_type"": ""questionnaire"", ""session_id"": ""22f2e714_2026-07-29_16-55-11"", ""questionnaire_id"": ""SIMS""}"
2189,22f2e714_2026-07-29_16-55-11,questionnaire,2026-07-29 14:59:08.684267+00,"{""language"": ""FR"", ""question"": ""Je ne sais pas ; je ne vois pas ce que cette activité m’apporte"", ""response"": ""parfaitement"", ""data_type"": ""questionnaire"", ""session_id"": ""22f2e714_2026-07-29_16-55-11"", ""questionnaire_id"": ""SIMS""}"
2190,22f2e714_2026-07-29_16-55-11,questionnaire,2026-07-29 14:59:08.684267+00,"{""language"": ""FR"", ""question"": ""Parce que je trouve cette activité agréable"", ""response"": ""un petit peu"", ""data_type"": ""questionnaire"", ""session_id"": ""22f2e714_2026-07-29_16-55-11"", ""questionnaire_id"": ""SIMS""}"
2191,22f2e714_2026-07-29_16-55-11,questionnaire,2026-07-29 14:59:08.684267+00,"{""language"": ""FR"", ""question"": ""Parce que je pense que cette activité est bonne pour moi"", ""response"": ""modérément"", ""data_type"": ""questionnaire"", ""session_id"": ""22f2e714_2026-07-29_16-55-11"", ""questionnaire_id"": ""SIMS""}"
2192,22f2e714_2026-07-29_16-55-11,questionnaire,2026-07-29 14:59:08.684267+00,"{""language"": ""FR"", ""question"": ""Il y a peut-être de bonnes raisons de faire cette activité, mais personnellement, je n’en vois aucune"", ""response"": ""modérément"", ""data_type"": ""questionnaire"", ""session_id"": ""22f2e714_2026-07-29_16-55-11"", ""questionnaire_id"": ""SIMS""}"
2193,22f2e714_2026-07-29_16-55-11,questionnaire,2026-07-29 14:59:08.684267+00,"{""language"": ""FR"", ""question"": ""Je pratique cette activité, mais je ne suis pas sûr que cela en vaille la peine"", ""response"": ""un petit peu"", ""data_type"": ""questionnaire"", ""session_id"": ""22f2e714_2026-07-29_16-55-11"", ""questionnaire_id"": ""SIMS""}"
2194,22f2e714_2026-07-29_16-55-11,questionnaire,2026-07-29 14:59:08.684267+00,"{""language"": ""FR"", ""question"": ""Parce que je crois que cette activité est importante pour moi"", ""response"": ""plutôt"", ""data_type"": ""questionnaire"", ""session_id"": ""22f2e714_2026-07-29_16-55-11"", ""questionnaire_id"": ""SIMS""}"
2195,22f2e714_2026-07-29_16-55-11,questionnaire,2026-07-29 14:59:08.684267+00,"{""language"": ""FR"", ""question"": ""Par choix personnel"", ""response"": ""un petit peu"", ""data_type"": ""questionnaire"", ""session_id"": ""22f2e714_2026-07-29_16-55-11"", ""questionnaire_id"": ""SIMS""}"
2196,22f2e714_2026-07-29_16-55-11,questionnaire,2026-07-29 14:59:08.684267+00,"{""language"": ""FR"", ""question"": ""Parce que je suis censé le faire"", ""response"": ""modérément"", ""data_type"": ""questionnaire"", ""session_id"": ""22f2e714_2026-07-29_16-55-11"", ""questionnaire_id"": ""SIMS""}"
2197,22f2e714_2026-07-29_16-55-11,questionnaire,2026-07-29 14:59:08.684267+00,"{""language"": ""FR"", ""question"": ""Je pratique cette activité, mais je ne suis pas sûr que ce soit une bonne chose de la poursuivre"", ""response"": ""beaucoup"", ""data_type"": ""questionnaire"", ""session_id"": ""22f2e714_2026-07-29_16-55-11"", ""questionnaire_id"": ""SIMS""}"
2198,22f2e714_2026-07-29_16-55-11,questionnaire,2026-07-29 14:59:08.684267+00,"{""language"": ""FR"", ""question"": ""Parce que je le fais pour mon propre bien"", ""response"": ""un petit peu"", ""data_type"": ""questionnaire"", ""session_id"": ""22f2e714_2026-07-29_16-55-11"", ""questionnaire_id"": ""SIMS""}"
2199,22f2e714_2026-07-29_16-55-11,questionnaire,2026-07-29 14:59:08.684267+00,"{""language"": ""FR"", ""question"": ""Parce que je trouve cette activité intéressante"", ""response"": ""modérément"", ""data_type"": ""questionnaire"", ""session_id"": ""22f2e714_2026-07-29_16-55-11"", ""questionnaire_id"": ""SIMS""}"
2200,22f2e714_2026-07-29_16-55-11,questionnaire,2026-07-29 14:59:08.684267+00,"{""language"": ""FR"", ""question"": ""Parce que je n’ai pas le choix"", ""response"": ""plutôt"", ""data_type"": ""questionnaire"", ""session_id"": ""22f2e714_2026-07-29_16-55-11"", ""questionnaire_id"": ""SIMS""}"
2201,22f2e714_2026-07-29_16-55-11,questionnaire,2026-07-29 14:59:29.86623+00,"{""language"": ""FR"", ""question"": ""Quand j’agis, j’ai l’impression d’être un robot télécommandé"", ""response"": ""en désaccord"", ""data_type"": ""questionnaire"", ""session_id"": ""22f2e714_2026-07-29_16-55-11"", ""questionnaire_id"": ""SoAS""}"
2202,22f2e714_2026-07-29_16-55-11,questionnaire,2026-07-29 14:59:29.86623+00,"{""language"": ""FR"", ""question"": ""C’est à moi qu’il revient de décider si et quand j’agis"", ""response"": ""partiellement en désaccord"", ""data_type"": ""questionnaire"", ""session_id"": ""22f2e714_2026-07-29_16-55-11"", ""questionnaire_id"": ""SoAS""}"
2203,22f2e714_2026-07-29_16-55-11,questionnaire,2026-07-29 14:59:29.86623+00,"{""language"": ""FR"", ""question"": ""Rien de ce que je fais n’est en réalité volontaire"", ""response"": ""partiellement d'accord"", ""data_type"": ""questionnaire"", ""session_id"": ""22f2e714_2026-07-29_16-55-11"", ""questionnaire_id"": ""SoAS""}"
2204,22f2e714_2026-07-29_16-55-11,questionnaire,2026-07-29 14:59:29.86623+00,"{""language"": ""FR"", ""question"": ""Je planifie mon comportement du début à la fin"", ""response"": ""d'accord"", ""data_type"": ""questionnaire"", ""session_id"": ""22f2e714_2026-07-29_16-55-11"", ""questionnaire_id"": ""SoAS""}"
2205,22f2e714_2026-07-29_16-55-11,questionnaire,2026-07-29 14:59:29.86623+00,"{""language"": ""FR"", ""question"": ""Je ne suis qu'un instrument entre les mains de quelqu'un ou de quelque chose d'autre"", ""response"": ""neutre"", ""data_type"": ""questionnaire"", ""session_id"": ""22f2e714_2026-07-29_16-55-11"", ""questionnaire_id"": ""SoAS""}"
2206,22f2e714_2026-07-29_16-55-11,questionnaire,2026-07-29 14:59:29.86623+00,"{""language"": ""FR"", ""question"": ""Mes mouvements sont automatiques : mon corps les effectue tout simplement"", ""response"": ""neutre"", ""data_type"": ""questionnaire"", ""session_id"": ""22f2e714_2026-07-29_16-55-11"", ""questionnaire_id"": ""SoAS""}"
2207,22f2e714_2026-07-29_16-55-11,questionnaire,2026-07-29 14:59:29.86623+00,"{""language"": ""FR"", ""question"": ""Je suis entièrement responsable de tout ce qui résulte de mes actes"", ""response"": ""neutre"", ""data_type"": ""questionnaire"", ""session_id"": ""22f2e714_2026-07-29_16-55-11"", ""questionnaire_id"": ""SoAS""}"
2208,22f2e714_2026-07-29_16-55-11,questionnaire,2026-07-29 14:59:29.86623+00,"{""language"": ""FR"", ""question"": ""Je suis en plein contrôle de ce que je fais"", ""response"": ""neutre"", ""data_type"": ""questionnaire"", ""session_id"": ""22f2e714_2026-07-29_16-55-11"", ""questionnaire_id"": ""SoAS""}"
2209,22f2e714_2026-07-29_16-55-11,questionnaire,2026-07-29 14:59:29.86623+00,"{""language"": ""FR"", ""question"": ""Mes actions se produisent simplement, sans que je le veuille"", ""response"": ""neutre"", ""data_type"": ""questionnaire"", ""session_id"": ""22f2e714_2026-07-29_16-55-11"", ""questionnaire_id"": ""SoAS""}"
2210,22f2e714_2026-07-29_16-55-11,questionnaire,2026-07-29 14:59:29.86623+00,"{""language"": ""FR"", ""question"": ""Ce que je fais relève uniquement de mon libre arbitre"", ""response"": ""neutre"", ""data_type"": ""questionnaire"", ""session_id"": ""22f2e714_2026-07-29_16-55-11"", ""questionnaire_id"": ""SoAS""}"
2211,22f2e714_2026-07-29_16-55-11,questionnaire,2026-07-29 14:59:29.86623+00,"{""language"": ""FR"", ""question"": ""Les conséquences de mes actes me surprennent généralement"", ""response"": ""neutre"", ""data_type"": ""questionnaire"", ""session_id"": ""22f2e714_2026-07-29_16-55-11"", ""questionnaire_id"": ""SoAS""}"
2212,22f2e714_2026-07-29_16-55-11,exploration,2026-07-29 15:04:37.563732+00,"{""trial"": 0, ""language"": ""FR"", ""data_type"": ""exploration"", ""position_x"": 2.755, ""position_y"": 0.4299998, ""session_id"": ""22f2e714_2026-07-29_16-55-11"", ""actual_value"": 97, ""position_rowID"": 2, ""predicted_value"": 50, ""position_columnID"": 2}"
2213,22f2e714_2026-07-29_16-55-11,exploration,2026-07-29 15:04:37.563732+00,"{""trial"": 0, ""language"": ""FR"", ""data_type"": ""exploration"", ""position_x"": 0.155, ""position_y"": 0.4299998, ""session_id"": ""22f2e714_2026-07-29_16-55-11"", ""actual_value"": 37, ""position_rowID"": 2, ""predicted_value"": 50, ""position_columnID"": 1}"
2214,22f2e714_2026-07-29_16-55-11,exploration,2026-07-29 15:04:37.563732+00,"{""trial"": 0, ""language"": ""FR"", ""data_type"": ""exploration"", ""position_x"": 2.755, ""position_y"": -4.77, ""session_id"": ""22f2e714_2026-07-29_16-55-11"", ""actual_value"": 44, ""position_rowID"": 0, ""predicted_value"": 50, ""position_columnID"": 2}"
2215,22f2e714_2026-07-29_16-55-11,exploration,2026-07-29 15:04:37.563732+00,"{""trial"": 0, ""language"": ""FR"", ""data_type"": ""exploration"", ""position_x"": -2.445, ""position_y"": -2.17, ""session_id"": ""22f2e714_2026-07-29_16-55-11"", ""actual_value"": 27, ""position_rowID"": 1, ""predicted_value"": 50, ""position_columnID"": 0}"
2216,22f2e714_2026-07-29_16-55-11,exploration,2026-07-29 15:04:37.563732+00,"{""trial"": 0, ""language"": ""FR"", ""data_type"": ""exploration"", ""position_x"": 2.755, ""position_y"": 0.4299998, ""session_id"": ""22f2e714_2026-07-29_16-55-11"", ""actual_value"": 97, ""position_rowID"": 2, ""predicted_value"": 50, ""position_columnID"": 2}"
2217,22f2e714_2026-07-29_16-55-11,exploration,2026-07-29 15:04:37.563732+00,"{""trial"": 0, ""language"": ""FR"", ""data_type"": ""exploration"", ""position_x"": 2.755, ""position_y"": -2.17, ""session_id"": ""22f2e714_2026-07-29_16-55-11"", ""actual_value"": 63, ""position_rowID"": 1, ""predicted_value"": 50, ""position_columnID"": 2}"
2218,22f2e714_2026-07-29_16-55-11,exploration,2026-07-29 15:04:37.563732+00,"{""trial"": 0, ""language"": ""FR"", ""data_type"": ""exploration"", ""position_x"": 0.155, ""position_y"": 0.4299998, ""session_id"": ""22f2e714_2026-07-29_16-55-11"", ""actual_value"": 37, ""position_rowID"": 2, ""predicted_value"": 50, ""position_columnID"": 1}"
2219,22f2e714_2026-07-29_16-55-11,exploration,2026-07-29 15:04:37.563732+00,"{""trial"": 0, ""language"": ""FR"", ""data_type"": ""exploration"", ""position_x"": 0.1700001, ""position_y"": -3.595, ""session_id"": ""22f2e714_2026-07-29_16-55-11"", ""actual_value"": 40, ""position_rowID"": 0, ""predicted_value"": 1, ""position_columnID"": 0}"
2220,22f2e714_2026-07-29_16-55-11,exploration,2026-07-29 15:04:37.563732+00,"{""trial"": 0, ""language"": ""FR"", ""data_type"": ""exploration"", ""position_x"": 0.1700001, ""position_y"": -3.595, ""session_id"": ""22f2e714_2026-07-29_16-55-11"", ""actual_value"": 40, ""position_rowID"": 0, ""predicted_value"": 50, ""position_columnID"": 0}"
2221,22f2e714_2026-07-29_16-55-11,exploration,2026-07-29 15:04:37.563732+00,"{""trial"": 1, ""language"": ""FR"", ""data_type"": ""exploration"", ""position_x"": 0.1700001, ""position_y"": -3.595, ""session_id"": ""22f2e714_2026-07-29_16-55-11"", ""actual_value"": 40, ""position_rowID"": 0, ""predicted_value"": 50, ""position_columnID"": 0}"
2222,22f2e714_2026-07-29_16-55-11,exploration,2026-07-29 15:04:37.563732+00,"{""trial"": 2, ""language"": ""FR"", ""data_type"": ""exploration"", ""position_x"": 0.1700001, ""position_y"": -3.595, ""session_id"": ""22f2e714_2026-07-29_16-55-11"", ""actual_value"": 56, ""position_rowID"": 0, ""predicted_value"": 50, ""position_columnID"": 0}"
2223,22f2e714_2026-07-29_16-55-11,exploration,2026-07-29 15:04:37.563732+00,"{""trial"": 3, ""language"": ""FR"", ""data_type"": ""exploration"", ""position_x"": 0.1700001, ""position_y"": -3.595, ""session_id"": ""22f2e714_2026-07-29_16-55-11"", ""actual_value"": 90, ""position_rowID"": 0, ""predicted_value"": 50, ""position_columnID"": 0}"
2224,22f2e714_2026-07-29_16-55-11,exploration,2026-07-29 15:04:37.563732+00,"{""trial"": 4, ""language"": ""FR"", ""data_type"": ""exploration"", ""position_x"": 0.1700001, ""position_y"": -3.595, ""session_id"": ""22f2e714_2026-07-29_16-55-11"", ""actual_value"": 43, ""position_rowID"": 0, ""predicted_value"": 50, ""position_columnID"": 0}"
2225,22f2e714_2026-07-29_16-55-11,questionnaire,2026-07-29 15:04:37.563732+00,"{""language"": ""FR"", ""question"": ""epsilon"", ""response"": ""0,1477773"", ""data_type"": ""questionnaire"", ""session_id"": ""22f2e714_2026-07-29_16-55-11"", ""questionnaire_id"": ""customization""}"
2226,22f2e714_2026-07-29_16-55-11,questionnaire,2026-07-29 15:04:37.563732+00,"{""language"": ""FR"", ""question"": ""uncoveredObject"", ""response"": ""flower_tulip_0 (UnityEngine.GameObject)"", ""data_type"": ""questionnaire"", ""session_id"": ""22f2e714_2026-07-29_16-55-11"", ""questionnaire_id"": ""customization""}"
2227,22f2e714_2026-07-29_16-55-11,questionnaire,2026-07-29 15:04:37.563732+00,"{""language"": ""FR"", ""question"": ""container"", ""response"": ""pot_wood_0 (UnityEngine.GameObject)"", ""data_type"": ""questionnaire"", ""session_id"": ""22f2e714_2026-07-29_16-55-11"", ""questionnaire_id"": ""customization""}"
2228,e18baacc_2026-07-29_15-56-59,questionnaire,2026-07-29 15:57:24.240104+00,"{""language"": ""FR"", ""question"": ""language"", ""response"": ""FR"", ""data_type"": ""questionnaire"", ""session_id"": ""e18baacc_2026-07-29_15-56-59"", ""questionnaire_id"": ""language""}"
2229,e18baacc_2026-07-29_15-56-59,questionnaire,2026-07-29 15:57:24.240104+00,"{""language"": ""FR"", ""question"": ""email"", ""response"": ""a"", ""data_type"": ""questionnaire"", ""session_id"": ""e18baacc_2026-07-29_15-56-59"", ""questionnaire_id"": ""consent_agreement""}"
2230,e18baacc_2026-07-29_15-56-59,questionnaire,2026-07-29 15:57:24.240104+00,"{""language"": ""FR"", ""question"": ""participantName"", ""response"": ""a"", ""data_type"": ""questionnaire"", ""session_id"": ""e18baacc_2026-07-29_15-56-59"", ""questionnaire_id"": ""consent_agreement""}"
2231,e18baacc_2026-07-29_15-56-59,questionnaire,2026-07-29 15:57:24.240104+00,"{""language"": ""FR"", ""question"": ""consentMajority"", ""response"": ""True"", ""data_type"": ""questionnaire"", ""session_id"": ""e18baacc_2026-07-29_15-56-59"", ""questionnaire_id"": ""consent_agreement""}"
2232,e18baacc_2026-07-29_15-56-59,questionnaire,2026-07-29 15:57:24.240104+00,"{""language"": ""FR"", ""question"": ""consentParticipationEnd"", ""response"": ""True"", ""data_type"": ""questionnaire"", ""session_id"": ""e18baacc_2026-07-29_15-56-59"", ""questionnaire_id"": ""consent_agreement""}"
2233,e18baacc_2026-07-29_15-56-59,questionnaire,2026-07-29 15:57:24.240104+00,"{""language"": ""FR"", ""question"": ""consentRiskEnds"", ""response"": ""True"", ""data_type"": ""questionnaire"", ""session_id"": ""e18baacc_2026-07-29_15-56-59"", ""questionnaire_id"": ""consent_agreement""}"
2234,e18baacc_2026-07-29_15-56-59,questionnaire,2026-07-29 15:57:24.240104+00,"{""language"": ""FR"", ""question"": ""consentAnsweredQuestions"", ""response"": ""True"", ""data_type"": ""questionnaire"", ""session_id"": ""e18baacc_2026-07-29_15-56-59"", ""questionnaire_id"": ""consent_agreement""}"
2235,e18baacc_2026-07-29_15-56-59,questionnaire,2026-07-29 15:57:24.240104+00,"{""language"": ""FR"", ""question"": ""consentFurtherQuestions"", ""response"": ""True"", ""data_type"": ""questionnaire"", ""session_id"": ""e18baacc_2026-07-29_15-56-59"", ""questionnaire_id"": ""consent_agreement""}"
2236,e18baacc_2026-07-29_15-56-59,questionnaire,2026-07-29 15:57:28.619281+00,"{""language"": ""FR"", ""question"": ""status"", ""response"": ""a"", ""data_type"": ""questionnaire"", ""session_id"": ""e18baacc_2026-07-29_15-56-59"", ""questionnaire_id"": ""demographics""}"
2237,e18baacc_2026-07-29_15-56-59,questionnaire,2026-07-29 15:57:28.619281+00,"{""language"": ""FR"", ""question"": ""education"", ""response"": ""a"", ""data_type"": ""questionnaire"", ""session_id"": ""e18baacc_2026-07-29_15-56-59"", ""questionnaire_id"": ""demographics""}"
2238,e18baacc_2026-07-29_15-56-59,questionnaire,2026-07-29 15:57:28.619281+00,"{""language"": ""FR"", ""question"": ""age"", ""response"": ""a"", ""data_type"": ""questionnaire"", ""session_id"": ""e18baacc_2026-07-29_15-56-59"", ""questionnaire_id"": ""demographics""}"
2239,e18baacc_2026-07-29_15-56-59,questionnaire,2026-07-29 15:57:46.336741+00,"{""language"": ""FR"", ""question"": ""curieux / curieuse"", ""response"": ""modéré"", ""data_type"": ""questionnaire"", ""session_id"": ""e18baacc_2026-07-29_15-56-59"", ""questionnaire_id"": ""EES""}"
2240,e18baacc_2026-07-29_15-56-59,questionnaire,2026-07-29 15:57:46.336741+00,"{""language"": ""FR"", ""question"": ""ennuyé / ennuyée"", ""response"": ""fort"", ""data_type"": ""questionnaire"", ""session_id"": ""e18baacc_2026-07-29_15-56-59"", ""questionnaire_id"": ""EES""}"
2241,e18baacc_2026-07-29_15-56-59,questionnaire,2026-07-29 15:57:46.336741+00,"{""language"": ""FR"", ""question"": ""surpris / surprise"", ""response"": ""modéré"", ""data_type"": ""questionnaire"", ""session_id"": ""e18baacc_2026-07-29_15-56-59"", ""questionnaire_id"": ""EES""}"
2242,e18baacc_2026-07-29_15-56-59,questionnaire,2026-07-29 15:57:46.336741+00,"{""language"": ""FR"", ""question"": ""confus / confuse"", ""response"": ""fort"", ""data_type"": ""questionnaire"", ""session_id"": ""e18baacc_2026-07-29_15-56-59"", ""questionnaire_id"": ""EES""}"
2243,e18baacc_2026-07-29_15-56-59,questionnaire,2026-07-29 15:57:46.336741+00,"{""language"": ""FR"", ""question"": ""frustré / frustrée"", ""response"": ""fort"", ""data_type"": ""questionnaire"", ""session_id"": ""e18baacc_2026-07-29_15-56-59"", ""questionnaire_id"": ""EES""}"
2244,e18baacc_2026-07-29_15-56-59,questionnaire,2026-07-29 15:57:46.336741+00,"{""language"": ""FR"", ""question"": ""anxieux / anxieuse"", ""response"": ""fort"", ""data_type"": ""questionnaire"", ""session_id"": ""e18baacc_2026-07-29_15-56-59"", ""questionnaire_id"": ""EES""}"
2245,e18baacc_2026-07-29_15-56-59,questionnaire,2026-07-29 15:57:46.336741+00,"{""language"": ""FR"", ""question"": ""excité / excitée"", ""response"": ""fort"", ""data_type"": ""questionnaire"", ""session_id"": ""e18baacc_2026-07-29_15-56-59"", ""questionnaire_id"": ""EES""}"
2246,e18baacc_2026-07-29_15-56-59,questionnaire,2026-07-29 15:58:18.32478+00,"{""language"": ""FR"", ""question"": ""Parce que je pense que cette activité est bonne pour moi"", ""response"": ""un petit peu"", ""data_type"": ""questionnaire"", ""session_id"": ""e18baacc_2026-07-29_15-56-59"", ""questionnaire_id"": ""SIMS""}"
2247,e18baacc_2026-07-29_15-56-59,questionnaire,2026-07-29 15:58:18.32478+00,"{""language"": ""FR"", ""question"": ""Parce que je le fais pour mon propre bien"", ""response"": ""modérément"", ""data_type"": ""questionnaire"", ""session_id"": ""e18baacc_2026-07-29_15-56-59"", ""questionnaire_id"": ""SIMS""}"
2248,e18baacc_2026-07-29_15-56-59,questionnaire,2026-07-29 15:58:18.32478+00,"{""language"": ""FR"", ""question"": ""Parce que c’est quelque chose que je dois faire"", ""response"": ""plutôt"", ""data_type"": ""questionnaire"", ""session_id"": ""e18baacc_2026-07-29_15-56-59"", ""questionnaire_id"": ""SIMS""}"
2249,e18baacc_2026-07-29_15-56-59,questionnaire,2026-07-29 15:58:18.32478+00,"{""language"": ""FR"", ""question"": ""Parce que je me sens bien quand je pratique cette activité"", ""response"": ""plutôt"", ""data_type"": ""questionnaire"", ""session_id"": ""e18baacc_2026-07-29_15-56-59"", ""questionnaire_id"": ""SIMS""}"
2250,e18baacc_2026-07-29_15-56-59,questionnaire,2026-07-29 15:58:18.32478+00,"{""language"": ""FR"", ""question"": ""Parce que cette activité est amusante"", ""response"": ""plutôt"", ""data_type"": ""questionnaire"", ""session_id"": ""e18baacc_2026-07-29_15-56-59"", ""questionnaire_id"": ""SIMS""}"
2251,e18baacc_2026-07-29_15-56-59,questionnaire,2026-07-29 15:58:18.32478+00,"{""language"": ""FR"", ""question"": ""Parce que je trouve cette activité agréable"", ""response"": ""plutôt"", ""data_type"": ""questionnaire"", ""session_id"": ""e18baacc_2026-07-29_15-56-59"", ""questionnaire_id"": ""SIMS""}"
2252,e18baacc_2026-07-29_15-56-59,questionnaire,2026-07-29 15:58:18.32478+00,"{""language"": ""FR"", ""question"": ""Parce que je trouve cette activité intéressante"", ""response"": ""plutôt"", ""data_type"": ""questionnaire"", ""session_id"": ""e18baacc_2026-07-29_15-56-59"", ""questionnaire_id"": ""SIMS""}"
2253,e18baacc_2026-07-29_15-56-59,questionnaire,2026-07-29 15:58:18.32478+00,"{""language"": ""FR"", ""question"": ""Je pratique cette activité, mais je ne suis pas sûr que cela en vaille la peine"", ""response"": ""plutôt"", ""data_type"": ""questionnaire"", ""session_id"": ""e18baacc_2026-07-29_15-56-59"", ""questionnaire_id"": ""SIMS""}"
2254,e18baacc_2026-07-29_15-56-59,questionnaire,2026-07-29 15:58:18.32478+00,"{""language"": ""FR"", ""question"": ""Je ne sais pas ; je ne vois pas ce que cette activité m’apporte"", ""response"": ""plutôt"", ""data_type"": ""questionnaire"", ""session_id"": ""e18baacc_2026-07-29_15-56-59"", ""questionnaire_id"": ""SIMS""}"
2255,e18baacc_2026-07-29_15-56-59,questionnaire,2026-07-29 15:58:18.32478+00,"{""language"": ""FR"", ""question"": ""Parce que je crois que cette activité est importante pour moi"", ""response"": ""plutôt"", ""data_type"": ""questionnaire"", ""session_id"": ""e18baacc_2026-07-29_15-56-59"", ""questionnaire_id"": ""SIMS""}"
2256,e18baacc_2026-07-29_15-56-59,questionnaire,2026-07-29 15:58:18.32478+00,"{""language"": ""FR"", ""question"": ""Il y a peut-être de bonnes raisons de faire cette activité, mais personnellement, je n’en vois aucune"", ""response"": ""plutôt"", ""data_type"": ""questionnaire"", ""session_id"": ""e18baacc_2026-07-29_15-56-59"", ""questionnaire_id"": ""SIMS""}"
2257,e18baacc_2026-07-29_15-56-59,questionnaire,2026-07-29 15:58:18.32478+00,"{""language"": ""FR"", ""question"": ""Parce que je n’ai pas le choix"", ""response"": ""plutôt"", ""data_type"": ""questionnaire"", ""session_id"": ""e18baacc_2026-07-29_15-56-59"", ""questionnaire_id"": ""SIMS""}"
2258,e18baacc_2026-07-29_15-56-59,questionnaire,2026-07-29 15:58:18.32478+00,"{""language"": ""FR"", ""question"": ""Je pratique cette activité, mais je ne suis pas sûr que ce soit une bonne chose de la poursuivre"", ""response"": ""plutôt"", ""data_type"": ""questionnaire"", ""session_id"": ""e18baacc_2026-07-29_15-56-59"", ""questionnaire_id"": ""SIMS""}"
2259,e18baacc_2026-07-29_15-56-59,questionnaire,2026-07-29 15:58:18.32478+00,"{""language"": ""FR"", ""question"": ""Parce que je sens que je dois le faire"", ""response"": ""plutôt"", ""data_type"": ""questionnaire"", ""session_id"": ""e18baacc_2026-07-29_15-56-59"", ""questionnaire_id"": ""SIMS""}"
2260,e18baacc_2026-07-29_15-56-59,questionnaire,2026-07-29 15:58:18.32478+00,"{""language"": ""FR"", ""question"": ""Parce que je suis censé le faire"", ""response"": ""plutôt"", ""data_type"": ""questionnaire"", ""session_id"": ""e18baacc_2026-07-29_15-56-59"", ""questionnaire_id"": ""SIMS""}"
2261,e18baacc_2026-07-29_15-56-59,questionnaire,2026-07-29 15:58:18.32478+00,"{""language"": ""FR"", ""question"": ""Par choix personnel"", ""response"": ""plutôt"", ""data_type"": ""questionnaire"", ""session_id"": ""e18baacc_2026-07-29_15-56-59"", ""questionnaire_id"": ""SIMS""}"
2262,e18baacc_2026-07-29_15-56-59,questionnaire,2026-07-29 15:58:38.201859+00,"{""language"": ""FR"", ""question"": ""C’est à moi qu’il revient de décider si et quand j’agis"", ""response"": ""partiellement en désaccord"", ""data_type"": ""questionnaire"", ""session_id"": ""e18baacc_2026-07-29_15-56-59"", ""questionnaire_id"": ""SoAS""}"
2263,e18baacc_2026-07-29_15-56-59,questionnaire,2026-07-29 15:58:38.201859+00,"{""language"": ""FR"", ""question"": ""Les conséquences de mes actes me surprennent généralement"", ""response"": ""neutre"", ""data_type"": ""questionnaire"", ""session_id"": ""e18baacc_2026-07-29_15-56-59"", ""questionnaire_id"": ""SoAS""}"
2264,e18baacc_2026-07-29_15-56-59,questionnaire,2026-07-29 15:58:38.201859+00,"{""language"": ""FR"", ""question"": ""Rien de ce que je fais n’est en réalité volontaire"", ""response"": ""neutre"", ""data_type"": ""questionnaire"", ""session_id"": ""e18baacc_2026-07-29_15-56-59"", ""questionnaire_id"": ""SoAS""}"
2265,e18baacc_2026-07-29_15-56-59,questionnaire,2026-07-29 15:58:38.201859+00,"{""language"": ""FR"", ""question"": ""Ce que je fais relève uniquement de mon libre arbitre"", ""response"": ""neutre"", ""data_type"": ""questionnaire"", ""session_id"": ""e18baacc_2026-07-29_15-56-59"", ""questionnaire_id"": ""SoAS""}"
2266,e18baacc_2026-07-29_15-56-59,questionnaire,2026-07-29 15:58:38.201859+00,"{""language"": ""FR"", ""question"": ""Je ne suis qu'un instrument entre les mains de quelqu'un ou de quelque chose d'autre"", ""response"": ""neutre"", ""data_type"": ""questionnaire"", ""session_id"": ""e18baacc_2026-07-29_15-56-59"", ""questionnaire_id"": ""SoAS""}"
2267,e18baacc_2026-07-29_15-56-59,questionnaire,2026-07-29 15:58:38.201859+00,"{""language"": ""FR"", ""question"": ""Je planifie mon comportement du début à la fin"", ""response"": ""neutre"", ""data_type"": ""questionnaire"", ""session_id"": ""e18baacc_2026-07-29_15-56-59"", ""questionnaire_id"": ""SoAS""}"
2268,e18baacc_2026-07-29_15-56-59,questionnaire,2026-07-29 15:58:38.201859+00,"{""language"": ""FR"", ""question"": ""Je suis entièrement responsable de tout ce qui résulte de mes actes"", ""response"": ""neutre"", ""data_type"": ""questionnaire"", ""session_id"": ""e18baacc_2026-07-29_15-56-59"", ""questionnaire_id"": ""SoAS""}"
2269,e18baacc_2026-07-29_15-56-59,questionnaire,2026-07-29 15:58:38.201859+00,"{""language"": ""FR"", ""question"": ""Je suis en plein contrôle de ce que je fais"", ""response"": ""neutre"", ""data_type"": ""questionnaire"", ""session_id"": ""e18baacc_2026-07-29_15-56-59"", ""questionnaire_id"": ""SoAS""}"
2270,e18baacc_2026-07-29_15-56-59,questionnaire,2026-07-29 15:58:38.201859+00,"{""language"": ""FR"", ""question"": ""Mes mouvements sont automatiques : mon corps les effectue tout simplement"", ""response"": ""neutre"", ""data_type"": ""questionnaire"", ""session_id"": ""e18baacc_2026-07-29_15-56-59"", ""questionnaire_id"": ""SoAS""}"
2271,e18baacc_2026-07-29_15-56-59,questionnaire,2026-07-29 15:58:38.201859+00,"{""language"": ""FR"", ""question"": ""Quand j’agis, j’ai l’impression d’être un robot télécommandé"", ""response"": ""neutre"", ""data_type"": ""questionnaire"", ""session_id"": ""e18baacc_2026-07-29_15-56-59"", ""questionnaire_id"": ""SoAS""}"
2272,e18baacc_2026-07-29_15-56-59,questionnaire,2026-07-29 15:58:38.201859+00,"{""language"": ""FR"", ""question"": ""Mes actions se produisent simplement, sans que je le veuille"", ""response"": ""neutre"", ""data_type"": ""questionnaire"", ""session_id"": ""e18baacc_2026-07-29_15-56-59"", ""questionnaire_id"": ""SoAS""}"
2273,e18baacc_2026-07-29_15-56-59,exploration,2026-07-29 15:59:19.175454+00,"{""trial"": 0, ""language"": ""FR"", ""data_type"": ""exploration"", ""position_x"": 0.155, ""position_y"": -2.17, ""session_id"": ""e18baacc_2026-07-29_15-56-59"", ""actual_value"": 73, ""position_rowID"": 1, ""predicted_value"": 50, ""position_columnID"": 1}"
2274,e18baacc_2026-07-29_15-56-59,exploration,2026-07-29 15:59:19.175454+00,"{""trial"": 0, ""language"": ""FR"", ""data_type"": ""exploration"", ""position_x"": 2.755, ""position_y"": -2.17, ""session_id"": ""e18baacc_2026-07-29_15-56-59"", ""actual_value"": 57, ""position_rowID"": 1, ""predicted_value"": 50, ""position_columnID"": 2}"
2275,e18baacc_2026-07-29_15-56-59,exploration,2026-07-29 15:59:19.175454+00,"{""trial"": 0, ""language"": ""FR"", ""data_type"": ""exploration"", ""position_x"": 2.755, ""position_y"": -4.77, ""session_id"": ""e18baacc_2026-07-29_15-56-59"", ""actual_value"": 25, ""position_rowID"": 0, ""predicted_value"": 50, ""position_columnID"": 2}"
2276,e18baacc_2026-07-29_15-56-59,exploration,2026-07-29 15:59:19.175454+00,"{""trial"": 0, ""language"": ""FR"", ""data_type"": ""exploration"", ""position_x"": 0.1700001, ""position_y"": -3.595, ""session_id"": ""e18baacc_2026-07-29_15-56-59"", ""actual_value"": 87, ""position_rowID"": 0, ""predicted_value"": 1, ""position_columnID"": 0}"
2277,e18baacc_2026-07-29_15-56-59,exploration,2026-07-29 15:59:19.175454+00,"{""trial"": 0, ""language"": ""FR"", ""data_type"": ""exploration"", ""position_x"": 0.1700001, ""position_y"": -3.595, ""session_id"": ""e18baacc_2026-07-29_15-56-59"", ""actual_value"": 87, ""position_rowID"": 0, ""predicted_value"": 50, ""position_columnID"": 0}"
2278,e18baacc_2026-07-29_15-56-59,exploration,2026-07-29 15:59:19.175454+00,"{""trial"": 1, ""language"": ""FR"", ""data_type"": ""exploration"", ""position_x"": 0.1700001, ""position_y"": -3.595, ""session_id"": ""e18baacc_2026-07-29_15-56-59"", ""actual_value"": 87, ""position_rowID"": 0, ""predicted_value"": 50, ""position_columnID"": 0}"
2279,e18baacc_2026-07-29_15-56-59,exploration,2026-07-29 15:59:19.175454+00,"{""trial"": 2, ""language"": ""FR"", ""data_type"": ""exploration"", ""position_x"": 0.1700001, ""position_y"": -3.595, ""session_id"": ""e18baacc_2026-07-29_15-56-59"", ""actual_value"": 43, ""position_rowID"": 0, ""predicted_value"": 50, ""position_columnID"": 0}"
2280,e18baacc_2026-07-29_15-56-59,questionnaire,2026-07-29 15:59:19.175454+00,"{""language"": ""FR"", ""question"": ""epsilon"", ""response"": ""0,1"", ""data_type"": ""questionnaire"", ""session_id"": ""e18baacc_2026-07-29_15-56-59"", ""questionnaire_id"": ""customization""}"
2281,e18baacc_2026-07-29_15-56-59,questionnaire,2026-07-29 15:59:19.175454+00,"{""language"": ""FR"", ""question"": ""uncoveredObject"", ""response"": ""flower_sunflower_0 (UnityEngine.GameObject)"", ""data_type"": ""questionnaire"", ""session_id"": ""e18baacc_2026-07-29_15-56-59"", ""questionnaire_id"": ""customization""}"
2282,e18baacc_2026-07-29_15-56-59,questionnaire,2026-07-29 15:59:19.175454+00,"{""language"": ""FR"", ""question"": ""container"", ""response"": ""pot_wood_0 (UnityEngine.GameObject)"", ""data_type"": ""questionnaire"", ""session_id"": ""e18baacc_2026-07-29_15-56-59"", ""questionnaire_id"": ""customization""}"
2283,e18baacc_2026-07-29_15-56-59,exploration,2026-07-29 16:02:54.332862+00,"{""trial"": 0, ""language"": ""FR"", ""data_type"": ""exploration"", ""position_x"": 1.3, ""position_y"": 0.06500053, ""session_id"": ""e18baacc_2026-07-29_15-56-59"", ""actual_value"": 43, ""position_rowID"": 3, ""predicted_value"": 50, ""position_columnID"": 4}"
2284,e18baacc_2026-07-29_15-56-59,exploration,2026-07-29 16:02:54.332862+00,"{""trial"": 1, ""language"": ""FR"", ""data_type"": ""exploration"", ""position_x"": 1.3, ""position_y"": 0.06500053, ""session_id"": ""e18baacc_2026-07-29_15-56-59"", ""actual_value"": 43, ""position_rowID"": 3, ""predicted_value"": 50, ""position_columnID"": 4}"
2285,e18baacc_2026-07-29_15-56-59,exploration,2026-07-29 16:02:54.332862+00,"{""trial"": 2, ""language"": ""FR"", ""data_type"": ""exploration"", ""position_x"": -1.3, ""position_y"": -5.134999, ""session_id"": ""e18baacc_2026-07-29_15-56-59"", ""actual_value"": 68, ""position_rowID"": 1, ""predicted_value"": 50, ""position_columnID"": 3}"
2286,e18baacc_2026-07-29_15-56-59,exploration,2026-07-29 16:02:54.332862+00,"{""trial"": 3, ""language"": ""FR"", ""data_type"": ""exploration"", ""position_x"": -1.3, ""position_y"": -5.134999, ""session_id"": ""e18baacc_2026-07-29_15-56-59"", ""actual_value"": 70, ""position_rowID"": 1, ""predicted_value"": 50, ""position_columnID"": 3}"
2287,e18baacc_2026-07-29_15-56-59,exploration,2026-07-29 16:02:54.332862+00,"{""trial"": 4, ""language"": ""FR"", ""data_type"": ""exploration"", ""position_x"": -1.3, ""position_y"": -5.134999, ""session_id"": ""e18baacc_2026-07-29_15-56-59"", ""actual_value"": 65, ""position_rowID"": 1, ""predicted_value"": 50, ""position_columnID"": 3}"
2288,e18baacc_2026-07-29_15-56-59,exploration,2026-07-29 16:02:54.332862+00,"{""trial"": 5, ""language"": ""FR"", ""data_type"": ""exploration"", ""position_x"": -1.3, ""position_y"": -5.134999, ""session_id"": ""e18baacc_2026-07-29_15-56-59"", ""actual_value"": 58, ""position_rowID"": 1, ""predicted_value"": 50, ""position_columnID"": 3}"
2289,e18baacc_2026-07-29_15-56-59,exploration,2026-07-29 16:02:54.332862+00,"{""trial"": 6, ""language"": ""FR"", ""data_type"": ""exploration"", ""position_x"": 3.900001, ""position_y"": -7.735, ""session_id"": ""e18baacc_2026-07-29_15-56-59"", ""actual_value"": 85, ""position_rowID"": 0, ""predicted_value"": 50, ""position_columnID"": 5}"
2290,e18baacc_2026-07-29_15-56-59,exploration,2026-07-29 16:02:54.332862+00,"{""trial"": 7, ""language"": ""FR"", ""data_type"": ""exploration"", ""position_x"": 3.900001, ""position_y"": -7.735, ""session_id"": ""e18baacc_2026-07-29_15-56-59"", ""actual_value"": 84, ""position_rowID"": 0, ""predicted_value"": 50, ""position_columnID"": 5}"
2291,e18baacc_2026-07-29_15-56-59,exploration,2026-07-29 16:02:54.332862+00,"{""trial"": 8, ""language"": ""FR"", ""data_type"": ""exploration"", ""position_x"": 3.900001, ""position_y"": -7.735, ""session_id"": ""e18baacc_2026-07-29_15-56-59"", ""actual_value"": 84, ""position_rowID"": 0, ""predicted_value"": 50, ""position_columnID"": 5}"
2292,e18baacc_2026-07-29_15-56-59,exploration,2026-07-29 16:02:54.332862+00,"{""trial"": 9, ""language"": ""FR"", ""data_type"": ""exploration"", ""position_x"": 3.900001, ""position_y"": -7.735, ""session_id"": ""e18baacc_2026-07-29_15-56-59"", ""actual_value"": 89, ""position_rowID"": 0, ""predicted_value"": 50, ""position_columnID"": 5}"
2293,e18baacc_2026-07-29_15-56-59,exploration,2026-07-29 16:02:54.332862+00,"{""trial"": 10, ""language"": ""FR"", ""data_type"": ""exploration"", ""position_x"": -3.9, ""position_y"": -7.735, ""session_id"": ""e18baacc_2026-07-29_15-56-59"", ""actual_value"": 65, ""position_rowID"": 0, ""predicted_value"": 50, ""position_columnID"": 2}"
2294,e18baacc_2026-07-29_15-56-59,exploration,2026-07-29 16:02:54.332862+00,"{""trial"": 11, ""language"": ""FR"", ""data_type"": ""exploration"", ""position_x"": 6.5, ""position_y"": -7.735, ""session_id"": ""e18baacc_2026-07-29_15-56-59"", ""actual_value"": 53, ""position_rowID"": 0, ""predicted_value"": 50, ""position_columnID"": 6}"
2295,e18baacc_2026-07-29_15-56-59,exploration,2026-07-29 16:02:54.332862+00,"{""trial"": 12, ""language"": ""FR"", ""data_type"": ""exploration"", ""position_x"": 6.5, ""position_y"": -7.735, ""session_id"": ""e18baacc_2026-07-29_15-56-59"", ""actual_value"": 56, ""position_rowID"": 0, ""predicted_value"": 50, ""position_columnID"": 6}"
2296,e18baacc_2026-07-29_15-56-59,exploration,2026-07-29 16:02:54.332862+00,"{""trial"": 13, ""language"": ""FR"", ""data_type"": ""exploration"", ""position_x"": -1.3, ""position_y"": -7.735, ""session_id"": ""e18baacc_2026-07-29_15-56-59"", ""actual_value"": 97, ""position_rowID"": 0, ""predicted_value"": 50, ""position_columnID"": 3}"
2297,e18baacc_2026-07-29_15-56-59,exploration,2026-07-29 16:02:54.332862+00,"{""trial"": 14, ""language"": ""FR"", ""data_type"": ""exploration"", ""position_x"": -1.3, ""position_y"": -7.735, ""session_id"": ""e18baacc_2026-07-29_15-56-59"", ""actual_value"": 93, ""position_rowID"": 0, ""predicted_value"": 50, ""position_columnID"": 3}"
2343,e18baacc_2026-07-29_15-56-59,questionnaire,2026-07-29 16:03:45.872177+00,"{""language"": ""FR"", ""question"": ""Parce que je me sens bien quand je pratique cette activité"", ""response"": ""modérément"", ""data_type"": ""questionnaire"", ""session_id"": ""e18baacc_2026-07-29_15-56-59"", ""questionnaire_id"": ""SIMS""}"
2298,e18baacc_2026-07-29_15-56-59,exploration,2026-07-29 16:02:54.332862+00,"{""trial"": 15, ""language"": ""FR"", ""data_type"": ""exploration"", ""position_x"": -1.3, ""position_y"": -7.735, ""session_id"": ""e18baacc_2026-07-29_15-56-59"", ""actual_value"": 89, ""position_rowID"": 0, ""predicted_value"": 50, ""position_columnID"": 3}"
2299,e18baacc_2026-07-29_15-56-59,exploration,2026-07-29 16:02:54.332862+00,"{""trial"": 16, ""language"": ""FR"", ""data_type"": ""exploration"", ""position_x"": -1.3, ""position_y"": -7.735, ""session_id"": ""e18baacc_2026-07-29_15-56-59"", ""actual_value"": 92, ""position_rowID"": 0, ""predicted_value"": 50, ""position_columnID"": 3}"
2300,e18baacc_2026-07-29_15-56-59,exploration,2026-07-29 16:02:54.332862+00,"{""trial"": 17, ""language"": ""FR"", ""data_type"": ""exploration"", ""position_x"": -1.3, ""position_y"": -7.735, ""session_id"": ""e18baacc_2026-07-29_15-56-59"", ""actual_value"": 94, ""position_rowID"": 0, ""predicted_value"": 50, ""position_columnID"": 3}"
2301,e18baacc_2026-07-29_15-56-59,exploration,2026-07-29 16:02:54.332862+00,"{""trial"": 18, ""language"": ""FR"", ""data_type"": ""exploration"", ""position_x"": -1.3, ""position_y"": -7.735, ""session_id"": ""e18baacc_2026-07-29_15-56-59"", ""actual_value"": 94, ""position_rowID"": 0, ""predicted_value"": 50, ""position_columnID"": 3}"
2302,e18baacc_2026-07-29_15-56-59,exploration,2026-07-29 16:02:54.332862+00,"{""trial"": 19, ""language"": ""FR"", ""data_type"": ""exploration"", ""position_x"": -6.5, ""position_y"": 5.265, ""session_id"": ""e18baacc_2026-07-29_15-56-59"", ""actual_value"": 19, ""position_rowID"": 5, ""predicted_value"": 50, ""position_columnID"": 1}"
2303,e18baacc_2026-07-29_15-56-59,exploration,2026-07-29 16:02:54.332862+00,"{""trial"": 20, ""language"": ""FR"", ""data_type"": ""exploration"", ""position_x"": -6.5, ""position_y"": 5.265, ""session_id"": ""e18baacc_2026-07-29_15-56-59"", ""actual_value"": 21, ""position_rowID"": 5, ""predicted_value"": 50, ""position_columnID"": 1}"
2304,e18baacc_2026-07-29_15-56-59,exploration,2026-07-29 16:02:54.332862+00,"{""trial"": 21, ""language"": ""FR"", ""data_type"": ""exploration"", ""position_x"": -9.099999, ""position_y"": 0.06500053, ""session_id"": ""e18baacc_2026-07-29_15-56-59"", ""actual_value"": 59, ""position_rowID"": 3, ""predicted_value"": 50, ""position_columnID"": 0}"
2305,e18baacc_2026-07-29_15-56-59,exploration,2026-07-29 16:02:54.332862+00,"{""trial"": 22, ""language"": ""FR"", ""data_type"": ""exploration"", ""position_x"": -9.099999, ""position_y"": 0.06500053, ""session_id"": ""e18baacc_2026-07-29_15-56-59"", ""actual_value"": 63, ""position_rowID"": 3, ""predicted_value"": 50, ""position_columnID"": 0}"
2306,e18baacc_2026-07-29_15-56-59,exploration,2026-07-29 16:02:54.332862+00,"{""trial"": 23, ""language"": ""FR"", ""data_type"": ""exploration"", ""position_x"": -9.099999, ""position_y"": 0.06500053, ""session_id"": ""e18baacc_2026-07-29_15-56-59"", ""actual_value"": 61, ""position_rowID"": 3, ""predicted_value"": 50, ""position_columnID"": 0}"
2307,e18baacc_2026-07-29_15-56-59,exploration,2026-07-29 16:02:54.332862+00,"{""trial"": 24, ""language"": ""FR"", ""data_type"": ""exploration"", ""position_x"": 6.5, ""position_y"": 0.06500053, ""session_id"": ""e18baacc_2026-07-29_15-56-59"", ""actual_value"": 28, ""position_rowID"": 3, ""predicted_value"": 50, ""position_columnID"": 6}"
2308,e18baacc_2026-07-29_15-56-59,exploration,2026-07-29 16:02:54.332862+00,"{""trial"": 25, ""language"": ""FR"", ""data_type"": ""exploration"", ""position_x"": 6.5, ""position_y"": 0.06500053, ""session_id"": ""e18baacc_2026-07-29_15-56-59"", ""actual_value"": 29, ""position_rowID"": 3, ""predicted_value"": 50, ""position_columnID"": 6}"
2309,e18baacc_2026-07-29_15-56-59,exploration,2026-07-29 16:02:54.332862+00,"{""trial"": 26, ""language"": ""FR"", ""data_type"": ""exploration"", ""position_x"": 6.5, ""position_y"": 0.06500053, ""session_id"": ""e18baacc_2026-07-29_15-56-59"", ""actual_value"": 29, ""position_rowID"": 3, ""predicted_value"": 50, ""position_columnID"": 6}"
2310,e18baacc_2026-07-29_15-56-59,exploration,2026-07-29 16:02:54.332862+00,"{""trial"": 27, ""language"": ""FR"", ""data_type"": ""exploration"", ""position_x"": 6.5, ""position_y"": 0.06500053, ""session_id"": ""e18baacc_2026-07-29_15-56-59"", ""actual_value"": 27, ""position_rowID"": 3, ""predicted_value"": 50, ""position_columnID"": 6}"
2311,e18baacc_2026-07-29_15-56-59,exploration,2026-07-29 16:02:54.332862+00,"{""trial"": 28, ""language"": ""FR"", ""data_type"": ""exploration"", ""position_x"": -3.9, ""position_y"": 5.265, ""session_id"": ""e18baacc_2026-07-29_15-56-59"", ""actual_value"": 15, ""position_rowID"": 5, ""predicted_value"": 50, ""position_columnID"": 2}"
2312,e18baacc_2026-07-29_15-56-59,exploration,2026-07-29 16:02:54.332862+00,"{""trial"": 29, ""language"": ""FR"", ""data_type"": ""exploration"", ""position_x"": 3.900001, ""position_y"": 5.265, ""session_id"": ""e18baacc_2026-07-29_15-56-59"", ""actual_value"": 63, ""position_rowID"": 5, ""predicted_value"": 50, ""position_columnID"": 5}"
2313,e18baacc_2026-07-29_15-56-59,exploration,2026-07-29 16:02:54.332862+00,"{""trial"": 30, ""language"": ""FR"", ""data_type"": ""exploration"", ""position_x"": 3.900001, ""position_y"": 7.865001, ""session_id"": ""e18baacc_2026-07-29_15-56-59"", ""actual_value"": 65, ""position_rowID"": 6, ""predicted_value"": 50, ""position_columnID"": 5}"
2314,e18baacc_2026-07-29_15-56-59,exploration,2026-07-29 16:02:54.332862+00,"{""trial"": 31, ""language"": ""FR"", ""data_type"": ""exploration"", ""position_x"": 6.5, ""position_y"": 7.865001, ""session_id"": ""e18baacc_2026-07-29_15-56-59"", ""actual_value"": 66, ""position_rowID"": 6, ""predicted_value"": 50, ""position_columnID"": 6}"
2315,e18baacc_2026-07-29_15-56-59,exploration,2026-07-29 16:02:54.332862+00,"{""trial"": 32, ""language"": ""FR"", ""data_type"": ""exploration"", ""position_x"": 6.5, ""position_y"": 5.265, ""session_id"": ""e18baacc_2026-07-29_15-56-59"", ""actual_value"": 62, ""position_rowID"": 5, ""predicted_value"": 50, ""position_columnID"": 6}"
2316,e18baacc_2026-07-29_15-56-59,exploration,2026-07-29 16:02:54.332862+00,"{""trial"": 33, ""language"": ""FR"", ""data_type"": ""exploration"", ""position_x"": 1.3, ""position_y"": 2.665, ""session_id"": ""e18baacc_2026-07-29_15-56-59"", ""actual_value"": 49, ""position_rowID"": 4, ""predicted_value"": 50, ""position_columnID"": 4}"
2317,e18baacc_2026-07-29_15-56-59,exploration,2026-07-29 16:02:54.332862+00,"{""trial"": 34, ""language"": ""FR"", ""data_type"": ""exploration"", ""position_x"": 3.900001, ""position_y"": 2.665, ""session_id"": ""e18baacc_2026-07-29_15-56-59"", ""actual_value"": 48, ""position_rowID"": 4, ""predicted_value"": 50, ""position_columnID"": 5}"
2318,e18baacc_2026-07-29_15-56-59,exploration,2026-07-29 16:02:54.332862+00,"{""trial"": 35, ""language"": ""FR"", ""data_type"": ""exploration"", ""position_x"": 6.5, ""position_y"": 0.06500053, ""session_id"": ""e18baacc_2026-07-29_15-56-59"", ""actual_value"": 27, ""position_rowID"": 3, ""predicted_value"": 50, ""position_columnID"": 6}"
2319,e18baacc_2026-07-29_15-56-59,exploration,2026-07-29 16:02:54.332862+00,"{""trial"": 36, ""language"": ""FR"", ""data_type"": ""exploration"", ""position_x"": -3.9, ""position_y"": 0.06500053, ""session_id"": ""e18baacc_2026-07-29_15-56-59"", ""actual_value"": 25, ""position_rowID"": 3, ""predicted_value"": 50, ""position_columnID"": 2}"
2320,e18baacc_2026-07-29_15-56-59,exploration,2026-07-29 16:02:54.332862+00,"{""trial"": 37, ""language"": ""FR"", ""data_type"": ""exploration"", ""position_x"": -3.9, ""position_y"": 0.06500053, ""session_id"": ""e18baacc_2026-07-29_15-56-59"", ""actual_value"": 21, ""position_rowID"": 3, ""predicted_value"": 50, ""position_columnID"": 2}"
2321,e18baacc_2026-07-29_15-56-59,exploration,2026-07-29 16:02:54.332862+00,"{""trial"": 38, ""language"": ""FR"", ""data_type"": ""exploration"", ""position_x"": -9.099999, ""position_y"": -7.735, ""session_id"": ""e18baacc_2026-07-29_15-56-59"", ""actual_value"": 1, ""position_rowID"": 0, ""predicted_value"": 50, ""position_columnID"": 0}"
2322,e18baacc_2026-07-29_15-56-59,exploration,2026-07-29 16:02:54.332862+00,"{""trial"": 39, ""language"": ""FR"", ""data_type"": ""exploration"", ""position_x"": -9.099999, ""position_y"": -7.735, ""session_id"": ""e18baacc_2026-07-29_15-56-59"", ""actual_value"": 4, ""position_rowID"": 0, ""predicted_value"": 50, ""position_columnID"": 0}"
2323,e18baacc_2026-07-29_15-56-59,questionnaire,2026-07-29 16:03:16.925151+00,"{""language"": ""FR"", ""question"": ""curieux / curieuse"", ""response"": ""modéré"", ""data_type"": ""questionnaire"", ""session_id"": ""e18baacc_2026-07-29_15-56-59"", ""questionnaire_id"": ""EES""}"
2324,e18baacc_2026-07-29_15-56-59,questionnaire,2026-07-29 16:03:16.925151+00,"{""language"": ""FR"", ""question"": ""confus / confuse"", ""response"": ""fort"", ""data_type"": ""questionnaire"", ""session_id"": ""e18baacc_2026-07-29_15-56-59"", ""questionnaire_id"": ""EES""}"
2325,e18baacc_2026-07-29_15-56-59,questionnaire,2026-07-29 16:03:16.925151+00,"{""language"": ""FR"", ""question"": ""ennuyé / ennuyée"", ""response"": ""très fort"", ""data_type"": ""questionnaire"", ""session_id"": ""e18baacc_2026-07-29_15-56-59"", ""questionnaire_id"": ""EES""}"
2326,e18baacc_2026-07-29_15-56-59,questionnaire,2026-07-29 16:03:16.925151+00,"{""language"": ""FR"", ""question"": ""surpris / surprise"", ""response"": ""fort"", ""data_type"": ""questionnaire"", ""session_id"": ""e18baacc_2026-07-29_15-56-59"", ""questionnaire_id"": ""EES""}"
2327,e18baacc_2026-07-29_15-56-59,questionnaire,2026-07-29 16:03:16.925151+00,"{""language"": ""FR"", ""question"": ""anxieux / anxieuse"", ""response"": ""très fort"", ""data_type"": ""questionnaire"", ""session_id"": ""e18baacc_2026-07-29_15-56-59"", ""questionnaire_id"": ""EES""}"
2328,e18baacc_2026-07-29_15-56-59,questionnaire,2026-07-29 16:03:16.925151+00,"{""language"": ""FR"", ""question"": ""excité / excitée"", ""response"": ""fort"", ""data_type"": ""questionnaire"", ""session_id"": ""e18baacc_2026-07-29_15-56-59"", ""questionnaire_id"": ""EES""}"
2329,e18baacc_2026-07-29_15-56-59,questionnaire,2026-07-29 16:03:16.925151+00,"{""language"": ""FR"", ""question"": ""frustré / frustrée"", ""response"": ""très fort"", ""data_type"": ""questionnaire"", ""session_id"": ""e18baacc_2026-07-29_15-56-59"", ""questionnaire_id"": ""EES""}"
2330,e18baacc_2026-07-29_15-56-59,questionnaire,2026-07-29 16:03:45.872177+00,"{""language"": ""FR"", ""question"": ""Parce que je sens que je dois le faire"", ""response"": ""modérément"", ""data_type"": ""questionnaire"", ""session_id"": ""e18baacc_2026-07-29_15-56-59"", ""questionnaire_id"": ""SIMS""}"
2331,e18baacc_2026-07-29_15-56-59,questionnaire,2026-07-29 16:03:45.872177+00,"{""language"": ""FR"", ""question"": ""Il y a peut-être de bonnes raisons de faire cette activité, mais personnellement, je n’en vois aucune"", ""response"": ""plutôt"", ""data_type"": ""questionnaire"", ""session_id"": ""e18baacc_2026-07-29_15-56-59"", ""questionnaire_id"": ""SIMS""}"
2332,e18baacc_2026-07-29_15-56-59,questionnaire,2026-07-29 16:03:45.872177+00,"{""language"": ""FR"", ""question"": ""Parce que je n’ai pas le choix"", ""response"": ""plutôt"", ""data_type"": ""questionnaire"", ""session_id"": ""e18baacc_2026-07-29_15-56-59"", ""questionnaire_id"": ""SIMS""}"
2333,e18baacc_2026-07-29_15-56-59,questionnaire,2026-07-29 16:03:45.872177+00,"{""language"": ""FR"", ""question"": ""Parce que c’est quelque chose que je dois faire"", ""response"": ""beaucoup"", ""data_type"": ""questionnaire"", ""session_id"": ""e18baacc_2026-07-29_15-56-59"", ""questionnaire_id"": ""SIMS""}"
2334,e18baacc_2026-07-29_15-56-59,questionnaire,2026-07-29 16:03:45.872177+00,"{""language"": ""FR"", ""question"": ""Parce que je pense que cette activité est bonne pour moi"", ""response"": ""beaucoup"", ""data_type"": ""questionnaire"", ""session_id"": ""e18baacc_2026-07-29_15-56-59"", ""questionnaire_id"": ""SIMS""}"
2335,e18baacc_2026-07-29_15-56-59,questionnaire,2026-07-29 16:03:45.872177+00,"{""language"": ""FR"", ""question"": ""Parce que je trouve cette activité agréable"", ""response"": ""un petit peu"", ""data_type"": ""questionnaire"", ""session_id"": ""e18baacc_2026-07-29_15-56-59"", ""questionnaire_id"": ""SIMS""}"
2336,e18baacc_2026-07-29_15-56-59,questionnaire,2026-07-29 16:03:45.872177+00,"{""language"": ""FR"", ""question"": ""Je pratique cette activité, mais je ne suis pas sûr que cela en vaille la peine"", ""response"": ""modérément"", ""data_type"": ""questionnaire"", ""session_id"": ""e18baacc_2026-07-29_15-56-59"", ""questionnaire_id"": ""SIMS""}"
2337,e18baacc_2026-07-29_15-56-59,questionnaire,2026-07-29 16:03:45.872177+00,"{""language"": ""FR"", ""question"": ""Parce que je suis censé le faire"", ""response"": ""plutôt"", ""data_type"": ""questionnaire"", ""session_id"": ""e18baacc_2026-07-29_15-56-59"", ""questionnaire_id"": ""SIMS""}"
2338,e18baacc_2026-07-29_15-56-59,questionnaire,2026-07-29 16:03:45.872177+00,"{""language"": ""FR"", ""question"": ""Je ne sais pas ; je ne vois pas ce que cette activité m’apporte"", ""response"": ""plutôt"", ""data_type"": ""questionnaire"", ""session_id"": ""e18baacc_2026-07-29_15-56-59"", ""questionnaire_id"": ""SIMS""}"
2339,e18baacc_2026-07-29_15-56-59,questionnaire,2026-07-29 16:03:45.872177+00,"{""language"": ""FR"", ""question"": ""Parce que cette activité est amusante"", ""response"": ""un petit peu"", ""data_type"": ""questionnaire"", ""session_id"": ""e18baacc_2026-07-29_15-56-59"", ""questionnaire_id"": ""SIMS""}"
2340,e18baacc_2026-07-29_15-56-59,questionnaire,2026-07-29 16:03:45.872177+00,"{""language"": ""FR"", ""question"": ""Parce que je trouve cette activité intéressante"", ""response"": ""modérément"", ""data_type"": ""questionnaire"", ""session_id"": ""e18baacc_2026-07-29_15-56-59"", ""questionnaire_id"": ""SIMS""}"
2341,e18baacc_2026-07-29_15-56-59,questionnaire,2026-07-29 16:03:45.872177+00,"{""language"": ""FR"", ""question"": ""Parce que je le fais pour mon propre bien"", ""response"": ""modérément"", ""data_type"": ""questionnaire"", ""session_id"": ""e18baacc_2026-07-29_15-56-59"", ""questionnaire_id"": ""SIMS""}"
2342,e18baacc_2026-07-29_15-56-59,questionnaire,2026-07-29 16:03:45.872177+00,"{""language"": ""FR"", ""question"": ""Par choix personnel"", ""response"": ""modérément"", ""data_type"": ""questionnaire"", ""session_id"": ""e18baacc_2026-07-29_15-56-59"", ""questionnaire_id"": ""SIMS""}"
2344,e18baacc_2026-07-29_15-56-59,questionnaire,2026-07-29 16:03:45.872177+00,"{""language"": ""FR"", ""question"": ""Parce que je crois que cette activité est importante pour moi"", ""response"": ""plutôt"", ""data_type"": ""questionnaire"", ""session_id"": ""e18baacc_2026-07-29_15-56-59"", ""questionnaire_id"": ""SIMS""}"
2345,e18baacc_2026-07-29_15-56-59,questionnaire,2026-07-29 16:03:45.872177+00,"{""language"": ""FR"", ""question"": ""Je pratique cette activité, mais je ne suis pas sûr que ce soit une bonne chose de la poursuivre"", ""response"": ""modérément"", ""data_type"": ""questionnaire"", ""session_id"": ""e18baacc_2026-07-29_15-56-59"", ""questionnaire_id"": ""SIMS""}"
2346,e18baacc_2026-07-29_15-56-59,questionnaire,2026-07-29 16:04:02.914852+00,"{""language"": ""FR"", ""question"": ""Je suis en plein contrôle ce que je fais"", ""response"": ""neutre"", ""data_type"": ""questionnaire"", ""session_id"": ""e18baacc_2026-07-29_15-56-59"", ""questionnaire_id"": ""SoAS""}"
2347,e18baacc_2026-07-29_15-56-59,questionnaire,2026-07-29 16:04:02.914852+00,"{""language"": ""FR"", ""question"": ""Je ne suis qu'un instrument entre les mains de quelqu'un ou de quelque chose d'autre"", ""response"": ""neutre"", ""data_type"": ""questionnaire"", ""session_id"": ""e18baacc_2026-07-29_15-56-59"", ""questionnaire_id"": ""SoAS""}"
2348,e18baacc_2026-07-29_15-56-59,questionnaire,2026-07-29 16:04:02.914852+00,"{""language"": ""FR"", ""question"": ""Mes actions se produisent simplement, sans que je le veuille"", ""response"": ""neutre"", ""data_type"": ""questionnaire"", ""session_id"": ""e18baacc_2026-07-29_15-56-59"", ""questionnaire_id"": ""SoAS""}"
2349,e18baacc_2026-07-29_15-56-59,questionnaire,2026-07-29 16:04:02.914852+00,"{""language"": ""FR"", ""question"": ""Je planifie mon comportement du début à la fin"", ""response"": ""neutre"", ""data_type"": ""questionnaire"", ""session_id"": ""e18baacc_2026-07-29_15-56-59"", ""questionnaire_id"": ""SoAS""}"
2350,e18baacc_2026-07-29_15-56-59,questionnaire,2026-07-29 16:04:02.914852+00,"{""language"": ""FR"", ""question"": ""Les conséquences de mes actes me surprennent généralement"", ""response"": ""neutre"", ""data_type"": ""questionnaire"", ""session_id"": ""e18baacc_2026-07-29_15-56-59"", ""questionnaire_id"": ""SoAS""}"
2351,e18baacc_2026-07-29_15-56-59,questionnaire,2026-07-29 16:04:02.914852+00,"{""language"": ""FR"", ""question"": ""Ce que je fais relève uniquement de mon libre arbitre"", ""response"": ""neutre"", ""data_type"": ""questionnaire"", ""session_id"": ""e18baacc_2026-07-29_15-56-59"", ""questionnaire_id"": ""SoAS""}"
2352,e18baacc_2026-07-29_15-56-59,questionnaire,2026-07-29 16:04:02.914852+00,"{""language"": ""FR"", ""question"": ""Je suis entièrement responsable de tout ce qui résulte de mes actes"", ""response"": ""neutre"", ""data_type"": ""questionnaire"", ""session_id"": ""e18baacc_2026-07-29_15-56-59"", ""questionnaire_id"": ""SoAS""}"
2353,e18baacc_2026-07-29_15-56-59,questionnaire,2026-07-29 16:04:02.914852+00,"{""language"": ""FR"", ""question"": ""Rien de ce que je fais n’est en réalité volontaire"", ""response"": ""neutre"", ""data_type"": ""questionnaire"", ""session_id"": ""e18baacc_2026-07-29_15-56-59"", ""questionnaire_id"": ""SoAS""}"
2354,e18baacc_2026-07-29_15-56-59,questionnaire,2026-07-29 16:04:02.914852+00,"{""language"": ""FR"", ""question"": ""Mes mouvements sont automatiques : mon corps les effectue tout simplement"", ""response"": ""neutre"", ""data_type"": ""questionnaire"", ""session_id"": ""e18baacc_2026-07-29_15-56-59"", ""questionnaire_id"": ""SoAS""}"
2355,e18baacc_2026-07-29_15-56-59,questionnaire,2026-07-29 16:04:02.914852+00,"{""language"": ""FR"", ""question"": ""Quand j’agis, j’ai l’impression d’être un robot télécommandé"", ""response"": ""neutre"", ""data_type"": ""questionnaire"", ""session_id"": ""e18baacc_2026-07-29_15-56-59"", ""questionnaire_id"": ""SoAS""}"
2356,e18baacc_2026-07-29_15-56-59,questionnaire,2026-07-29 16:04:02.914852+00,"{""language"": ""FR"", ""question"": ""C’est à moi qu’il revient de décider si et quand j’agis"", ""response"": ""neutre"", ""data_type"": ""questionnaire"", ""session_id"": ""e18baacc_2026-07-29_15-56-59"", ""questionnaire_id"": ""SoAS""}"
2357,e18baacc_2026-07-29_15-56-59,questionnaire,2026-07-29 16:04:19.664983+00,"{""language"": ""FR"", ""question"": ""prediction_future_size"", ""response"": """", ""data_type"": ""questionnaire"", ""session_id"": ""e18baacc_2026-07-29_15-56-59"", ""questionnaire_id"": ""post_open_questions""}"
2358,e18baacc_2026-07-29_15-56-59,questionnaire,2026-07-29 16:04:19.664983+00,"{""language"": ""FR"", ""question"": ""prediction_rule"", ""response"": """", ""data_type"": ""questionnaire"", ""session_id"": ""e18baacc_2026-07-29_15-56-59"", ""questionnaire_id"": ""post_open_questions""}"
2359,e18baacc_2026-07-29_15-56-59,questionnaire,2026-07-29 16:04:19.664983+00,"{""language"": ""FR"", ""question"": ""exploration"", ""response"": """", ""data_type"": ""questionnaire"", ""session_id"": ""e18baacc_2026-07-29_15-56-59"", ""questionnaire_id"": ""post_open_questions""}"
2360,e18baacc_2026-07-29_15-56-59,questionnaire,2026-07-29 16:04:19.664983+00,"{""language"": ""FR"", ""question"": ""exploration_dynamic"", ""response"": """", ""data_type"": ""questionnaire"", ""session_id"": ""e18baacc_2026-07-29_15-56-59"", ""questionnaire_id"": ""post_open_questions""}"
2361,e18baacc_2026-07-29_15-56-59,questionnaire,2026-07-29 16:04:19.664983+00,"{""language"": ""FR"", ""question"": ""goal"", ""response"": """", ""data_type"": ""questionnaire"", ""session_id"": ""e18baacc_2026-07-29_15-56-59"", ""questionnaire_id"": ""post_open_questions""}"
2362,e18baacc_2026-07-29_15-56-59,questionnaire,2026-07-29 16:05:52.881651+00,"{""language"": ""FR"", ""question"": ""xylophone"", ""response"": ""assez familier"", ""data_type"": ""questionnaire"", ""session_id"": ""e18baacc_2026-07-29_15-56-59"", ""questionnaire_id"": ""ChildOCQ""}"
2363,e18baacc_2026-07-29_15-56-59,questionnaire,2026-07-29 16:05:52.881651+00,"{""language"": ""FR"", ""question"": ""Elsa"", ""response"": ""modérément familier"", ""data_type"": ""questionnaire"", ""session_id"": ""e18baacc_2026-07-29_15-56-59"", ""questionnaire_id"": ""ChildOCQ""}"
2364,e18baacc_2026-07-29_15-56-59,questionnaire,2026-07-29 16:05:52.881651+00,"{""language"": ""FR"", ""question"": ""Lapins crétins"", ""response"": ""extrêmement familier"", ""data_type"": ""questionnaire"", ""session_id"": ""e18baacc_2026-07-29_15-56-59"", ""questionnaire_id"": ""ChildOCQ""}"
2365,e18baacc_2026-07-29_15-56-59,questionnaire,2026-07-29 16:05:52.881651+00,"{""language"": ""FR"", ""question"": ""clarinette"", ""response"": ""extrêmement familier"", ""data_type"": ""questionnaire"", ""session_id"": ""e18baacc_2026-07-29_15-56-59"", ""questionnaire_id"": ""ChildOCQ""}"
2366,e18baacc_2026-07-29_15-56-59,questionnaire,2026-07-29 16:05:52.881651+00,"{""language"": ""FR"", ""question"": ""plolin"", ""response"": ""pas du tout familier"", ""data_type"": ""questionnaire"", ""session_id"": ""e18baacc_2026-07-29_15-56-59"", ""questionnaire_id"": ""ChildOCQ""}"
2367,e18baacc_2026-07-29_15-56-59,questionnaire,2026-07-29 16:05:52.881651+00,"{""language"": ""FR"", ""question"": ""kangourou"", ""response"": ""extrêmement familier"", ""data_type"": ""questionnaire"", ""session_id"": ""e18baacc_2026-07-29_15-56-59"", ""questionnaire_id"": ""ChildOCQ""}"
2368,e18baacc_2026-07-29_15-56-59,questionnaire,2026-07-29 16:05:52.881651+00,"{""language"": ""FR"", ""question"": ""steobit"", ""response"": ""pas du tout familier"", ""data_type"": ""questionnaire"", ""session_id"": ""e18baacc_2026-07-29_15-56-59"", ""questionnaire_id"": ""ChildOCQ""}"
2369,e18baacc_2026-07-29_15-56-59,questionnaire,2026-07-29 16:05:52.881651+00,"{""language"": ""FR"", ""question"": ""zèbre"", ""response"": ""extrêmement familier"", ""data_type"": ""questionnaire"", ""session_id"": ""e18baacc_2026-07-29_15-56-59"", ""questionnaire_id"": ""ChildOCQ""}"
2370,e18baacc_2026-07-29_15-56-59,questionnaire,2026-07-29 16:05:52.881651+00,"{""language"": ""FR"", ""question"": ""Chine"", ""response"": ""extrêmement familier"", ""data_type"": ""questionnaire"", ""session_id"": ""e18baacc_2026-07-29_15-56-59"", ""questionnaire_id"": ""ChildOCQ""}"
2371,e18baacc_2026-07-29_15-56-59,questionnaire,2026-07-29 16:05:52.881651+00,"{""language"": ""FR"", ""question"": ""osorin"", ""response"": ""pas du tout familier"", ""data_type"": ""questionnaire"", ""session_id"": ""e18baacc_2026-07-29_15-56-59"", ""questionnaire_id"": ""ChildOCQ""}"
2372,e18baacc_2026-07-29_15-56-59,questionnaire,2026-07-29 16:05:52.881651+00,"{""language"": ""FR"", ""question"": ""Reine Bernie"", ""response"": ""pas du tout familier"", ""data_type"": ""questionnaire"", ""session_id"": ""e18baacc_2026-07-29_15-56-59"", ""questionnaire_id"": ""ChildOCQ""}"
2373,e18baacc_2026-07-29_15-56-59,questionnaire,2026-07-29 16:05:52.881651+00,"{""language"": ""FR"", ""question"": ""lapin"", ""response"": ""extrêmement familier"", ""data_type"": ""questionnaire"", ""session_id"": ""e18baacc_2026-07-29_15-56-59"", ""questionnaire_id"": ""ChildOCQ""}"
2374,e18baacc_2026-07-29_15-56-59,questionnaire,2026-07-29 16:05:52.881651+00,"{""language"": ""FR"", ""question"": ""brocefruit"", ""response"": ""pas du tout familier"", ""data_type"": ""questionnaire"", ""session_id"": ""e18baacc_2026-07-29_15-56-59"", ""questionnaire_id"": ""ChildOCQ""}"
2375,e18baacc_2026-07-29_15-56-59,questionnaire,2026-07-29 16:05:52.881651+00,"{""language"": ""FR"", ""question"": ""Buruwang"", ""response"": ""pas du tout familier"", ""data_type"": ""questionnaire"", ""session_id"": ""e18baacc_2026-07-29_15-56-59"", ""questionnaire_id"": ""ChildOCQ""}"
2376,e18baacc_2026-07-29_15-56-59,questionnaire,2026-07-29 16:05:52.881651+00,"{""language"": ""FR"", ""question"": ""batterie"", ""response"": ""extrêmement familier"", ""data_type"": ""questionnaire"", ""session_id"": ""e18baacc_2026-07-29_15-56-59"", ""questionnaire_id"": ""ChildOCQ""}"
2377,e18baacc_2026-07-29_15-56-59,questionnaire,2026-07-29 16:05:52.881651+00,"{""language"": ""FR"", ""question"": ""gâteau"", ""response"": ""extrêmement familier"", ""data_type"": ""questionnaire"", ""session_id"": ""e18baacc_2026-07-29_15-56-59"", ""questionnaire_id"": ""ChildOCQ""}"
2378,e18baacc_2026-07-29_15-56-59,questionnaire,2026-07-29 16:05:52.881651+00,"{""language"": ""FR"", ""question"": ""Léon l'Agneau"", ""response"": ""extrêmement familier"", ""data_type"": ""questionnaire"", ""session_id"": ""e18baacc_2026-07-29_15-56-59"", ""questionnaire_id"": ""ChildOCQ""}"
2379,e18baacc_2026-07-29_15-56-59,questionnaire,2026-07-29 16:05:52.881651+00,"{""language"": ""FR"", ""question"": ""Melbourne"", ""response"": ""extrêmement familier"", ""data_type"": ""questionnaire"", ""session_id"": ""e18baacc_2026-07-29_15-56-59"", ""questionnaire_id"": ""ChildOCQ""}"
2380,e18baacc_2026-07-29_15-56-59,questionnaire,2026-07-29 16:05:52.881651+00,"{""language"": ""FR"", ""question"": ""Grande Barrière de Corail"", ""response"": ""extrêmement familier"", ""data_type"": ""questionnaire"", ""session_id"": ""e18baacc_2026-07-29_15-56-59"", ""questionnaire_id"": ""ChildOCQ""}"
2381,e18baacc_2026-07-29_15-56-59,questionnaire,2026-07-29 16:05:52.881651+00,"{""language"": ""FR"", ""question"": ""pamplemousse"", ""response"": ""extrêmement familier"", ""data_type"": ""questionnaire"", ""session_id"": ""e18baacc_2026-07-29_15-56-59"", ""questionnaire_id"": ""ChildOCQ""}"
2382,e18baacc_2026-07-29_15-56-59,questionnaire,2026-07-29 16:05:52.881651+00,"{""language"": ""FR"", ""question"": ""bilbi"", ""response"": ""extrêmement familier"", ""data_type"": ""questionnaire"", ""session_id"": ""e18baacc_2026-07-29_15-56-59"", ""questionnaire_id"": ""ChildOCQ""}"
2383,e18baacc_2026-07-29_15-56-59,questionnaire,2026-07-29 16:05:52.881651+00,"{""language"": ""FR"", ""question"": ""araignée"", ""response"": ""extrêmement familier"", ""data_type"": ""questionnaire"", ""session_id"": ""e18baacc_2026-07-29_15-56-59"", ""questionnaire_id"": ""ChildOCQ""}"
2384,e18baacc_2026-07-29_15-56-59,questionnaire,2026-07-29 16:05:52.881651+00,"{""language"": ""FR"", ""question"": ""Toowomba"", ""response"": ""pas du tout familier"", ""data_type"": ""questionnaire"", ""session_id"": ""e18baacc_2026-07-29_15-56-59"", ""questionnaire_id"": ""ChildOCQ""}"
2385,e18baacc_2026-07-29_15-56-59,questionnaire,2026-07-29 16:05:52.881651+00,"{""language"": ""FR"", ""question"": ""piano"", ""response"": ""extrêmement familier"", ""data_type"": ""questionnaire"", ""session_id"": ""e18baacc_2026-07-29_15-56-59"", ""questionnaire_id"": ""ChildOCQ""}"
2386,e18baacc_2026-07-29_15-56-59,questionnaire,2026-07-29 16:05:52.881651+00,"{""language"": ""FR"", ""question"": ""trompette"", ""response"": ""extrêmement familier"", ""data_type"": ""questionnaire"", ""session_id"": ""e18baacc_2026-07-29_15-56-59"", ""questionnaire_id"": ""ChildOCQ""}"
2387,e18baacc_2026-07-29_15-56-59,questionnaire,2026-07-29 16:05:52.881651+00,"{""language"": ""FR"", ""question"": ""La Côte d'Or"", ""response"": ""extrêmement familier"", ""data_type"": ""questionnaire"", ""session_id"": ""e18baacc_2026-07-29_15-56-59"", ""questionnaire_id"": ""ChildOCQ""}"
2388,e18baacc_2026-07-29_15-56-59,questionnaire,2026-07-29 16:05:52.881651+00,"{""language"": ""FR"", ""question"": ""Springwater falls"", ""response"": ""extrêmement familier"", ""data_type"": ""questionnaire"", ""session_id"": ""e18baacc_2026-07-29_15-56-59"", ""questionnaire_id"": ""ChildOCQ""}"
2389,e18baacc_2026-07-29_15-56-59,questionnaire,2026-07-29 16:05:52.881651+00,"{""language"": ""FR"", ""question"": ""vlepa"", ""response"": ""extrêmement familier"", ""data_type"": ""questionnaire"", ""session_id"": ""e18baacc_2026-07-29_15-56-59"", ""questionnaire_id"": ""ChildOCQ""}"
2390,e18baacc_2026-07-29_15-56-59,questionnaire,2026-07-29 16:05:52.881651+00,"{""language"": ""FR"", ""question"": ""crosk"", ""response"": ""extrêmement familier"", ""data_type"": ""questionnaire"", ""session_id"": ""e18baacc_2026-07-29_15-56-59"", ""questionnaire_id"": ""ChildOCQ""}"
2391,e18baacc_2026-07-29_15-56-59,questionnaire,2026-07-29 16:05:52.881651+00,"{""language"": ""FR"", ""question"": ""Paddington"", ""response"": ""extrêmement familier"", ""data_type"": ""questionnaire"", ""session_id"": ""e18baacc_2026-07-29_15-56-59"", ""questionnaire_id"": ""ChildOCQ""}"
2392,e18baacc_2026-07-29_15-56-59,questionnaire,2026-07-29 16:05:52.881651+00,"{""language"": ""FR"", ""question"": ""utocket"", ""response"": ""extrêmement familier"", ""data_type"": ""questionnaire"", ""session_id"": ""e18baacc_2026-07-29_15-56-59"", ""questionnaire_id"": ""ChildOCQ""}"
2393,e18baacc_2026-07-29_15-56-59,questionnaire,2026-07-29 16:05:52.881651+00,"{""language"": ""FR"", ""question"": ""Werrana"", ""response"": ""extrêmement familier"", ""data_type"": ""questionnaire"", ""session_id"": ""e18baacc_2026-07-29_15-56-59"", ""questionnaire_id"": ""ChildOCQ""}"
2394,e18baacc_2026-07-29_15-56-59,questionnaire,2026-07-29 16:05:52.881651+00,"{""language"": ""FR"", ""question"": ""ornithorynque"", ""response"": ""extrêmement familier"", ""data_type"": ""questionnaire"", ""session_id"": ""e18baacc_2026-07-29_15-56-59"", ""questionnaire_id"": ""ChildOCQ""}"
2395,e18baacc_2026-07-29_15-56-59,questionnaire,2026-07-29 16:05:52.881651+00,"{""language"": ""FR"", ""question"": ""pomme"", ""response"": ""extrêmement familier"", ""data_type"": ""questionnaire"", ""session_id"": ""e18baacc_2026-07-29_15-56-59"", ""questionnaire_id"": ""ChildOCQ""}"
2396,e18baacc_2026-07-29_15-56-59,questionnaire,2026-07-29 16:05:52.881651+00,"{""language"": ""FR"", ""question"": ""Batman"", ""response"": ""extrêmement familier"", ""data_type"": ""questionnaire"", ""session_id"": ""e18baacc_2026-07-29_15-56-59"", ""questionnaire_id"": ""ChildOCQ""}"
2397,e18baacc_2026-07-29_15-56-59,questionnaire,2026-07-29 16:05:52.881651+00,"{""language"": ""FR"", ""question"": ""macaronis au fromage"", ""response"": ""extrêmement familier"", ""data_type"": ""questionnaire"", ""session_id"": ""e18baacc_2026-07-29_15-56-59"", ""questionnaire_id"": ""ChildOCQ""}"
2398,e18baacc_2026-07-29_15-56-59,questionnaire,2026-07-29 16:05:52.881651+00,"{""language"": ""FR"", ""question"": ""autruche"", ""response"": ""extrêmement familier"", ""data_type"": ""questionnaire"", ""session_id"": ""e18baacc_2026-07-29_15-56-59"", ""questionnaire_id"": ""ChildOCQ""}"
2399,e18baacc_2026-07-29_15-56-59,questionnaire,2026-07-29 16:05:52.881651+00,"{""language"": ""FR"", ""question"": ""Ladybug"", ""response"": ""extrêmement familier"", ""data_type"": ""questionnaire"", ""session_id"": ""e18baacc_2026-07-29_15-56-59"", ""questionnaire_id"": ""ChildOCQ""}"
2400,e18baacc_2026-07-29_15-56-59,questionnaire,2026-07-29 16:05:52.881651+00,"{""language"": ""FR"", ""question"": ""chocolat"", ""response"": ""extrêmement familier"", ""data_type"": ""questionnaire"", ""session_id"": ""e18baacc_2026-07-29_15-56-59"", ""questionnaire_id"": ""ChildOCQ""}"
2401,e18baacc_2026-07-29_15-56-59,questionnaire,2026-07-29 16:05:52.881651+00,"{""language"": ""FR"", ""question"": ""crosoda"", ""response"": ""extrêmement familier"", ""data_type"": ""questionnaire"", ""session_id"": ""e18baacc_2026-07-29_15-56-59"", ""questionnaire_id"": ""ChildOCQ""}"
2402,e18baacc_2026-07-29_15-56-59,questionnaire,2026-07-29 16:05:52.881651+00,"{""language"": ""FR"", ""question"": ""flûte"", ""response"": ""extrêmement familier"", ""data_type"": ""questionnaire"", ""session_id"": ""e18baacc_2026-07-29_15-56-59"", ""questionnaire_id"": ""ChildOCQ""}"
2403,e18baacc_2026-07-29_15-56-59,questionnaire,2026-07-29 16:05:52.881651+00,"{""language"": ""FR"", ""question"": ""Disney World"", ""response"": ""extrêmement familier"", ""data_type"": ""questionnaire"", ""session_id"": ""e18baacc_2026-07-29_15-56-59"", ""questionnaire_id"": ""ChildOCQ""}"
2404,e18baacc_2026-07-29_15-56-59,questionnaire,2026-07-29 16:05:52.881651+00,"{""language"": ""FR"", ""question"": ""Supergirl"", ""response"": ""extrêmement familier"", ""data_type"": ""questionnaire"", ""session_id"": ""e18baacc_2026-07-29_15-56-59"", ""questionnaire_id"": ""ChildOCQ""}"
2405,e18baacc_2026-07-29_15-56-59,questionnaire,2026-07-29 16:05:52.881651+00,"{""language"": ""FR"", ""question"": ""donbura"", ""response"": ""extrêmement familier"", ""data_type"": ""questionnaire"", ""session_id"": ""e18baacc_2026-07-29_15-56-59"", ""questionnaire_id"": ""ChildOCQ""}"
2406,e18baacc_2026-07-29_15-56-59,questionnaire,2026-07-29 16:05:52.881651+00,"{""language"": ""FR"", ""question"": ""avocat"", ""response"": ""modérément familier"", ""data_type"": ""questionnaire"", ""session_id"": ""e18baacc_2026-07-29_15-56-59"", ""questionnaire_id"": ""ChildOCQ""}"
2407,e18baacc_2026-07-29_15-56-59,questionnaire,2026-07-29 16:06:21.556336+00,"{""language"": ""FR"", ""question"": ""Je réfléchis à plusieurs façons de résoudre un problème, puis je choisis la meilleure."", ""response"": ""Toujours"", ""data_type"": ""questionnaire"", ""session_id"": ""e18baacc_2026-07-29_15-56-59"", ""questionnaire_id"": ""JrMAI""}"
2408,e18baacc_2026-07-29_15-56-59,questionnaire,2026-07-29 16:06:21.556336+00,"{""language"": ""FR"", ""question"": ""Je détermine ce que je dois accomplir avant de commencer une tâche."", ""response"": ""Toujours"", ""data_type"": ""questionnaire"", ""session_id"": ""e18baacc_2026-07-29_15-56-59"", ""questionnaire_id"": ""JrMAI""}"
2409,e18baacc_2026-07-29_15-56-59,questionnaire,2026-07-29 16:06:21.556336+00,"{""language"": ""FR"", ""question"": ""J'essaie d'utiliser des manières d'étudier qui ont déjà fait leurs preuves avec moi."", ""response"": ""Toujours"", ""data_type"": ""questionnaire"", ""session_id"": ""e18baacc_2026-07-29_15-56-59"", ""questionnaire_id"": ""JrMAI""}"
2410,e18baacc_2026-07-29_15-56-59,questionnaire,2026-07-29 16:06:21.556336+00,"{""language"": ""FR"", ""question"": ""Je sais quand je comprends quelque chose."", ""response"": ""Toujours"", ""data_type"": ""questionnaire"", ""session_id"": ""e18baacc_2026-07-29_15-56-59"", ""questionnaire_id"": ""JrMAI""}"
2411,e18baacc_2026-07-29_15-56-59,questionnaire,2026-07-29 16:06:21.556336+00,"{""language"": ""FR"", ""question"": ""Il m’arrive parfois d’utiliser des stratégies d’apprentissage sans y réfléchir."", ""response"": ""Toujours"", ""data_type"": ""questionnaire"", ""session_id"": ""e18baacc_2026-07-29_15-56-59"", ""questionnaire_id"": ""JrMAI""}"
2412,e18baacc_2026-07-29_15-56-59,questionnaire,2026-07-29 16:06:21.556336+00,"{""language"": ""FR"", ""question"": ""Je prête vraiment attention aux informations importantes."", ""response"": ""Toujours"", ""data_type"": ""questionnaire"", ""session_id"": ""e18baacc_2026-07-29_15-56-59"", ""questionnaire_id"": ""JrMAI""}"
2413,e18baacc_2026-07-29_15-56-59,questionnaire,2026-07-29 16:06:21.556336+00,"{""language"": ""FR"", ""question"": ""Quand j'ai terminé mon travail scolaire, je me demande si j'ai appris ce que je voulais apprendre."", ""response"": ""Toujours"", ""data_type"": ""questionnaire"", ""session_id"": ""e18baacc_2026-07-29_15-56-59"", ""questionnaire_id"": ""JrMAI""}"
2414,e18baacc_2026-07-29_15-56-59,questionnaire,2026-07-29 16:06:21.556336+00,"{""language"": ""FR"", ""question"": ""J’utilise mes points forts en matière d’apprentissage pour compenser mes faiblesses."", ""response"": ""Toujours"", ""data_type"": ""questionnaire"", ""session_id"": ""e18baacc_2026-07-29_15-56-59"", ""questionnaire_id"": ""JrMAI""}"
2415,e18baacc_2026-07-29_15-56-59,questionnaire,2026-07-29 16:06:21.556336+00,"{""language"": ""FR"", ""question"": ""Je suis capable d'apprendre quand j'en ai besoin."", ""response"": ""Toujours"", ""data_type"": ""questionnaire"", ""session_id"": ""e18baacc_2026-07-29_15-56-59"", ""questionnaire_id"": ""JrMAI""}"
2416,e18baacc_2026-07-29_15-56-59,questionnaire,2026-07-29 16:06:21.556336+00,"{""language"": ""FR"", ""question"": ""Je sais ce que le professeur attend de moi."", ""response"": ""Toujours"", ""data_type"": ""questionnaire"", ""session_id"": ""e18baacc_2026-07-29_15-56-59"", ""questionnaire_id"": ""JrMAI""}"
2417,e18baacc_2026-07-29_15-56-59,questionnaire,2026-07-29 16:06:21.556336+00,"{""language"": ""FR"", ""question"": ""Je m’interroge sur la qualité de mon travail pendant que j’apprends quelque chose de nouveau."", ""response"": ""Toujours"", ""data_type"": ""questionnaire"", ""session_id"": ""e18baacc_2026-07-29_15-56-59"", ""questionnaire_id"": ""JrMAI""}"
2418,e18baacc_2026-07-29_15-56-59,questionnaire,2026-07-29 16:06:21.556336+00,"{""language"": ""FR"", ""question"": ""Je vérifie de temps en temps que je vais bien pouvoir terminer mon travail à temps."", ""response"": ""Toujours"", ""data_type"": ""questionnaire"", ""session_id"": ""e18baacc_2026-07-29_15-56-59"", ""questionnaire_id"": ""JrMAI""}"
2419,e18baacc_2026-07-29_15-56-59,questionnaire,2026-07-29 16:06:21.556336+00,"{""language"": ""FR"", ""question"": ""J'apprends mieux quand je connais déjà un peu le sujet."", ""response"": ""Toujours"", ""data_type"": ""questionnaire"", ""session_id"": ""e18baacc_2026-07-29_15-56-59"", ""questionnaire_id"": ""JrMAI""}"
2420,e18baacc_2026-07-29_15-56-59,questionnaire,2026-07-29 16:06:21.556336+00,"{""language"": ""FR"", ""question"": ""Une fois une tâche terminée, je me demande s’il y avait une manière plus simple de procéder."", ""response"": ""Toujours"", ""data_type"": ""questionnaire"", ""session_id"": ""e18baacc_2026-07-29_15-56-59"", ""questionnaire_id"": ""JrMAI""}"
2421,e18baacc_2026-07-29_15-56-59,questionnaire,2026-07-29 16:06:21.556336+00,"{""language"": ""FR"", ""question"": ""J’apprends davantage lorsque le sujet m’intéresse."", ""response"": ""Toujours"", ""data_type"": ""questionnaire"", ""session_id"": ""e18baacc_2026-07-29_15-56-59"", ""questionnaire_id"": ""JrMAI""}"
2422,e18baacc_2026-07-29_15-56-59,questionnaire,2026-07-29 16:06:21.556336+00,"{""language"": ""FR"", ""question"": ""Je fais des dessins ou des schémas pour m'aider à comprendre pendant que j'apprends."", ""response"": ""Toujours"", ""data_type"": ""questionnaire"", ""session_id"": ""e18baacc_2026-07-29_15-56-59"", ""questionnaire_id"": ""JrMAI""}"
2423,e18baacc_2026-07-29_15-56-59,questionnaire,2026-07-29 16:06:21.556336+00,"{""language"": ""FR"", ""question"": ""Je réfléchis à ce que je dois apprendre avant de me mettre au travail."", ""response"": ""Toujours"", ""data_type"": ""questionnaire"", ""session_id"": ""e18baacc_2026-07-29_15-56-59"", ""questionnaire_id"": ""JrMAI""}"
2424,e18baacc_2026-07-29_15-56-59,questionnaire,2026-07-29 16:06:21.556336+00,"{""language"": ""FR"", ""question"": ""J’utilise différentes stratégies d’apprentissage en fonction de la tâche à accomplir."", ""response"": ""Toujours"", ""data_type"": ""questionnaire"", ""session_id"": ""e18baacc_2026-07-29_15-56-59"", ""questionnaire_id"": ""JrMAI""}"
2425,e18baacc_2026-07-29_15-56-59,questionnaire,2026-07-29 16:08:01.116205+00,"{""language"": ""FR"", ""question"": ""Les autres sont exceptionnels."", ""response"": ""neutre"", ""data_type"": ""questionnaire"", ""session_id"": ""e18baacc_2026-07-29_15-56-59"", ""questionnaire_id"": ""SelfReferenceParadigm-Phase1""}"
2426,e18baacc_2026-07-29_15-56-59,questionnaire,2026-07-29 16:08:01.116205+00,"{""language"": ""FR"", ""question"": ""Les autres sont calmes."", ""response"": ""neutre"", ""data_type"": ""questionnaire"", ""session_id"": ""e18baacc_2026-07-29_15-56-59"", ""questionnaire_id"": ""SelfReferenceParadigm-Phase1""}"
2427,e18baacc_2026-07-29_15-56-59,questionnaire,2026-07-29 16:08:01.116205+00,"{""language"": ""FR"", ""question"": ""Je suis inventif."", ""response"": ""neutre"", ""data_type"": ""questionnaire"", ""session_id"": ""e18baacc_2026-07-29_15-56-59"", ""questionnaire_id"": ""SelfReferenceParadigm-Phase1""}"
2428,e18baacc_2026-07-29_15-56-59,questionnaire,2026-07-29 16:08:01.116205+00,"{""language"": ""FR"", ""question"": ""Je suis agité."", ""response"": ""neutre"", ""data_type"": ""questionnaire"", ""session_id"": ""e18baacc_2026-07-29_15-56-59"", ""questionnaire_id"": ""SelfReferenceParadigm-Phase1""}"
2429,e18baacc_2026-07-29_15-56-59,questionnaire,2026-07-29 16:08:01.116205+00,"{""language"": ""FR"", ""question"": ""Les autres sont honnêtes."", ""response"": ""neutre"", ""data_type"": ""questionnaire"", ""session_id"": ""e18baacc_2026-07-29_15-56-59"", ""questionnaire_id"": ""SelfReferenceParadigm-Phase1""}"
2430,e18baacc_2026-07-29_15-56-59,questionnaire,2026-07-29 16:08:01.116205+00,"{""language"": ""FR"", ""question"": ""Je suis imprécis."", ""response"": ""neutre"", ""data_type"": ""questionnaire"", ""session_id"": ""e18baacc_2026-07-29_15-56-59"", ""questionnaire_id"": ""SelfReferenceParadigm-Phase1""}"
2431,e18baacc_2026-07-29_15-56-59,questionnaire,2026-07-29 16:08:01.116205+00,"{""language"": ""FR"", ""question"": ""Je suis vif."", ""response"": ""neutre"", ""data_type"": ""questionnaire"", ""session_id"": ""e18baacc_2026-07-29_15-56-59"", ""questionnaire_id"": ""SelfReferenceParadigm-Phase1""}"
2432,e18baacc_2026-07-29_15-56-59,questionnaire,2026-07-29 16:08:01.116205+00,"{""language"": ""FR"", ""question"": ""Je suis agaçant."", ""response"": ""neutre"", ""data_type"": ""questionnaire"", ""session_id"": ""e18baacc_2026-07-29_15-56-59"", ""questionnaire_id"": ""SelfReferenceParadigm-Phase1""}"
2433,e18baacc_2026-07-29_15-56-59,questionnaire,2026-07-29 16:08:01.116205+00,"{""language"": ""FR"", ""question"": ""Les autres sont excentriques."", ""response"": ""neutre"", ""data_type"": ""questionnaire"", ""session_id"": ""e18baacc_2026-07-29_15-56-59"", ""questionnaire_id"": ""SelfReferenceParadigm-Phase1""}"
2434,e18baacc_2026-07-29_15-56-59,questionnaire,2026-07-29 16:08:01.116205+00,"{""language"": ""FR"", ""question"": ""Les autres sont irresponsables."", ""response"": ""neutre"", ""data_type"": ""questionnaire"", ""session_id"": ""e18baacc_2026-07-29_15-56-59"", ""questionnaire_id"": ""SelfReferenceParadigm-Phase1""}"
2435,e18baacc_2026-07-29_15-56-59,questionnaire,2026-07-29 16:08:01.116205+00,"{""language"": ""FR"", ""question"": ""Je suis réaliste."", ""response"": ""neutre"", ""data_type"": ""questionnaire"", ""session_id"": ""e18baacc_2026-07-29_15-56-59"", ""questionnaire_id"": ""SelfReferenceParadigm-Phase1""}"
2436,e18baacc_2026-07-29_15-56-59,questionnaire,2026-07-29 16:08:01.116205+00,"{""language"": ""FR"", ""question"": ""Les autres sont frustrés."", ""response"": ""neutre"", ""data_type"": ""questionnaire"", ""session_id"": ""e18baacc_2026-07-29_15-56-59"", ""questionnaire_id"": ""SelfReferenceParadigm-Phase1""}"
2437,e18baacc_2026-07-29_15-56-59,questionnaire,2026-07-29 16:08:01.116205+00,"{""language"": ""FR"", ""question"": ""Je suis sincère."", ""response"": ""neutre"", ""data_type"": ""questionnaire"", ""session_id"": ""e18baacc_2026-07-29_15-56-59"", ""questionnaire_id"": ""SelfReferenceParadigm-Phase1""}"
2438,e18baacc_2026-07-29_15-56-59,questionnaire,2026-07-29 16:08:01.116205+00,"{""language"": ""FR"", ""question"": ""Je suis persuasif."", ""response"": ""neutre"", ""data_type"": ""questionnaire"", ""session_id"": ""e18baacc_2026-07-29_15-56-59"", ""questionnaire_id"": ""SelfReferenceParadigm-Phase1""}"
2439,e18baacc_2026-07-29_15-56-59,questionnaire,2026-07-29 16:08:01.116205+00,"{""language"": ""FR"", ""question"": ""Les autres sont distraits."", ""response"": ""neutre"", ""data_type"": ""questionnaire"", ""session_id"": ""e18baacc_2026-07-29_15-56-59"", ""questionnaire_id"": ""SelfReferenceParadigm-Phase1""}"
2440,e18baacc_2026-07-29_15-56-59,questionnaire,2026-07-29 16:08:01.116205+00,"{""language"": ""FR"", ""question"": ""Je suis prudent."", ""response"": ""neutre"", ""data_type"": ""questionnaire"", ""session_id"": ""e18baacc_2026-07-29_15-56-59"", ""questionnaire_id"": ""SelfReferenceParadigm-Phase1""}"
2441,e18baacc_2026-07-29_15-56-59,questionnaire,2026-07-29 16:08:01.116205+00,"{""language"": ""FR"", ""question"": ""Je suis généreux."", ""response"": ""neutre"", ""data_type"": ""questionnaire"", ""session_id"": ""e18baacc_2026-07-29_15-56-59"", ""questionnaire_id"": ""SelfReferenceParadigm-Phase1""}"
2442,e18baacc_2026-07-29_15-56-59,questionnaire,2026-07-29 16:08:01.116205+00,"{""language"": ""FR"", ""question"": ""Les autres sont efficaces."", ""response"": ""neutre"", ""data_type"": ""questionnaire"", ""session_id"": ""e18baacc_2026-07-29_15-56-59"", ""questionnaire_id"": ""SelfReferenceParadigm-Phase1""}"
2443,e18baacc_2026-07-29_15-56-59,questionnaire,2026-07-29 16:08:01.116205+00,"{""language"": ""FR"", ""question"": ""Je suis gentil."", ""response"": ""neutre"", ""data_type"": ""questionnaire"", ""session_id"": ""e18baacc_2026-07-29_15-56-59"", ""questionnaire_id"": ""SelfReferenceParadigm-Phase1""}"
2444,e18baacc_2026-07-29_15-56-59,questionnaire,2026-07-29 16:08:01.116205+00,"{""language"": ""FR"", ""question"": ""Les autres sont entêtés."", ""response"": ""neutre"", ""data_type"": ""questionnaire"", ""session_id"": ""e18baacc_2026-07-29_15-56-59"", ""questionnaire_id"": ""SelfReferenceParadigm-Phase1""}"
2445,e18baacc_2026-07-29_15-56-59,questionnaire,2026-07-29 16:08:01.116205+00,"{""language"": ""FR"", ""question"": ""Les autres sont chanceux."", ""response"": ""neutre"", ""data_type"": ""questionnaire"", ""session_id"": ""e18baacc_2026-07-29_15-56-59"", ""questionnaire_id"": ""SelfReferenceParadigm-Phase1""}"
2446,e18baacc_2026-07-29_15-56-59,questionnaire,2026-07-29 16:08:01.116205+00,"{""language"": ""FR"", ""question"": ""Les autres sont pessimistes."", ""response"": ""neutre"", ""data_type"": ""questionnaire"", ""session_id"": ""e18baacc_2026-07-29_15-56-59"", ""questionnaire_id"": ""SelfReferenceParadigm-Phase1""}"
2447,e18baacc_2026-07-29_15-56-59,questionnaire,2026-07-29 16:08:01.116205+00,"{""language"": ""FR"", ""question"": ""Les autres sont désobéissants."", ""response"": ""neutre"", ""data_type"": ""questionnaire"", ""session_id"": ""e18baacc_2026-07-29_15-56-59"", ""questionnaire_id"": ""SelfReferenceParadigm-Phase1""}"
2448,e18baacc_2026-07-29_15-56-59,questionnaire,2026-07-29 16:08:01.116205+00,"{""language"": ""FR"", ""question"": ""Je suis impoli."", ""response"": ""neutre"", ""data_type"": ""questionnaire"", ""session_id"": ""e18baacc_2026-07-29_15-56-59"", ""questionnaire_id"": ""SelfReferenceParadigm-Phase1""}"
2449,e18baacc_2026-07-29_15-56-59,questionnaire,2026-07-29 16:08:01.116205+00,"{""language"": ""FR"", ""question"": ""Je suis querelleur."", ""response"": ""neutre"", ""data_type"": ""questionnaire"", ""session_id"": ""e18baacc_2026-07-29_15-56-59"", ""questionnaire_id"": ""SelfReferenceParadigm-Phase1""}"
2450,e18baacc_2026-07-29_15-56-59,questionnaire,2026-07-29 16:08:01.116205+00,"{""language"": ""FR"", ""question"": ""Les autres sont bruyants."", ""response"": ""neutre"", ""data_type"": ""questionnaire"", ""session_id"": ""e18baacc_2026-07-29_15-56-59"", ""questionnaire_id"": ""SelfReferenceParadigm-Phase1""}"
2451,e18baacc_2026-07-29_15-56-59,questionnaire,2026-07-29 16:08:01.116205+00,"{""language"": ""FR"", ""question"": ""Je suis préoccupé."", ""response"": ""neutre"", ""data_type"": ""questionnaire"", ""session_id"": ""e18baacc_2026-07-29_15-56-59"", ""questionnaire_id"": ""SelfReferenceParadigm-Phase1""}"
2452,e18baacc_2026-07-29_15-56-59,questionnaire,2026-07-29 16:08:01.116205+00,"{""language"": ""FR"", ""question"": ""Les autres sont indéciss."", ""response"": ""neutre"", ""data_type"": ""questionnaire"", ""session_id"": ""e18baacc_2026-07-29_15-56-59"", ""questionnaire_id"": ""SelfReferenceParadigm-Phase1""}"
2453,e18baacc_2026-07-29_15-56-59,questionnaire,2026-07-29 16:08:01.116205+00,"{""language"": ""FR"", ""question"": ""Les autres sont polis."", ""response"": ""neutre"", ""data_type"": ""questionnaire"", ""session_id"": ""e18baacc_2026-07-29_15-56-59"", ""questionnaire_id"": ""SelfReferenceParadigm-Phase1""}"
2454,e18baacc_2026-07-29_15-56-59,questionnaire,2026-07-29 16:08:01.116205+00,"{""language"": ""FR"", ""question"": ""Les autres sont responsables."", ""response"": ""neutre"", ""data_type"": ""questionnaire"", ""session_id"": ""e18baacc_2026-07-29_15-56-59"", ""questionnaire_id"": ""SelfReferenceParadigm-Phase1""}"
2455,e18baacc_2026-07-29_15-56-59,questionnaire,2026-07-29 16:08:01.116205+00,"{""language"": ""FR"", ""question"": ""Les autres sont plein d’humour."", ""response"": ""neutre"", ""data_type"": ""questionnaire"", ""session_id"": ""e18baacc_2026-07-29_15-56-59"", ""questionnaire_id"": ""SelfReferenceParadigm-Phase1""}"
2456,e18baacc_2026-07-29_15-56-59,questionnaire,2026-07-29 16:08:01.116205+00,"{""language"": ""FR"", ""question"": ""Je suis détendu."", ""response"": ""neutre"", ""data_type"": ""questionnaire"", ""session_id"": ""e18baacc_2026-07-29_15-56-59"", ""questionnaire_id"": ""SelfReferenceParadigm-Phase1""}"
2457,e18baacc_2026-07-29_15-56-59,questionnaire,2026-07-29 16:08:01.116205+00,"{""language"": ""FR"", ""question"": ""Je suis hostile."", ""response"": ""neutre"", ""data_type"": ""questionnaire"", ""session_id"": ""e18baacc_2026-07-29_15-56-59"", ""questionnaire_id"": ""SelfReferenceParadigm-Phase1""}"
2458,e18baacc_2026-07-29_15-56-59,questionnaire,2026-07-29 16:08:01.116205+00,"{""language"": ""FR"", ""question"": ""Les autres sont méchants."", ""response"": ""neutre"", ""data_type"": ""questionnaire"", ""session_id"": ""e18baacc_2026-07-29_15-56-59"", ""questionnaire_id"": ""SelfReferenceParadigm-Phase1""}"
2459,e18baacc_2026-07-29_15-56-59,questionnaire,2026-07-29 16:08:01.116205+00,"{""language"": ""FR"", ""question"": ""Les autres sont colériques."", ""response"": ""neutre"", ""data_type"": ""questionnaire"", ""session_id"": ""e18baacc_2026-07-29_15-56-59"", ""questionnaire_id"": ""SelfReferenceParadigm-Phase1""}"
2460,e18baacc_2026-07-29_15-56-59,questionnaire,2026-07-29 16:08:01.116205+00,"{""language"": ""FR"", ""question"": ""Les autres sont sociables."", ""response"": ""neutre"", ""data_type"": ""questionnaire"", ""session_id"": ""e18baacc_2026-07-29_15-56-59"", ""questionnaire_id"": ""SelfReferenceParadigm-Phase1""}"
2461,e18baacc_2026-07-29_15-56-59,questionnaire,2026-07-29 16:08:01.116205+00,"{""language"": ""FR"", ""question"": ""Je suis timide."", ""response"": ""neutre"", ""data_type"": ""questionnaire"", ""session_id"": ""e18baacc_2026-07-29_15-56-59"", ""questionnaire_id"": ""SelfReferenceParadigm-Phase1""}"
2462,e18baacc_2026-07-29_15-56-59,questionnaire,2026-07-29 16:08:01.116205+00,"{""language"": ""FR"", ""question"": ""Je suis agréable."", ""response"": ""neutre"", ""data_type"": ""questionnaire"", ""session_id"": ""e18baacc_2026-07-29_15-56-59"", ""questionnaire_id"": ""SelfReferenceParadigm-Phase1""}"
2463,e18baacc_2026-07-29_15-56-59,questionnaire,2026-07-29 16:08:01.116205+00,"{""language"": ""FR"", ""question"": ""Je suis moraliste."", ""response"": ""neutre"", ""data_type"": ""questionnaire"", ""session_id"": ""e18baacc_2026-07-29_15-56-59"", ""questionnaire_id"": ""SelfReferenceParadigm-Phase1""}"
2464,e18baacc_2026-07-29_15-56-59,questionnaire,2026-07-29 16:08:01.116205+00,"{""language"": ""FR"", ""question"": ""Je suis rusé."", ""response"": ""neutre"", ""data_type"": ""questionnaire"", ""session_id"": ""e18baacc_2026-07-29_15-56-59"", ""questionnaire_id"": ""SelfReferenceParadigm-Phase1""}"
2465,e18baacc_2026-07-29_15-56-59,questionnaire,2026-07-29 16:08:01.116205+00,"{""language"": ""FR"", ""question"": ""Je suis asocial."", ""response"": ""neutre"", ""data_type"": ""questionnaire"", ""session_id"": ""e18baacc_2026-07-29_15-56-59"", ""questionnaire_id"": ""SelfReferenceParadigm-Phase1""}"
2466,e18baacc_2026-07-29_15-56-59,questionnaire,2026-07-29 16:08:01.116205+00,"{""language"": ""FR"", ""question"": ""Les autres sont impopulaires."", ""response"": ""neutre"", ""data_type"": ""questionnaire"", ""session_id"": ""e18baacc_2026-07-29_15-56-59"", ""questionnaire_id"": ""SelfReferenceParadigm-Phase1""}"
2467,e18baacc_2026-07-29_15-56-59,questionnaire,2026-07-29 16:08:01.116205+00,"{""language"": ""FR"", ""question"": ""Je suis mature."", ""response"": ""neutre"", ""data_type"": ""questionnaire"", ""session_id"": ""e18baacc_2026-07-29_15-56-59"", ""questionnaire_id"": ""SelfReferenceParadigm-Phase1""}"
2468,e18baacc_2026-07-29_15-56-59,questionnaire,2026-07-29 16:08:01.116205+00,"{""language"": ""FR"", ""question"": ""Je suis sans. cœur"", ""response"": ""neutre"", ""data_type"": ""questionnaire"", ""session_id"": ""e18baacc_2026-07-29_15-56-59"", ""questionnaire_id"": ""SelfReferenceParadigm-Phase1""}"
2469,e18baacc_2026-07-29_15-56-59,questionnaire,2026-07-29 16:08:01.116205+00,"{""language"": ""FR"", ""question"": ""Je suis logique."", ""response"": ""neutre"", ""data_type"": ""questionnaire"", ""session_id"": ""e18baacc_2026-07-29_15-56-59"", ""questionnaire_id"": ""SelfReferenceParadigm-Phase1""}"
2470,e18baacc_2026-07-29_15-56-59,questionnaire,2026-07-29 16:08:01.116205+00,"{""language"": ""FR"", ""question"": ""Les autres sont propres."", ""response"": ""neutre"", ""data_type"": ""questionnaire"", ""session_id"": ""e18baacc_2026-07-29_15-56-59"", ""questionnaire_id"": ""SelfReferenceParadigm-Phase1""}"
2471,e18baacc_2026-07-29_15-56-59,questionnaire,2026-07-29 16:08:01.116205+00,"{""language"": ""FR"", ""question"": ""Les autres sont ouverts d’esprit.."", ""response"": ""neutre"", ""data_type"": ""questionnaire"", ""session_id"": ""e18baacc_2026-07-29_15-56-59"", ""questionnaire_id"": ""SelfReferenceParadigm-Phase1""}"
2472,e18baacc_2026-07-29_15-56-59,questionnaire,2026-07-29 16:08:01.116205+00,"{""language"": ""FR"", ""question"": ""Les autres sont inadaptés."", ""response"": ""neutre"", ""data_type"": ""questionnaire"", ""session_id"": ""e18baacc_2026-07-29_15-56-59"", ""questionnaire_id"": ""SelfReferenceParadigm-Phase1""}"
2473,e18baacc_2026-07-29_15-56-59,questionnaire,2026-07-29 16:08:01.116205+00,"{""language"": ""FR"", ""question"": ""Les autres sont habiles."", ""response"": ""neutre"", ""data_type"": ""questionnaire"", ""session_id"": ""e18baacc_2026-07-29_15-56-59"", ""questionnaire_id"": ""SelfReferenceParadigm-Phase1""}"
2474,e18baacc_2026-07-29_15-56-59,questionnaire,2026-07-29 16:08:01.116205+00,"{""language"": ""FR"", ""question"": ""Je suis opportuniste."", ""response"": ""neutre"", ""data_type"": ""questionnaire"", ""session_id"": ""e18baacc_2026-07-29_15-56-59"", ""questionnaire_id"": ""SelfReferenceParadigm-Phase1""}"
2475,e18baacc_2026-07-29_15-56-59,questionnaire,2026-07-29 16:08:01.116205+00,"{""language"": ""FR"", ""question"": ""Je suis silencieux."", ""response"": ""neutre"", ""data_type"": ""questionnaire"", ""session_id"": ""e18baacc_2026-07-29_15-56-59"", ""questionnaire_id"": ""SelfReferenceParadigm-Phase1""}"
2476,e18baacc_2026-07-29_15-56-59,questionnaire,2026-07-29 16:08:01.116205+00,"{""language"": ""FR"", ""question"": ""Les autres sont autoritaires."", ""response"": ""neutre"", ""data_type"": ""questionnaire"", ""session_id"": ""e18baacc_2026-07-29_15-56-59"", ""questionnaire_id"": ""SelfReferenceParadigm-Phase1""}"
2477,e18baacc_2026-07-29_15-56-59,questionnaire,2026-07-29 16:08:01.116205+00,"{""language"": ""FR"", ""question"": ""Je suis extraverti."", ""response"": ""neutre"", ""data_type"": ""questionnaire"", ""session_id"": ""e18baacc_2026-07-29_15-56-59"", ""questionnaire_id"": ""SelfReferenceParadigm-Phase1""}"
2478,e18baacc_2026-07-29_15-56-59,questionnaire,2026-07-29 16:08:01.116205+00,"{""language"": ""FR"", ""question"": ""Les autres sont optimistes."", ""response"": ""neutre"", ""data_type"": ""questionnaire"", ""session_id"": ""e18baacc_2026-07-29_15-56-59"", ""questionnaire_id"": ""SelfReferenceParadigm-Phase1""}"
2479,e18baacc_2026-07-29_15-56-59,questionnaire,2026-07-29 16:08:01.116205+00,"{""language"": ""FR"", ""question"": ""Les autres sont sûrs de soi."", ""response"": ""neutre"", ""data_type"": ""questionnaire"", ""session_id"": ""e18baacc_2026-07-29_15-56-59"", ""questionnaire_id"": ""SelfReferenceParadigm-Phase1""}"
2480,e18baacc_2026-07-29_15-56-59,questionnaire,2026-07-29 16:08:01.116205+00,"{""language"": ""FR"", ""question"": ""Les autres sont mensongers."", ""response"": ""neutre"", ""data_type"": ""questionnaire"", ""session_id"": ""e18baacc_2026-07-29_15-56-59"", ""questionnaire_id"": ""SelfReferenceParadigm-Phase1""}"
2481,e18baacc_2026-07-29_15-56-59,questionnaire,2026-07-29 16:08:01.116205+00,"{""language"": ""FR"", ""question"": ""Les autres sont ambitieux."", ""response"": ""neutre"", ""data_type"": ""questionnaire"", ""session_id"": ""e18baacc_2026-07-29_15-56-59"", ""questionnaire_id"": ""SelfReferenceParadigm-Phase1""}"
2482,e18baacc_2026-07-29_15-56-59,questionnaire,2026-07-29 16:08:01.116205+00,"{""language"": ""FR"", ""question"": ""Je suis optimiste."", ""response"": ""neutre"", ""data_type"": ""questionnaire"", ""session_id"": ""e18baacc_2026-07-29_15-56-59"", ""questionnaire_id"": ""SelfReferenceParadigm-Phase1""}"
2483,e18baacc_2026-07-29_15-56-59,questionnaire,2026-07-29 16:08:01.116205+00,"{""language"": ""FR"", ""question"": ""Je suis artistique."", ""response"": ""neutre"", ""data_type"": ""questionnaire"", ""session_id"": ""e18baacc_2026-07-29_15-56-59"", ""questionnaire_id"": ""SelfReferenceParadigm-Phase1""}"
2484,e18baacc_2026-07-29_15-56-59,questionnaire,2026-07-29 16:08:01.116205+00,"{""language"": ""FR"", ""question"": ""Les autres sont fiables."", ""response"": ""neutre"", ""data_type"": ""questionnaire"", ""session_id"": ""e18baacc_2026-07-29_15-56-59"", ""questionnaire_id"": ""SelfReferenceParadigm-Phase1""}"
2485,e18baacc_2026-07-29_15-56-59,questionnaire,2026-07-29 16:08:01.116205+00,"{""language"": ""FR"", ""question"": ""Les autres sont clownesques."", ""response"": ""neutre"", ""data_type"": ""questionnaire"", ""session_id"": ""e18baacc_2026-07-29_15-56-59"", ""questionnaire_id"": ""SelfReferenceParadigm-Phase1""}"
2486,e18baacc_2026-07-29_15-56-59,questionnaire,2026-07-29 16:08:01.116205+00,"{""language"": ""FR"", ""question"": ""Je suis fiable."", ""response"": ""neutre"", ""data_type"": ""questionnaire"", ""session_id"": ""e18baacc_2026-07-29_15-56-59"", ""questionnaire_id"": ""SelfReferenceParadigm-Phase1""}"
2487,e18baacc_2026-07-29_15-56-59,questionnaire,2026-07-29 16:08:01.116205+00,"{""language"": ""FR"", ""question"": ""Je suis pas. gentil"", ""response"": ""neutre"", ""data_type"": ""questionnaire"", ""session_id"": ""e18baacc_2026-07-29_15-56-59"", ""questionnaire_id"": ""SelfReferenceParadigm-Phase1""}"
2488,e18baacc_2026-07-29_15-56-59,questionnaire,2026-07-29 16:08:01.116205+00,"{""language"": ""FR"", ""question"": ""Je suis envieux."", ""response"": ""neutre"", ""data_type"": ""questionnaire"", ""session_id"": ""e18baacc_2026-07-29_15-56-59"", ""questionnaire_id"": ""SelfReferenceParadigm-Phase1""}"
2489,e18baacc_2026-07-29_15-56-59,questionnaire,2026-07-29 16:08:01.116205+00,"{""language"": ""FR"", ""question"": ""Les autres sont actifs."", ""response"": ""neutre"", ""data_type"": ""questionnaire"", ""session_id"": ""e18baacc_2026-07-29_15-56-59"", ""questionnaire_id"": ""SelfReferenceParadigm-Phase1""}"
2490,e18baacc_2026-07-29_15-56-59,questionnaire,2026-07-29 16:08:01.116205+00,"{""language"": ""FR"", ""question"": ""Les autres sont faibles."", ""response"": ""neutre"", ""data_type"": ""questionnaire"", ""session_id"": ""e18baacc_2026-07-29_15-56-59"", ""questionnaire_id"": ""SelfReferenceParadigm-Phase1""}"
2491,e18baacc_2026-07-29_15-56-59,questionnaire,2026-07-29 16:08:01.116205+00,"{""language"": ""FR"", ""question"": ""Je suis méthodique."", ""response"": ""neutre"", ""data_type"": ""questionnaire"", ""session_id"": ""e18baacc_2026-07-29_15-56-59"", ""questionnaire_id"": ""SelfReferenceParadigm-Phase1""}"
2492,e18baacc_2026-07-29_15-56-59,questionnaire,2026-07-29 16:08:01.116205+00,"{""language"": ""FR"", ""question"": ""bien Je suis élevé."", ""response"": ""neutre"", ""data_type"": ""questionnaire"", ""session_id"": ""e18baacc_2026-07-29_15-56-59"", ""questionnaire_id"": ""SelfReferenceParadigm-Phase1""}"
2493,e18baacc_2026-07-29_15-56-59,questionnaire,2026-07-29 16:08:01.116205+00,"{""language"": ""FR"", ""question"": ""Je suis strict."", ""response"": ""neutre"", ""data_type"": ""questionnaire"", ""session_id"": ""e18baacc_2026-07-29_15-56-59"", ""questionnaire_id"": ""SelfReferenceParadigm-Phase1""}"
2494,e18baacc_2026-07-29_15-56-59,questionnaire,2026-07-29 16:08:01.116205+00,"{""language"": ""FR"", ""question"": ""Je suis nerveux."", ""response"": ""neutre"", ""data_type"": ""questionnaire"", ""session_id"": ""e18baacc_2026-07-29_15-56-59"", ""questionnaire_id"": ""SelfReferenceParadigm-Phase1""}"
2495,e18baacc_2026-07-29_15-56-59,questionnaire,2026-07-29 16:08:01.116205+00,"{""language"": ""FR"", ""question"": ""Je suis soumis."", ""response"": ""neutre"", ""data_type"": ""questionnaire"", ""session_id"": ""e18baacc_2026-07-29_15-56-59"", ""questionnaire_id"": ""SelfReferenceParadigm-Phase1""}"
2496,e18baacc_2026-07-29_15-56-59,questionnaire,2026-07-29 16:08:01.116205+00,"{""language"": ""FR"", ""question"": ""Je suis incivil."", ""response"": ""neutre"", ""data_type"": ""questionnaire"", ""session_id"": ""e18baacc_2026-07-29_15-56-59"", ""questionnaire_id"": ""SelfReferenceParadigm-Phase1""}"
2497,e18baacc_2026-07-29_15-56-59,questionnaire,2026-07-29 16:08:01.116205+00,"{""language"": ""FR"", ""question"": ""Les autres sont vantards."", ""response"": ""neutre"", ""data_type"": ""questionnaire"", ""session_id"": ""e18baacc_2026-07-29_15-56-59"", ""questionnaire_id"": ""SelfReferenceParadigm-Phase1""}"
2498,e18baacc_2026-07-29_15-56-59,questionnaire,2026-07-29 16:08:01.116205+00,"{""language"": ""FR"", ""question"": ""Je suis raisonnable."", ""response"": ""neutre"", ""data_type"": ""questionnaire"", ""session_id"": ""e18baacc_2026-07-29_15-56-59"", ""questionnaire_id"": ""SelfReferenceParadigm-Phase1""}"
2499,e18baacc_2026-07-29_15-56-59,questionnaire,2026-07-29 16:08:01.116205+00,"{""language"": ""FR"", ""question"": ""Les autres sont hésitants."", ""response"": ""neutre"", ""data_type"": ""questionnaire"", ""session_id"": ""e18baacc_2026-07-29_15-56-59"", ""questionnaire_id"": ""SelfReferenceParadigm-Phase1""}"
2500,e18baacc_2026-07-29_15-56-59,questionnaire,2026-07-29 16:08:01.116205+00,"{""language"": ""FR"", ""question"": ""Les autres sont brillants."", ""response"": ""neutre"", ""data_type"": ""questionnaire"", ""session_id"": ""e18baacc_2026-07-29_15-56-59"", ""questionnaire_id"": ""SelfReferenceParadigm-Phase1""}"
2501,e18baacc_2026-07-29_15-56-59,questionnaire,2026-07-29 16:08:01.116205+00,"{""language"": ""FR"", ""question"": ""Les autres sont coopératifs."", ""response"": ""neutre"", ""data_type"": ""questionnaire"", ""session_id"": ""e18baacc_2026-07-29_15-56-59"", ""questionnaire_id"": ""SelfReferenceParadigm-Phase1""}"
2502,e18baacc_2026-07-29_15-56-59,questionnaire,2026-07-29 16:08:01.116205+00,"{""language"": ""FR"", ""question"": ""Les autres sont intrépides."", ""response"": ""neutre"", ""data_type"": ""questionnaire"", ""session_id"": ""e18baacc_2026-07-29_15-56-59"", ""questionnaire_id"": ""SelfReferenceParadigm-Phase1""}"
2503,e18baacc_2026-07-29_15-56-59,questionnaire,2026-07-29 16:08:01.116205+00,"{""language"": ""FR"", ""question"": ""Je suis désordonné."", ""response"": ""neutre"", ""data_type"": ""questionnaire"", ""session_id"": ""e18baacc_2026-07-29_15-56-59"", ""questionnaire_id"": ""SelfReferenceParadigm-Phase1""}"
2504,e18baacc_2026-07-29_15-56-59,questionnaire,2026-07-29 16:08:01.116205+00,"{""language"": ""FR"", ""question"": ""Les autres sont compétents."", ""response"": ""neutre"", ""data_type"": ""questionnaire"", ""session_id"": ""e18baacc_2026-07-29_15-56-59"", ""questionnaire_id"": ""SelfReferenceParadigm-Phase1""}"
2505,ab0e741d_2026-07-29_18-20-15,questionnaire,2026-07-29 16:21:10.056681+00,"{""language"": ""FR"", ""question"": ""prediction_future_size"", ""response"": ""a"", ""data_type"": ""questionnaire"", ""session_id"": ""ab0e741d_2026-07-29_18-20-15"", ""questionnaire_id"": ""post_open_questions""}"
2506,ab0e741d_2026-07-29_18-20-15,questionnaire,2026-07-29 16:21:10.056681+00,"{""language"": ""FR"", ""question"": ""prediction_rule"", ""response"": ""a"", ""data_type"": ""questionnaire"", ""session_id"": ""ab0e741d_2026-07-29_18-20-15"", ""questionnaire_id"": ""post_open_questions""}"
2507,ab0e741d_2026-07-29_18-20-15,questionnaire,2026-07-29 16:21:10.056681+00,"{""language"": ""FR"", ""question"": ""exploration"", ""response"": """", ""data_type"": ""questionnaire"", ""session_id"": ""ab0e741d_2026-07-29_18-20-15"", ""questionnaire_id"": ""post_open_questions""}"
2508,ab0e741d_2026-07-29_18-20-15,questionnaire,2026-07-29 16:21:10.056681+00,"{""language"": ""FR"", ""question"": ""exploration_dynamic"", ""response"": """", ""data_type"": ""questionnaire"", ""session_id"": ""ab0e741d_2026-07-29_18-20-15"", ""questionnaire_id"": ""post_open_questions""}"
2509,ab0e741d_2026-07-29_18-20-15,questionnaire,2026-07-29 16:21:10.056681+00,"{""language"": ""FR"", ""question"": ""goal"", ""response"": """", ""data_type"": ""questionnaire"", ""session_id"": ""ab0e741d_2026-07-29_18-20-15"", ""questionnaire_id"": ""post_open_questions""}"
2510,405c00f1_2026-07-30_17-00-50,questionnaire,2026-07-30 15:03:44.929868+00,"{""language"": ""FR"", ""question"": ""language"", ""response"": ""FR"", ""data_type"": ""questionnaire"", ""session_id"": ""405c00f1_2026-07-30_17-00-50"", ""questionnaire_id"": ""language""}"
2511,405c00f1_2026-07-30_17-00-50,questionnaire,2026-07-30 15:03:44.929868+00,"{""language"": ""FR"", ""question"": ""email"", ""response"": ""leslie"", ""data_type"": ""questionnaire"", ""session_id"": ""405c00f1_2026-07-30_17-00-50"", ""questionnaire_id"": ""consent_agreement""}"
2512,405c00f1_2026-07-30_17-00-50,questionnaire,2026-07-30 15:03:44.929868+00,"{""language"": ""FR"", ""question"": ""participantName"", ""response"": ""llll"", ""data_type"": ""questionnaire"", ""session_id"": ""405c00f1_2026-07-30_17-00-50"", ""questionnaire_id"": ""consent_agreement""}"
2513,405c00f1_2026-07-30_17-00-50,questionnaire,2026-07-30 15:03:44.929868+00,"{""language"": ""FR"", ""question"": ""consentMajority"", ""response"": ""True"", ""data_type"": ""questionnaire"", ""session_id"": ""405c00f1_2026-07-30_17-00-50"", ""questionnaire_id"": ""consent_agreement""}"
2514,405c00f1_2026-07-30_17-00-50,questionnaire,2026-07-30 15:03:44.929868+00,"{""language"": ""FR"", ""question"": ""consentParticipationEnd"", ""response"": ""True"", ""data_type"": ""questionnaire"", ""session_id"": ""405c00f1_2026-07-30_17-00-50"", ""questionnaire_id"": ""consent_agreement""}"
2515,405c00f1_2026-07-30_17-00-50,questionnaire,2026-07-30 15:03:44.929868+00,"{""language"": ""FR"", ""question"": ""consentRiskEnds"", ""response"": ""True"", ""data_type"": ""questionnaire"", ""session_id"": ""405c00f1_2026-07-30_17-00-50"", ""questionnaire_id"": ""consent_agreement""}"
2516,405c00f1_2026-07-30_17-00-50,questionnaire,2026-07-30 15:03:44.929868+00,"{""language"": ""FR"", ""question"": ""consentAnsweredQuestions"", ""response"": ""True"", ""data_type"": ""questionnaire"", ""session_id"": ""405c00f1_2026-07-30_17-00-50"", ""questionnaire_id"": ""consent_agreement""}"
2517,405c00f1_2026-07-30_17-00-50,questionnaire,2026-07-30 15:03:44.929868+00,"{""language"": ""FR"", ""question"": ""consentFurtherQuestions"", ""response"": ""True"", ""data_type"": ""questionnaire"", ""session_id"": ""405c00f1_2026-07-30_17-00-50"", ""questionnaire_id"": ""consent_agreement""}"
2518,2ccfaeef_2026-07-31_08-23-47,questionnaire,2026-07-31 06:24:32.00988+00,"{""language"": ""FR"", ""question"": ""language"", ""response"": ""FR"", ""data_type"": ""questionnaire"", ""session_id"": ""2ccfaeef_2026-07-31_08-23-47"", ""questionnaire_id"": ""language""}"
2519,2ccfaeef_2026-07-31_08-23-47,questionnaire,2026-07-31 06:24:32.00988+00,"{""language"": ""FR"", ""question"": ""email"", ""response"": ""lll"", ""data_type"": ""questionnaire"", ""session_id"": ""2ccfaeef_2026-07-31_08-23-47"", ""questionnaire_id"": ""consent_agreement""}"
2520,2ccfaeef_2026-07-31_08-23-47,questionnaire,2026-07-31 06:24:32.00988+00,"{""language"": ""FR"", ""question"": ""participantName"", ""response"": ""ll"", ""data_type"": ""questionnaire"", ""session_id"": ""2ccfaeef_2026-07-31_08-23-47"", ""questionnaire_id"": ""consent_agreement""}"
2521,2ccfaeef_2026-07-31_08-23-47,questionnaire,2026-07-31 06:24:32.00988+00,"{""language"": ""FR"", ""question"": ""consentMajority"", ""response"": ""True"", ""data_type"": ""questionnaire"", ""session_id"": ""2ccfaeef_2026-07-31_08-23-47"", ""questionnaire_id"": ""consent_agreement""}"
2522,2ccfaeef_2026-07-31_08-23-47,questionnaire,2026-07-31 06:24:32.00988+00,"{""language"": ""FR"", ""question"": ""consentParticipationEnd"", ""response"": ""True"", ""data_type"": ""questionnaire"", ""session_id"": ""2ccfaeef_2026-07-31_08-23-47"", ""questionnaire_id"": ""consent_agreement""}"
2523,2ccfaeef_2026-07-31_08-23-47,questionnaire,2026-07-31 06:24:32.00988+00,"{""language"": ""FR"", ""question"": ""consentRiskEnds"", ""response"": ""True"", ""data_type"": ""questionnaire"", ""session_id"": ""2ccfaeef_2026-07-31_08-23-47"", ""questionnaire_id"": ""consent_agreement""}"
2524,2ccfaeef_2026-07-31_08-23-47,questionnaire,2026-07-31 06:24:32.00988+00,"{""language"": ""FR"", ""question"": ""consentAnsweredQuestions"", ""response"": ""True"", ""data_type"": ""questionnaire"", ""session_id"": ""2ccfaeef_2026-07-31_08-23-47"", ""questionnaire_id"": ""consent_agreement""}"
2525,2ccfaeef_2026-07-31_08-23-47,questionnaire,2026-07-31 06:24:32.00988+00,"{""language"": ""FR"", ""question"": ""consentFurtherQuestions"", ""response"": ""True"", ""data_type"": ""questionnaire"", ""session_id"": ""2ccfaeef_2026-07-31_08-23-47"", ""questionnaire_id"": ""consent_agreement""}"
2526,2ccfaeef_2026-07-31_08-23-47,questionnaire,2026-07-31 06:24:40.716866+00,"{""language"": ""FR"", ""question"": ""status"", ""response"": ""lll"", ""data_type"": ""questionnaire"", ""session_id"": ""2ccfaeef_2026-07-31_08-23-47"", ""questionnaire_id"": ""demographics""}"
2527,2ccfaeef_2026-07-31_08-23-47,questionnaire,2026-07-31 06:24:40.716866+00,"{""language"": ""FR"", ""question"": ""education"", ""response"": ""lll"", ""data_type"": ""questionnaire"", ""session_id"": ""2ccfaeef_2026-07-31_08-23-47"", ""questionnaire_id"": ""demographics""}"
2528,2ccfaeef_2026-07-31_08-23-47,questionnaire,2026-07-31 06:24:40.716866+00,"{""language"": ""FR"", ""question"": ""age"", ""response"": ""lll"", ""data_type"": ""questionnaire"", ""session_id"": ""2ccfaeef_2026-07-31_08-23-47"", ""questionnaire_id"": ""demographics""}"
2529,2ccfaeef_2026-07-31_08-23-47,questionnaire,2026-07-31 06:25:23.542914+00,"{""language"": ""FR"", ""question"": ""surpris / surprise"", ""response"": ""un tout petit peu"", ""data_type"": ""questionnaire"", ""session_id"": ""2ccfaeef_2026-07-31_08-23-47"", ""questionnaire_id"": ""EES""}"
2530,2ccfaeef_2026-07-31_08-23-47,questionnaire,2026-07-31 06:25:23.542914+00,"{""language"": ""FR"", ""question"": ""confus / confuse"", ""response"": ""un tout petit peu"", ""data_type"": ""questionnaire"", ""session_id"": ""2ccfaeef_2026-07-31_08-23-47"", ""questionnaire_id"": ""EES""}"
2531,2ccfaeef_2026-07-31_08-23-47,questionnaire,2026-07-31 06:25:23.542914+00,"{""language"": ""FR"", ""question"": ""ennuyé / ennuyée"", ""response"": ""pas du tout"", ""data_type"": ""questionnaire"", ""session_id"": ""2ccfaeef_2026-07-31_08-23-47"", ""questionnaire_id"": ""EES""}"
2532,2ccfaeef_2026-07-31_08-23-47,questionnaire,2026-07-31 06:25:23.542914+00,"{""language"": ""FR"", ""question"": ""curieux / curieuse"", ""response"": ""modéré"", ""data_type"": ""questionnaire"", ""session_id"": ""2ccfaeef_2026-07-31_08-23-47"", ""questionnaire_id"": ""EES""}"
2533,2ccfaeef_2026-07-31_08-23-47,questionnaire,2026-07-31 06:25:23.542914+00,"{""language"": ""FR"", ""question"": ""frustré / frustrée"", ""response"": ""pas du tout"", ""data_type"": ""questionnaire"", ""session_id"": ""2ccfaeef_2026-07-31_08-23-47"", ""questionnaire_id"": ""EES""}"
2534,2ccfaeef_2026-07-31_08-23-47,questionnaire,2026-07-31 06:25:23.542914+00,"{""language"": ""FR"", ""question"": ""anxieux / anxieuse"", ""response"": ""un tout petit peu"", ""data_type"": ""questionnaire"", ""session_id"": ""2ccfaeef_2026-07-31_08-23-47"", ""questionnaire_id"": ""EES""}"
2535,2ccfaeef_2026-07-31_08-23-47,questionnaire,2026-07-31 06:25:23.542914+00,"{""language"": ""FR"", ""question"": ""excité / excitée"", ""response"": ""pas du tout"", ""data_type"": ""questionnaire"", ""session_id"": ""2ccfaeef_2026-07-31_08-23-47"", ""questionnaire_id"": ""EES""}"
2536,2ccfaeef_2026-07-31_08-23-47,questionnaire,2026-07-31 06:26:28.624092+00,"{""language"": ""FR"", ""question"": ""Parce que je trouve cette activité intéressante"", ""response"": ""un petit peu"", ""data_type"": ""questionnaire"", ""session_id"": ""2ccfaeef_2026-07-31_08-23-47"", ""questionnaire_id"": ""SIMS""}"
2537,2ccfaeef_2026-07-31_08-23-47,questionnaire,2026-07-31 06:26:28.624092+00,"{""language"": ""FR"", ""question"": ""Parce que je suis censé le faire"", ""response"": ""plutôt"", ""data_type"": ""questionnaire"", ""session_id"": ""2ccfaeef_2026-07-31_08-23-47"", ""questionnaire_id"": ""SIMS""}"
2538,2ccfaeef_2026-07-31_08-23-47,questionnaire,2026-07-31 06:26:28.624092+00,"{""language"": ""FR"", ""question"": ""Parce que je n’ai pas le choix"", ""response"": ""modérément"", ""data_type"": ""questionnaire"", ""session_id"": ""2ccfaeef_2026-07-31_08-23-47"", ""questionnaire_id"": ""SIMS""}"
2539,2ccfaeef_2026-07-31_08-23-47,questionnaire,2026-07-31 06:26:28.624092+00,"{""language"": ""FR"", ""question"": ""Parce que je pense que cette activité est bonne pour moi"", ""response"": ""modérément"", ""data_type"": ""questionnaire"", ""session_id"": ""2ccfaeef_2026-07-31_08-23-47"", ""questionnaire_id"": ""SIMS""}"
2540,2ccfaeef_2026-07-31_08-23-47,questionnaire,2026-07-31 06:26:28.624092+00,"{""language"": ""FR"", ""question"": ""Parce que je crois que cette activité est importante pour moi"", ""response"": ""un petit peu"", ""data_type"": ""questionnaire"", ""session_id"": ""2ccfaeef_2026-07-31_08-23-47"", ""questionnaire_id"": ""SIMS""}"
2541,2ccfaeef_2026-07-31_08-23-47,questionnaire,2026-07-31 06:26:28.624092+00,"{""language"": ""FR"", ""question"": ""Parce que je me sens bien quand je pratique cette activité"", ""response"": ""un tout petit peu"", ""data_type"": ""questionnaire"", ""session_id"": ""2ccfaeef_2026-07-31_08-23-47"", ""questionnaire_id"": ""SIMS""}"
2542,2ccfaeef_2026-07-31_08-23-47,questionnaire,2026-07-31 06:26:28.624092+00,"{""language"": ""FR"", ""question"": ""Parce que je trouve cette activité agréable"", ""response"": ""un tout petit peu"", ""data_type"": ""questionnaire"", ""session_id"": ""2ccfaeef_2026-07-31_08-23-47"", ""questionnaire_id"": ""SIMS""}"
2543,2ccfaeef_2026-07-31_08-23-47,questionnaire,2026-07-31 06:26:28.624092+00,"{""language"": ""FR"", ""question"": ""Parce que je le fais pour mon propre bien"", ""response"": ""un tout petit peu"", ""data_type"": ""questionnaire"", ""session_id"": ""2ccfaeef_2026-07-31_08-23-47"", ""questionnaire_id"": ""SIMS""}"
2544,2ccfaeef_2026-07-31_08-23-47,questionnaire,2026-07-31 06:26:28.624092+00,"{""language"": ""FR"", ""question"": ""Il y a peut-être de bonnes raisons de faire cette activité, mais personnellement, je n’en vois aucune"", ""response"": ""un tout petit peu"", ""data_type"": ""questionnaire"", ""session_id"": ""2ccfaeef_2026-07-31_08-23-47"", ""questionnaire_id"": ""SIMS""}"
2545,2ccfaeef_2026-07-31_08-23-47,questionnaire,2026-07-31 06:26:28.624092+00,"{""language"": ""FR"", ""question"": ""Parce que cette activité est amusante"", ""response"": ""un tout petit peu"", ""data_type"": ""questionnaire"", ""session_id"": ""2ccfaeef_2026-07-31_08-23-47"", ""questionnaire_id"": ""SIMS""}"
2546,2ccfaeef_2026-07-31_08-23-47,questionnaire,2026-07-31 06:26:28.624092+00,"{""language"": ""FR"", ""question"": ""Parce que je sens que je dois le faire"", ""response"": ""un tout petit peu"", ""data_type"": ""questionnaire"", ""session_id"": ""2ccfaeef_2026-07-31_08-23-47"", ""questionnaire_id"": ""SIMS""}"
2547,2ccfaeef_2026-07-31_08-23-47,questionnaire,2026-07-31 06:26:28.624092+00,"{""language"": ""FR"", ""question"": ""Parce que c’est quelque chose que je dois faire"", ""response"": ""un tout petit peu"", ""data_type"": ""questionnaire"", ""session_id"": ""2ccfaeef_2026-07-31_08-23-47"", ""questionnaire_id"": ""SIMS""}"
2548,2ccfaeef_2026-07-31_08-23-47,questionnaire,2026-07-31 06:26:28.624092+00,"{""language"": ""FR"", ""question"": ""Par choix personnel"", ""response"": ""un tout petit peu"", ""data_type"": ""questionnaire"", ""session_id"": ""2ccfaeef_2026-07-31_08-23-47"", ""questionnaire_id"": ""SIMS""}"
2549,2ccfaeef_2026-07-31_08-23-47,questionnaire,2026-07-31 06:26:28.624092+00,"{""language"": ""FR"", ""question"": ""Je ne sais pas ; je ne vois pas ce que cette activité m’apporte"", ""response"": ""un tout petit peu"", ""data_type"": ""questionnaire"", ""session_id"": ""2ccfaeef_2026-07-31_08-23-47"", ""questionnaire_id"": ""SIMS""}"
2550,2ccfaeef_2026-07-31_08-23-47,questionnaire,2026-07-31 06:26:28.624092+00,"{""language"": ""FR"", ""question"": ""Je pratique cette activité, mais je ne suis pas sûr que ce soit une bonne chose de la poursuivre"", ""response"": ""un tout petit peu"", ""data_type"": ""questionnaire"", ""session_id"": ""2ccfaeef_2026-07-31_08-23-47"", ""questionnaire_id"": ""SIMS""}"
2551,2ccfaeef_2026-07-31_08-23-47,questionnaire,2026-07-31 06:26:28.624092+00,"{""language"": ""FR"", ""question"": ""Je pratique cette activité, mais je ne suis pas sûr que cela en vaille la peine"", ""response"": ""un tout petit peu"", ""data_type"": ""questionnaire"", ""session_id"": ""2ccfaeef_2026-07-31_08-23-47"", ""questionnaire_id"": ""SIMS""}"
2552,2ccfaeef_2026-07-31_08-23-47,questionnaire,2026-07-31 06:27:37.977158+00,"{""language"": ""FR"", ""question"": ""Je planifie mon comportement du début à la fin"", ""response"": ""partiellement d'accord"", ""data_type"": ""questionnaire"", ""session_id"": ""2ccfaeef_2026-07-31_08-23-47"", ""questionnaire_id"": ""SoAS""}"
2553,2ccfaeef_2026-07-31_08-23-47,questionnaire,2026-07-31 06:27:37.977158+00,"{""language"": ""FR"", ""question"": ""Je ne suis qu'un instrument entre les mains de quelqu'un ou de quelque chose d'autre"", ""response"": ""partiellement en désaccord"", ""data_type"": ""questionnaire"", ""session_id"": ""2ccfaeef_2026-07-31_08-23-47"", ""questionnaire_id"": ""SoAS""}"
2554,2ccfaeef_2026-07-31_08-23-47,questionnaire,2026-07-31 06:27:37.977158+00,"{""language"": ""FR"", ""question"": ""C’est à moi qu’il revient de décider si et quand j’agis"", ""response"": ""partiellement d'accord"", ""data_type"": ""questionnaire"", ""session_id"": ""2ccfaeef_2026-07-31_08-23-47"", ""questionnaire_id"": ""SoAS""}"
2555,2ccfaeef_2026-07-31_08-23-47,questionnaire,2026-07-31 06:27:37.977158+00,"{""language"": ""FR"", ""question"": ""Mes actions se produisent simplement, sans que je le veuille"", ""response"": ""en désaccord"", ""data_type"": ""questionnaire"", ""session_id"": ""2ccfaeef_2026-07-31_08-23-47"", ""questionnaire_id"": ""SoAS""}"
2556,2ccfaeef_2026-07-31_08-23-47,questionnaire,2026-07-31 06:27:37.977158+00,"{""language"": ""FR"", ""question"": ""Les conséquences de mes actes me surprennent généralement"", ""response"": ""fortement en désaccord"", ""data_type"": ""questionnaire"", ""session_id"": ""2ccfaeef_2026-07-31_08-23-47"", ""questionnaire_id"": ""SoAS""}"
2557,2ccfaeef_2026-07-31_08-23-47,questionnaire,2026-07-31 06:27:37.977158+00,"{""language"": ""FR"", ""question"": ""Je suis en plein contrôle de ce que je fais"", ""response"": ""d'accord"", ""data_type"": ""questionnaire"", ""session_id"": ""2ccfaeef_2026-07-31_08-23-47"", ""questionnaire_id"": ""SoAS""}"
2558,2ccfaeef_2026-07-31_08-23-47,questionnaire,2026-07-31 06:27:37.977158+00,"{""language"": ""FR"", ""question"": ""Ce que je fais relève uniquement de mon libre arbitre"", ""response"": ""partiellement d'accord"", ""data_type"": ""questionnaire"", ""session_id"": ""2ccfaeef_2026-07-31_08-23-47"", ""questionnaire_id"": ""SoAS""}"
2559,2ccfaeef_2026-07-31_08-23-47,questionnaire,2026-07-31 06:27:37.977158+00,"{""language"": ""FR"", ""question"": ""Je suis entièrement responsable de tout ce qui résulte de mes actes"", ""response"": ""partiellement d'accord"", ""data_type"": ""questionnaire"", ""session_id"": ""2ccfaeef_2026-07-31_08-23-47"", ""questionnaire_id"": ""SoAS""}"
2560,2ccfaeef_2026-07-31_08-23-47,questionnaire,2026-07-31 06:27:37.977158+00,"{""language"": ""FR"", ""question"": ""Quand j’agis, j’ai l’impression d’être un robot télécommandé"", ""response"": ""partiellement en désaccord"", ""data_type"": ""questionnaire"", ""session_id"": ""2ccfaeef_2026-07-31_08-23-47"", ""questionnaire_id"": ""SoAS""}"
2561,2ccfaeef_2026-07-31_08-23-47,questionnaire,2026-07-31 06:27:37.977158+00,"{""language"": ""FR"", ""question"": ""Mes mouvements sont automatiques : mon corps les effectue tout simplement"", ""response"": ""partiellement en désaccord"", ""data_type"": ""questionnaire"", ""session_id"": ""2ccfaeef_2026-07-31_08-23-47"", ""questionnaire_id"": ""SoAS""}"
2562,2ccfaeef_2026-07-31_08-23-47,questionnaire,2026-07-31 06:27:37.977158+00,"{""language"": ""FR"", ""question"": ""Rien de ce que je fais n’est en réalité volontaire"", ""response"": ""en désaccord"", ""data_type"": ""questionnaire"", ""session_id"": ""2ccfaeef_2026-07-31_08-23-47"", ""questionnaire_id"": ""SoAS""}"
2563,2ccfaeef_2026-07-31_08-23-47,exploration,2026-07-31 06:33:26.828798+00,"{""trial"": 0, ""language"": ""FR"", ""data_type"": ""exploration"", ""position_x"": 0.155, ""position_y"": 0.4299998, ""session_id"": ""2ccfaeef_2026-07-31_08-23-47"", ""actual_value"": 32, ""position_rowID"": 2, ""predicted_value"": 50, ""position_columnID"": 1}"
2564,2ccfaeef_2026-07-31_08-23-47,exploration,2026-07-31 06:33:26.828798+00,"{""trial"": 0, ""language"": ""FR"", ""data_type"": ""exploration"", ""position_x"": 0.155, ""position_y"": -2.17, ""session_id"": ""2ccfaeef_2026-07-31_08-23-47"", ""actual_value"": 55, ""position_rowID"": 1, ""predicted_value"": 50, ""position_columnID"": 1}"
2565,2ccfaeef_2026-07-31_08-23-47,exploration,2026-07-31 06:33:26.828798+00,"{""trial"": 0, ""language"": ""FR"", ""data_type"": ""exploration"", ""position_x"": -2.445, ""position_y"": -2.17, ""session_id"": ""2ccfaeef_2026-07-31_08-23-47"", ""actual_value"": 1, ""position_rowID"": 1, ""predicted_value"": 50, ""position_columnID"": 0}"
2566,2ccfaeef_2026-07-31_08-23-47,exploration,2026-07-31 06:33:26.828798+00,"{""trial"": 0, ""language"": ""FR"", ""data_type"": ""exploration"", ""position_x"": 0.1700001, ""position_y"": -3.595, ""session_id"": ""2ccfaeef_2026-07-31_08-23-47"", ""actual_value"": 63, ""position_rowID"": 0, ""predicted_value"": 1, ""position_columnID"": 0}"
2567,2ccfaeef_2026-07-31_08-23-47,exploration,2026-07-31 06:33:26.828798+00,"{""trial"": 0, ""language"": ""FR"", ""data_type"": ""exploration"", ""position_x"": 0.1700001, ""position_y"": -3.595, ""session_id"": ""2ccfaeef_2026-07-31_08-23-47"", ""actual_value"": 63, ""position_rowID"": 0, ""predicted_value"": 50, ""position_columnID"": 0}"
2568,2ccfaeef_2026-07-31_08-23-47,exploration,2026-07-31 06:33:26.828798+00,"{""trial"": 1, ""language"": ""FR"", ""data_type"": ""exploration"", ""position_x"": 0.1700001, ""position_y"": -3.595, ""session_id"": ""2ccfaeef_2026-07-31_08-23-47"", ""actual_value"": 63, ""position_rowID"": 0, ""predicted_value"": 50, ""position_columnID"": 0}"
2569,2ccfaeef_2026-07-31_08-23-47,exploration,2026-07-31 06:33:26.828798+00,"{""trial"": 2, ""language"": ""FR"", ""data_type"": ""exploration"", ""position_x"": 0.1700001, ""position_y"": -3.595, ""session_id"": ""2ccfaeef_2026-07-31_08-23-47"", ""actual_value"": 74, ""position_rowID"": 0, ""predicted_value"": 50, ""position_columnID"": 0}"
2570,2ccfaeef_2026-07-31_08-23-47,questionnaire,2026-07-31 06:33:26.828798+00,"{""language"": ""FR"", ""question"": ""epsilon"", ""response"": ""0,1"", ""data_type"": ""questionnaire"", ""session_id"": ""2ccfaeef_2026-07-31_08-23-47"", ""questionnaire_id"": ""customization""}"
2571,2ccfaeef_2026-07-31_08-23-47,questionnaire,2026-07-31 06:33:26.828798+00,"{""language"": ""FR"", ""question"": ""uncoveredObject"", ""response"": ""flower_marguerite_0 (UnityEngine.GameObject)"", ""data_type"": ""questionnaire"", ""session_id"": ""2ccfaeef_2026-07-31_08-23-47"", ""questionnaire_id"": ""customization""}"
2572,2ccfaeef_2026-07-31_08-23-47,questionnaire,2026-07-31 06:33:26.828798+00,"{""language"": ""FR"", ""question"": ""container"", ""response"": ""pot_wood_0 (UnityEngine.GameObject)"", ""data_type"": ""questionnaire"", ""session_id"": ""2ccfaeef_2026-07-31_08-23-47"", ""questionnaire_id"": ""customization""}"
2573,2ccfaeef_2026-07-31_08-23-47,exploration,2026-07-31 06:39:05.108123+00,"{""trial"": 0, ""language"": ""FR"", ""data_type"": ""exploration"", ""position_x"": 6.5, ""position_y"": 2.665, ""session_id"": ""2ccfaeef_2026-07-31_08-23-47"", ""actual_value"": 39, ""position_rowID"": 4, ""predicted_value"": 50, ""position_columnID"": 6}"
2574,2ccfaeef_2026-07-31_08-23-47,exploration,2026-07-31 06:39:05.108123+00,"{""trial"": 1, ""language"": ""FR"", ""data_type"": ""exploration"", ""position_x"": 3.900001, ""position_y"": 2.665, ""session_id"": ""2ccfaeef_2026-07-31_08-23-47"", ""actual_value"": 48, ""position_rowID"": 4, ""predicted_value"": 50, ""position_columnID"": 5}"
2575,2ccfaeef_2026-07-31_08-23-47,exploration,2026-07-31 06:39:05.108123+00,"{""trial"": 2, ""language"": ""FR"", ""data_type"": ""exploration"", ""position_x"": 3.900001, ""position_y"": 0.06500053, ""session_id"": ""2ccfaeef_2026-07-31_08-23-47"", ""actual_value"": 42, ""position_rowID"": 3, ""predicted_value"": 50, ""position_columnID"": 5}"
2576,2ccfaeef_2026-07-31_08-23-47,exploration,2026-07-31 06:39:05.108123+00,"{""trial"": 3, ""language"": ""FR"", ""data_type"": ""exploration"", ""position_x"": 6.5, ""position_y"": 0.06500053, ""session_id"": ""2ccfaeef_2026-07-31_08-23-47"", ""actual_value"": 28, ""position_rowID"": 3, ""predicted_value"": 50, ""position_columnID"": 6}"
2577,2ccfaeef_2026-07-31_08-23-47,exploration,2026-07-31 06:39:05.108123+00,"{""trial"": 4, ""language"": ""FR"", ""data_type"": ""exploration"", ""position_x"": 1.3, ""position_y"": 2.665, ""session_id"": ""2ccfaeef_2026-07-31_08-23-47"", ""actual_value"": 49, ""position_rowID"": 4, ""predicted_value"": 50, ""position_columnID"": 4}"
2578,2ccfaeef_2026-07-31_08-23-47,exploration,2026-07-31 06:39:05.108123+00,"{""trial"": 5, ""language"": ""FR"", ""data_type"": ""exploration"", ""position_x"": -1.3, ""position_y"": 2.665, ""session_id"": ""2ccfaeef_2026-07-31_08-23-47"", ""actual_value"": 29, ""position_rowID"": 4, ""predicted_value"": 50, ""position_columnID"": 3}"
2579,2ccfaeef_2026-07-31_08-23-47,exploration,2026-07-31 06:39:05.108123+00,"{""trial"": 6, ""language"": ""FR"", ""data_type"": ""exploration"", ""position_x"": 1.3, ""position_y"": 0.06500053, ""session_id"": ""2ccfaeef_2026-07-31_08-23-47"", ""actual_value"": 43, ""position_rowID"": 3, ""predicted_value"": 50, ""position_columnID"": 4}"
2580,2ccfaeef_2026-07-31_08-23-47,exploration,2026-07-31 06:39:05.108123+00,"{""trial"": 7, ""language"": ""FR"", ""data_type"": ""exploration"", ""position_x"": -1.3, ""position_y"": 0.06500053, ""session_id"": ""2ccfaeef_2026-07-31_08-23-47"", ""actual_value"": 28, ""position_rowID"": 3, ""predicted_value"": 50, ""position_columnID"": 3}"
2581,2ccfaeef_2026-07-31_08-23-47,exploration,2026-07-31 06:39:05.108123+00,"{""trial"": 8, ""language"": ""FR"", ""data_type"": ""exploration"", ""position_x"": 6.5, ""position_y"": -2.535, ""session_id"": ""2ccfaeef_2026-07-31_08-23-47"", ""actual_value"": 28, ""position_rowID"": 2, ""predicted_value"": 50, ""position_columnID"": 6}"
2582,2ccfaeef_2026-07-31_08-23-47,exploration,2026-07-31 06:39:05.108123+00,"{""trial"": 9, ""language"": ""FR"", ""data_type"": ""exploration"", ""position_x"": 6.5, ""position_y"": -5.134999, ""session_id"": ""2ccfaeef_2026-07-31_08-23-47"", ""actual_value"": 35, ""position_rowID"": 1, ""predicted_value"": 50, ""position_columnID"": 6}"
2583,2ccfaeef_2026-07-31_08-23-47,exploration,2026-07-31 06:39:05.108123+00,"{""trial"": 10, ""language"": ""FR"", ""data_type"": ""exploration"", ""position_x"": 3.900001, ""position_y"": -5.134999, ""session_id"": ""2ccfaeef_2026-07-31_08-23-47"", ""actual_value"": 63, ""position_rowID"": 1, ""predicted_value"": 50, ""position_columnID"": 5}"
2584,2ccfaeef_2026-07-31_08-23-47,exploration,2026-07-31 06:39:05.108123+00,"{""trial"": 11, ""language"": ""FR"", ""data_type"": ""exploration"", ""position_x"": 1.3, ""position_y"": -5.134999, ""session_id"": ""2ccfaeef_2026-07-31_08-23-47"", ""actual_value"": 73, ""position_rowID"": 1, ""predicted_value"": 50, ""position_columnID"": 4}"
2585,2ccfaeef_2026-07-31_08-23-47,exploration,2026-07-31 06:39:05.108123+00,"{""trial"": 12, ""language"": ""FR"", ""data_type"": ""exploration"", ""position_x"": 6.5, ""position_y"": -7.735, ""session_id"": ""2ccfaeef_2026-07-31_08-23-47"", ""actual_value"": 53, ""position_rowID"": 0, ""predicted_value"": 50, ""position_columnID"": 6}"
2586,2ccfaeef_2026-07-31_08-23-47,exploration,2026-07-31 06:39:05.108123+00,"{""trial"": 13, ""language"": ""FR"", ""data_type"": ""exploration"", ""position_x"": 6.5, ""position_y"": -5.134999, ""session_id"": ""2ccfaeef_2026-07-31_08-23-47"", ""actual_value"": 34, ""position_rowID"": 1, ""predicted_value"": 50, ""position_columnID"": 6}"
2587,2ccfaeef_2026-07-31_08-23-47,exploration,2026-07-31 06:39:05.108123+00,"{""trial"": 14, ""language"": ""FR"", ""data_type"": ""exploration"", ""position_x"": 3.900001, ""position_y"": -7.735, ""session_id"": ""2ccfaeef_2026-07-31_08-23-47"", ""actual_value"": 85, ""position_rowID"": 0, ""predicted_value"": 50, ""position_columnID"": 5}"
2588,2ccfaeef_2026-07-31_08-23-47,exploration,2026-07-31 06:39:05.108123+00,"{""trial"": 15, ""language"": ""FR"", ""data_type"": ""exploration"", ""position_x"": 1.3, ""position_y"": -7.735, ""session_id"": ""2ccfaeef_2026-07-31_08-23-47"", ""actual_value"": 98, ""position_rowID"": 0, ""predicted_value"": 50, ""position_columnID"": 4}"
2589,2ccfaeef_2026-07-31_08-23-47,exploration,2026-07-31 06:39:05.108123+00,"{""trial"": 16, ""language"": ""FR"", ""data_type"": ""exploration"", ""position_x"": -1.3, ""position_y"": -7.735, ""session_id"": ""2ccfaeef_2026-07-31_08-23-47"", ""actual_value"": 97, ""position_rowID"": 0, ""predicted_value"": 50, ""position_columnID"": 3}"
2590,2ccfaeef_2026-07-31_08-23-47,exploration,2026-07-31 06:39:05.108123+00,"{""trial"": 17, ""language"": ""FR"", ""data_type"": ""exploration"", ""position_x"": -1.3, ""position_y"": -5.134999, ""session_id"": ""2ccfaeef_2026-07-31_08-23-47"", ""actual_value"": 68, ""position_rowID"": 1, ""predicted_value"": 50, ""position_columnID"": 3}"
2591,2ccfaeef_2026-07-31_08-23-47,exploration,2026-07-31 06:39:05.108123+00,"{""trial"": 18, ""language"": ""FR"", ""data_type"": ""exploration"", ""position_x"": -6.5, ""position_y"": -7.735, ""session_id"": ""2ccfaeef_2026-07-31_08-23-47"", ""actual_value"": 39, ""position_rowID"": 0, ""predicted_value"": 50, ""position_columnID"": 1}"
2592,2ccfaeef_2026-07-31_08-23-47,exploration,2026-07-31 06:39:05.108123+00,"{""trial"": 19, ""language"": ""FR"", ""data_type"": ""exploration"", ""position_x"": -9.099999, ""position_y"": -7.735, ""session_id"": ""2ccfaeef_2026-07-31_08-23-47"", ""actual_value"": 1, ""position_rowID"": 0, ""predicted_value"": 50, ""position_columnID"": 0}"
2593,2ccfaeef_2026-07-31_08-23-47,exploration,2026-07-31 06:39:05.108123+00,"{""trial"": 20, ""language"": ""FR"", ""data_type"": ""exploration"", ""position_x"": -9.099999, ""position_y"": -5.134999, ""session_id"": ""2ccfaeef_2026-07-31_08-23-47"", ""actual_value"": 2, ""position_rowID"": 1, ""predicted_value"": 50, ""position_columnID"": 0}"
2594,2ccfaeef_2026-07-31_08-23-47,exploration,2026-07-31 06:39:05.108123+00,"{""trial"": 21, ""language"": ""FR"", ""data_type"": ""exploration"", ""position_x"": -9.099999, ""position_y"": -2.535, ""session_id"": ""2ccfaeef_2026-07-31_08-23-47"", ""actual_value"": 40, ""position_rowID"": 2, ""predicted_value"": 50, ""position_columnID"": 0}"
2595,2ccfaeef_2026-07-31_08-23-47,exploration,2026-07-31 06:39:05.108123+00,"{""trial"": 22, ""language"": ""FR"", ""data_type"": ""exploration"", ""position_x"": -9.099999, ""position_y"": -7.735, ""session_id"": ""2ccfaeef_2026-07-31_08-23-47"", ""actual_value"": 1, ""position_rowID"": 0, ""predicted_value"": 50, ""position_columnID"": 0}"
2596,2ccfaeef_2026-07-31_08-23-47,exploration,2026-07-31 06:39:05.108123+00,"{""trial"": 23, ""language"": ""FR"", ""data_type"": ""exploration"", ""position_x"": -9.099999, ""position_y"": -5.134999, ""session_id"": ""2ccfaeef_2026-07-31_08-23-47"", ""actual_value"": 2, ""position_rowID"": 1, ""predicted_value"": 50, ""position_columnID"": 0}"
2597,2ccfaeef_2026-07-31_08-23-47,exploration,2026-07-31 06:39:05.108123+00,"{""trial"": 24, ""language"": ""FR"", ""data_type"": ""exploration"", ""position_x"": -9.099999, ""position_y"": 0.06500053, ""session_id"": ""2ccfaeef_2026-07-31_08-23-47"", ""actual_value"": 59, ""position_rowID"": 3, ""predicted_value"": 50, ""position_columnID"": 0}"
2598,2ccfaeef_2026-07-31_08-23-47,exploration,2026-07-31 06:39:05.108123+00,"{""trial"": 25, ""language"": ""FR"", ""data_type"": ""exploration"", ""position_x"": -6.5, ""position_y"": 0.06500053, ""session_id"": ""2ccfaeef_2026-07-31_08-23-47"", ""actual_value"": 36, ""position_rowID"": 3, ""predicted_value"": 50, ""position_columnID"": 1}"
2599,2ccfaeef_2026-07-31_08-23-47,exploration,2026-07-31 06:39:05.108123+00,"{""trial"": 26, ""language"": ""FR"", ""data_type"": ""exploration"", ""position_x"": -6.5, ""position_y"": -2.535, ""session_id"": ""2ccfaeef_2026-07-31_08-23-47"", ""actual_value"": 30, ""position_rowID"": 2, ""predicted_value"": 50, ""position_columnID"": 1}"
2600,2ccfaeef_2026-07-31_08-23-47,exploration,2026-07-31 06:39:05.108123+00,"{""trial"": 27, ""language"": ""FR"", ""data_type"": ""exploration"", ""position_x"": -6.5, ""position_y"": -5.134999, ""session_id"": ""2ccfaeef_2026-07-31_08-23-47"", ""actual_value"": 22, ""position_rowID"": 1, ""predicted_value"": 50, ""position_columnID"": 1}"
2601,2ccfaeef_2026-07-31_08-23-47,exploration,2026-07-31 06:39:05.108123+00,"{""trial"": 28, ""language"": ""FR"", ""data_type"": ""exploration"", ""position_x"": -3.9, ""position_y"": -5.134999, ""session_id"": ""2ccfaeef_2026-07-31_08-23-47"", ""actual_value"": 37, ""position_rowID"": 1, ""predicted_value"": 50, ""position_columnID"": 2}"
2602,2ccfaeef_2026-07-31_08-23-47,exploration,2026-07-31 06:39:05.108123+00,"{""trial"": 29, ""language"": ""FR"", ""data_type"": ""exploration"", ""position_x"": -3.9, ""position_y"": -2.535, ""session_id"": ""2ccfaeef_2026-07-31_08-23-47"", ""actual_value"": 27, ""position_rowID"": 2, ""predicted_value"": 50, ""position_columnID"": 2}"
2603,2ccfaeef_2026-07-31_08-23-47,exploration,2026-07-31 06:39:05.108123+00,"{""trial"": 30, ""language"": ""FR"", ""data_type"": ""exploration"", ""position_x"": -3.9, ""position_y"": 0.06500053, ""session_id"": ""2ccfaeef_2026-07-31_08-23-47"", ""actual_value"": 25, ""position_rowID"": 3, ""predicted_value"": 50, ""position_columnID"": 2}"
2604,2ccfaeef_2026-07-31_08-23-47,exploration,2026-07-31 06:39:05.108123+00,"{""trial"": 31, ""language"": ""FR"", ""data_type"": ""exploration"", ""position_x"": -1.3, ""position_y"": 0.06500053, ""session_id"": ""2ccfaeef_2026-07-31_08-23-47"", ""actual_value"": 28, ""position_rowID"": 3, ""predicted_value"": 50, ""position_columnID"": 3}"
2605,2ccfaeef_2026-07-31_08-23-47,exploration,2026-07-31 06:39:05.108123+00,"{""trial"": 32, ""language"": ""FR"", ""data_type"": ""exploration"", ""position_x"": -1.3, ""position_y"": 2.665, ""session_id"": ""2ccfaeef_2026-07-31_08-23-47"", ""actual_value"": 32, ""position_rowID"": 4, ""predicted_value"": 50, ""position_columnID"": 3}"
2606,2ccfaeef_2026-07-31_08-23-47,exploration,2026-07-31 06:39:05.108123+00,"{""trial"": 33, ""language"": ""FR"", ""data_type"": ""exploration"", ""position_x"": -1.3, ""position_y"": 5.265, ""session_id"": ""2ccfaeef_2026-07-31_08-23-47"", ""actual_value"": 28, ""position_rowID"": 5, ""predicted_value"": 50, ""position_columnID"": 3}"
2607,2ccfaeef_2026-07-31_08-23-47,exploration,2026-07-31 06:39:05.108123+00,"{""trial"": 34, ""language"": ""FR"", ""data_type"": ""exploration"", ""position_x"": 1.3, ""position_y"": 5.265, ""session_id"": ""2ccfaeef_2026-07-31_08-23-47"", ""actual_value"": 48, ""position_rowID"": 5, ""predicted_value"": 50, ""position_columnID"": 4}"
2608,2ccfaeef_2026-07-31_08-23-47,exploration,2026-07-31 06:39:05.108123+00,"{""trial"": 35, ""language"": ""FR"", ""data_type"": ""exploration"", ""position_x"": 1.3, ""position_y"": 7.865001, ""session_id"": ""2ccfaeef_2026-07-31_08-23-47"", ""actual_value"": 49, ""position_rowID"": 6, ""predicted_value"": 50, ""position_columnID"": 4}"
2609,2ccfaeef_2026-07-31_08-23-47,exploration,2026-07-31 06:39:05.108123+00,"{""trial"": 36, ""language"": ""FR"", ""data_type"": ""exploration"", ""position_x"": -1.3, ""position_y"": 7.865001, ""session_id"": ""2ccfaeef_2026-07-31_08-23-47"", ""actual_value"": 42, ""position_rowID"": 6, ""predicted_value"": 50, ""position_columnID"": 3}"
2610,2ccfaeef_2026-07-31_08-23-47,exploration,2026-07-31 06:39:05.108123+00,"{""trial"": 37, ""language"": ""FR"", ""data_type"": ""exploration"", ""position_x"": -3.9, ""position_y"": 7.865001, ""session_id"": ""2ccfaeef_2026-07-31_08-23-47"", ""actual_value"": 43, ""position_rowID"": 6, ""predicted_value"": 50, ""position_columnID"": 2}"
2611,2ccfaeef_2026-07-31_08-23-47,exploration,2026-07-31 06:39:05.108123+00,"{""trial"": 38, ""language"": ""FR"", ""data_type"": ""exploration"", ""position_x"": -6.5, ""position_y"": 7.865001, ""session_id"": ""2ccfaeef_2026-07-31_08-23-47"", ""actual_value"": 57, ""position_rowID"": 6, ""predicted_value"": 50, ""position_columnID"": 1}"
2612,2ccfaeef_2026-07-31_08-23-47,exploration,2026-07-31 06:39:05.108123+00,"{""trial"": 39, ""language"": ""FR"", ""data_type"": ""exploration"", ""position_x"": -9.099999, ""position_y"": 7.865001, ""session_id"": ""2ccfaeef_2026-07-31_08-23-47"", ""actual_value"": 79, ""position_rowID"": 6, ""predicted_value"": 50, ""position_columnID"": 0}"
2613,2ccfaeef_2026-07-31_08-23-47,questionnaire,2026-07-31 06:39:36.222799+00,"{""language"": ""FR"", ""question"": ""frustré / frustrée"", ""response"": ""modéré"", ""data_type"": ""questionnaire"", ""session_id"": ""2ccfaeef_2026-07-31_08-23-47"", ""questionnaire_id"": ""EES""}"
2614,2ccfaeef_2026-07-31_08-23-47,questionnaire,2026-07-31 06:39:36.222799+00,"{""language"": ""FR"", ""question"": ""anxieux / anxieuse"", ""response"": ""un tout petit peu"", ""data_type"": ""questionnaire"", ""session_id"": ""2ccfaeef_2026-07-31_08-23-47"", ""questionnaire_id"": ""EES""}"
2615,2ccfaeef_2026-07-31_08-23-47,questionnaire,2026-07-31 06:39:36.222799+00,"{""language"": ""FR"", ""question"": ""ennuyé / ennuyée"", ""response"": ""modéré"", ""data_type"": ""questionnaire"", ""session_id"": ""2ccfaeef_2026-07-31_08-23-47"", ""questionnaire_id"": ""EES""}"
2616,2ccfaeef_2026-07-31_08-23-47,questionnaire,2026-07-31 06:39:36.222799+00,"{""language"": ""FR"", ""question"": ""surpris / surprise"", ""response"": ""un tout petit peu"", ""data_type"": ""questionnaire"", ""session_id"": ""2ccfaeef_2026-07-31_08-23-47"", ""questionnaire_id"": ""EES""}"
2617,2ccfaeef_2026-07-31_08-23-47,questionnaire,2026-07-31 06:39:36.222799+00,"{""language"": ""FR"", ""question"": ""curieux / curieuse"", ""response"": ""modéré"", ""data_type"": ""questionnaire"", ""session_id"": ""2ccfaeef_2026-07-31_08-23-47"", ""questionnaire_id"": ""EES""}"
2618,2ccfaeef_2026-07-31_08-23-47,questionnaire,2026-07-31 06:39:36.222799+00,"{""language"": ""FR"", ""question"": ""excité / excitée"", ""response"": ""pas du tout"", ""data_type"": ""questionnaire"", ""session_id"": ""2ccfaeef_2026-07-31_08-23-47"", ""questionnaire_id"": ""EES""}"
2619,2ccfaeef_2026-07-31_08-23-47,questionnaire,2026-07-31 06:39:36.222799+00,"{""language"": ""FR"", ""question"": ""confus / confuse"", ""response"": ""un tout petit peu"", ""data_type"": ""questionnaire"", ""session_id"": ""2ccfaeef_2026-07-31_08-23-47"", ""questionnaire_id"": ""EES""}"
2620,2ccfaeef_2026-07-31_08-23-47,questionnaire,2026-07-31 06:40:47.303539+00,"{""language"": ""FR"", ""question"": ""Parce que cette activité est amusante"", ""response"": ""pas du tout"", ""data_type"": ""questionnaire"", ""session_id"": ""2ccfaeef_2026-07-31_08-23-47"", ""questionnaire_id"": ""SIMS""}"
2621,2ccfaeef_2026-07-31_08-23-47,questionnaire,2026-07-31 06:40:47.303539+00,"{""language"": ""FR"", ""question"": ""Parce que je trouve cette activité intéressante"", ""response"": ""un petit peu"", ""data_type"": ""questionnaire"", ""session_id"": ""2ccfaeef_2026-07-31_08-23-47"", ""questionnaire_id"": ""SIMS""}"
2622,2ccfaeef_2026-07-31_08-23-47,questionnaire,2026-07-31 06:40:47.303539+00,"{""language"": ""FR"", ""question"": ""Parce que je suis censé le faire"", ""response"": ""modérément"", ""data_type"": ""questionnaire"", ""session_id"": ""2ccfaeef_2026-07-31_08-23-47"", ""questionnaire_id"": ""SIMS""}"
2623,2ccfaeef_2026-07-31_08-23-47,questionnaire,2026-07-31 06:40:47.303539+00,"{""language"": ""FR"", ""question"": ""Parce que je n’ai pas le choix"", ""response"": ""modérément"", ""data_type"": ""questionnaire"", ""session_id"": ""2ccfaeef_2026-07-31_08-23-47"", ""questionnaire_id"": ""SIMS""}"
2624,2ccfaeef_2026-07-31_08-23-47,questionnaire,2026-07-31 06:40:47.303539+00,"{""language"": ""FR"", ""question"": ""Parce que c’est quelque chose que je dois faire"", ""response"": ""plutôt"", ""data_type"": ""questionnaire"", ""session_id"": ""2ccfaeef_2026-07-31_08-23-47"", ""questionnaire_id"": ""SIMS""}"
2625,2ccfaeef_2026-07-31_08-23-47,questionnaire,2026-07-31 06:40:47.303539+00,"{""language"": ""FR"", ""question"": ""Parce que je le fais pour mon propre bien"", ""response"": ""un tout petit peu"", ""data_type"": ""questionnaire"", ""session_id"": ""2ccfaeef_2026-07-31_08-23-47"", ""questionnaire_id"": ""SIMS""}"
2626,2ccfaeef_2026-07-31_08-23-47,questionnaire,2026-07-31 06:40:47.303539+00,"{""language"": ""FR"", ""question"": ""Par choix personnel"", ""response"": ""modérément"", ""data_type"": ""questionnaire"", ""session_id"": ""2ccfaeef_2026-07-31_08-23-47"", ""questionnaire_id"": ""SIMS""}"
2627,2ccfaeef_2026-07-31_08-23-47,questionnaire,2026-07-31 06:40:47.303539+00,"{""language"": ""FR"", ""question"": ""Je pratique cette activité, mais je ne suis pas sûr que ce soit une bonne chose de la poursuivre"", ""response"": ""un petit peu"", ""data_type"": ""questionnaire"", ""session_id"": ""2ccfaeef_2026-07-31_08-23-47"", ""questionnaire_id"": ""SIMS""}"
2628,2ccfaeef_2026-07-31_08-23-47,questionnaire,2026-07-31 06:40:47.303539+00,"{""language"": ""FR"", ""question"": ""Parce que je sens que je dois le faire"", ""response"": ""plutôt"", ""data_type"": ""questionnaire"", ""session_id"": ""2ccfaeef_2026-07-31_08-23-47"", ""questionnaire_id"": ""SIMS""}"
2629,2ccfaeef_2026-07-31_08-23-47,questionnaire,2026-07-31 06:40:47.303539+00,"{""language"": ""FR"", ""question"": ""Parce que je me sens bien quand je pratique cette activité"", ""response"": ""pas du tout"", ""data_type"": ""questionnaire"", ""session_id"": ""2ccfaeef_2026-07-31_08-23-47"", ""questionnaire_id"": ""SIMS""}"
2630,2ccfaeef_2026-07-31_08-23-47,questionnaire,2026-07-31 06:40:47.303539+00,"{""language"": ""FR"", ""question"": ""Parce que je pense que cette activité est bonne pour moi"", ""response"": ""un tout petit peu"", ""data_type"": ""questionnaire"", ""session_id"": ""2ccfaeef_2026-07-31_08-23-47"", ""questionnaire_id"": ""SIMS""}"
2631,2ccfaeef_2026-07-31_08-23-47,questionnaire,2026-07-31 06:40:47.303539+00,"{""language"": ""FR"", ""question"": ""Parce que je trouve cette activité agréable"", ""response"": ""un tout petit peu"", ""data_type"": ""questionnaire"", ""session_id"": ""2ccfaeef_2026-07-31_08-23-47"", ""questionnaire_id"": ""SIMS""}"
2632,2ccfaeef_2026-07-31_08-23-47,questionnaire,2026-07-31 06:40:47.303539+00,"{""language"": ""FR"", ""question"": ""Je pratique cette activité, mais je ne suis pas sûr que cela en vaille la peine"", ""response"": ""pas du tout"", ""data_type"": ""questionnaire"", ""session_id"": ""2ccfaeef_2026-07-31_08-23-47"", ""questionnaire_id"": ""SIMS""}"
2633,2ccfaeef_2026-07-31_08-23-47,questionnaire,2026-07-31 06:40:47.303539+00,"{""language"": ""FR"", ""question"": ""Parce que je crois que cette activité est importante pour moi"", ""response"": ""un petit peu"", ""data_type"": ""questionnaire"", ""session_id"": ""2ccfaeef_2026-07-31_08-23-47"", ""questionnaire_id"": ""SIMS""}"
2634,2ccfaeef_2026-07-31_08-23-47,questionnaire,2026-07-31 06:40:47.303539+00,"{""language"": ""FR"", ""question"": ""Il y a peut-être de bonnes raisons de faire cette activité, mais personnellement, je n’en vois aucune"", ""response"": ""un petit peu"", ""data_type"": ""questionnaire"", ""session_id"": ""2ccfaeef_2026-07-31_08-23-47"", ""questionnaire_id"": ""SIMS""}"
2635,2ccfaeef_2026-07-31_08-23-47,questionnaire,2026-07-31 06:40:47.303539+00,"{""language"": ""FR"", ""question"": ""Je ne sais pas ; je ne vois pas ce que cette activité m’apporte"", ""response"": ""un petit peu"", ""data_type"": ""questionnaire"", ""session_id"": ""2ccfaeef_2026-07-31_08-23-47"", ""questionnaire_id"": ""SIMS""}"
2636,2ccfaeef_2026-07-31_08-23-47,questionnaire,2026-07-31 06:41:49.466405+00,"{""language"": ""FR"", ""question"": ""Mes mouvements sont automatiques : mon corps les effectue tout simplement"", ""response"": ""partiellement en désaccord"", ""data_type"": ""questionnaire"", ""session_id"": ""2ccfaeef_2026-07-31_08-23-47"", ""questionnaire_id"": ""SoAS""}"
2637,2ccfaeef_2026-07-31_08-23-47,questionnaire,2026-07-31 06:41:49.466405+00,"{""language"": ""FR"", ""question"": ""Je suis entièrement responsable de tout ce qui résulte de mes actes"", ""response"": ""partiellement d'accord"", ""data_type"": ""questionnaire"", ""session_id"": ""2ccfaeef_2026-07-31_08-23-47"", ""questionnaire_id"": ""SoAS""}"
2638,2ccfaeef_2026-07-31_08-23-47,questionnaire,2026-07-31 06:41:49.466405+00,"{""language"": ""FR"", ""question"": ""Je suis en plein contrôle ce que je fais"", ""response"": ""d'accord"", ""data_type"": ""questionnaire"", ""session_id"": ""2ccfaeef_2026-07-31_08-23-47"", ""questionnaire_id"": ""SoAS""}"
2639,2ccfaeef_2026-07-31_08-23-47,questionnaire,2026-07-31 06:41:49.466405+00,"{""language"": ""FR"", ""question"": ""Je planifie mon comportement du début à la fin"", ""response"": ""partiellement en désaccord"", ""data_type"": ""questionnaire"", ""session_id"": ""2ccfaeef_2026-07-31_08-23-47"", ""questionnaire_id"": ""SoAS""}"
2640,2ccfaeef_2026-07-31_08-23-47,questionnaire,2026-07-31 06:41:49.466405+00,"{""language"": ""FR"", ""question"": ""Ce que je fais relève uniquement de mon libre arbitre"", ""response"": ""partiellement d'accord"", ""data_type"": ""questionnaire"", ""session_id"": ""2ccfaeef_2026-07-31_08-23-47"", ""questionnaire_id"": ""SoAS""}"
2641,2ccfaeef_2026-07-31_08-23-47,questionnaire,2026-07-31 06:41:49.466405+00,"{""language"": ""FR"", ""question"": ""Les conséquences de mes actes me surprennent généralement"", ""response"": ""en désaccord"", ""data_type"": ""questionnaire"", ""session_id"": ""2ccfaeef_2026-07-31_08-23-47"", ""questionnaire_id"": ""SoAS""}"
2642,2ccfaeef_2026-07-31_08-23-47,questionnaire,2026-07-31 06:41:49.466405+00,"{""language"": ""FR"", ""question"": ""Je ne suis qu'un instrument entre les mains de quelqu'un ou de quelque chose d'autre"", ""response"": ""partiellement en désaccord"", ""data_type"": ""questionnaire"", ""session_id"": ""2ccfaeef_2026-07-31_08-23-47"", ""questionnaire_id"": ""SoAS""}"
2643,2ccfaeef_2026-07-31_08-23-47,questionnaire,2026-07-31 06:41:49.466405+00,"{""language"": ""FR"", ""question"": ""Rien de ce que je fais n’est en réalité volontaire"", ""response"": ""partiellement en désaccord"", ""data_type"": ""questionnaire"", ""session_id"": ""2ccfaeef_2026-07-31_08-23-47"", ""questionnaire_id"": ""SoAS""}"
2644,2ccfaeef_2026-07-31_08-23-47,questionnaire,2026-07-31 06:41:49.466405+00,"{""language"": ""FR"", ""question"": ""Mes actions se produisent simplement, sans que je le veuille"", ""response"": ""partiellement en désaccord"", ""data_type"": ""questionnaire"", ""session_id"": ""2ccfaeef_2026-07-31_08-23-47"", ""questionnaire_id"": ""SoAS""}"
2645,2ccfaeef_2026-07-31_08-23-47,questionnaire,2026-07-31 06:41:49.466405+00,"{""language"": ""FR"", ""question"": ""Quand j’agis, j’ai l’impression d’être un robot télécommandé"", ""response"": ""partiellement en désaccord"", ""data_type"": ""questionnaire"", ""session_id"": ""2ccfaeef_2026-07-31_08-23-47"", ""questionnaire_id"": ""SoAS""}"
2646,2ccfaeef_2026-07-31_08-23-47,questionnaire,2026-07-31 06:41:49.466405+00,"{""language"": ""FR"", ""question"": ""C’est à moi qu’il revient de décider si et quand j’agis"", ""response"": ""neutre"", ""data_type"": ""questionnaire"", ""session_id"": ""2ccfaeef_2026-07-31_08-23-47"", ""questionnaire_id"": ""SoAS""}"
2647,2ccfaeef_2026-07-31_08-23-47,questionnaire,2026-07-31 06:44:57.478041+00,"{""language"": ""FR"", ""question"": ""prediction_future_size"", ""response"": """", ""data_type"": ""questionnaire"", ""session_id"": ""2ccfaeef_2026-07-31_08-23-47"", ""questionnaire_id"": ""post_open_questions""}"
2648,2ccfaeef_2026-07-31_08-23-47,questionnaire,2026-07-31 06:44:57.478041+00,"{""language"": ""FR"", ""question"": ""prediction_rule"", ""response"": """", ""data_type"": ""questionnaire"", ""session_id"": ""2ccfaeef_2026-07-31_08-23-47"", ""questionnaire_id"": ""post_open_questions""}"
2649,2ccfaeef_2026-07-31_08-23-47,questionnaire,2026-07-31 06:44:57.478041+00,"{""language"": ""FR"", ""question"": ""exploration"", ""response"": ""de proche en proche"", ""data_type"": ""questionnaire"", ""session_id"": ""2ccfaeef_2026-07-31_08-23-47"", ""questionnaire_id"": ""post_open_questions""}"
2650,2ccfaeef_2026-07-31_08-23-47,questionnaire,2026-07-31 06:44:57.478041+00,"{""language"": ""FR"", ""question"": ""exploration_dynamic"", ""response"": ""j'ai rarement exploré de nouveau un objet déjà exploré"", ""data_type"": ""questionnaire"", ""session_id"": ""2ccfaeef_2026-07-31_08-23-47"", ""questionnaire_id"": ""post_open_questions""}"
2651,2ccfaeef_2026-07-31_08-23-47,questionnaire,2026-07-31 06:44:57.478041+00,"{""language"": ""FR"", ""question"": ""goal"", ""response"": ""je voulais explorer tous les pots une fois. + Avoir la bonne estimation pile plus d'une fois"", ""data_type"": ""questionnaire"", ""session_id"": ""2ccfaeef_2026-07-31_08-23-47"", ""questionnaire_id"": ""post_open_questions""}"
2652,2ccfaeef_2026-07-31_08-23-47,questionnaire,2026-07-31 06:47:40.152091+00,"{""language"": ""FR"", ""question"": ""clarinette"", ""response"": ""assez familier"", ""data_type"": ""questionnaire"", ""session_id"": ""2ccfaeef_2026-07-31_08-23-47"", ""questionnaire_id"": ""ChildOCQ""}"
2653,2ccfaeef_2026-07-31_08-23-47,questionnaire,2026-07-31 06:47:40.152091+00,"{""language"": ""FR"", ""question"": ""plolin"", ""response"": ""pas du tout familier"", ""data_type"": ""questionnaire"", ""session_id"": ""2ccfaeef_2026-07-31_08-23-47"", ""questionnaire_id"": ""ChildOCQ""}"
2654,2ccfaeef_2026-07-31_08-23-47,questionnaire,2026-07-31 06:47:40.152091+00,"{""language"": ""FR"", ""question"": ""Springwater falls"", ""response"": ""assez familier"", ""data_type"": ""questionnaire"", ""session_id"": ""2ccfaeef_2026-07-31_08-23-47"", ""questionnaire_id"": ""ChildOCQ""}"
2655,2ccfaeef_2026-07-31_08-23-47,questionnaire,2026-07-31 06:47:40.152091+00,"{""language"": ""FR"", ""question"": ""Reine Bernie"", ""response"": ""pas du tout familier"", ""data_type"": ""questionnaire"", ""session_id"": ""2ccfaeef_2026-07-31_08-23-47"", ""questionnaire_id"": ""ChildOCQ""}"
2656,2ccfaeef_2026-07-31_08-23-47,questionnaire,2026-07-31 06:47:40.152091+00,"{""language"": ""FR"", ""question"": ""xylophone"", ""response"": ""modérément familier"", ""data_type"": ""questionnaire"", ""session_id"": ""2ccfaeef_2026-07-31_08-23-47"", ""questionnaire_id"": ""ChildOCQ""}"
2657,2ccfaeef_2026-07-31_08-23-47,questionnaire,2026-07-31 06:47:40.152091+00,"{""language"": ""FR"", ""question"": ""Werrana"", ""response"": ""pas du tout familier"", ""data_type"": ""questionnaire"", ""session_id"": ""2ccfaeef_2026-07-31_08-23-47"", ""questionnaire_id"": ""ChildOCQ""}"
2658,2ccfaeef_2026-07-31_08-23-47,questionnaire,2026-07-31 06:47:40.152091+00,"{""language"": ""FR"", ""question"": ""Chine"", ""response"": ""modérément familier"", ""data_type"": ""questionnaire"", ""session_id"": ""2ccfaeef_2026-07-31_08-23-47"", ""questionnaire_id"": ""ChildOCQ""}"
2659,2ccfaeef_2026-07-31_08-23-47,questionnaire,2026-07-31 06:47:40.152091+00,"{""language"": ""FR"", ""question"": ""Melbourne"", ""response"": ""assez familier"", ""data_type"": ""questionnaire"", ""session_id"": ""2ccfaeef_2026-07-31_08-23-47"", ""questionnaire_id"": ""ChildOCQ""}"
2660,2ccfaeef_2026-07-31_08-23-47,questionnaire,2026-07-31 06:47:40.152091+00,"{""language"": ""FR"", ""question"": ""ornithorynque"", ""response"": ""modérément familier"", ""data_type"": ""questionnaire"", ""session_id"": ""2ccfaeef_2026-07-31_08-23-47"", ""questionnaire_id"": ""ChildOCQ""}"
2661,2ccfaeef_2026-07-31_08-23-47,questionnaire,2026-07-31 06:47:40.152091+00,"{""language"": ""FR"", ""question"": ""Supergirl"", ""response"": ""un peu familier"", ""data_type"": ""questionnaire"", ""session_id"": ""2ccfaeef_2026-07-31_08-23-47"", ""questionnaire_id"": ""ChildOCQ""}"
2662,2ccfaeef_2026-07-31_08-23-47,questionnaire,2026-07-31 06:47:40.152091+00,"{""language"": ""FR"", ""question"": ""Elsa"", ""response"": ""modérément familier"", ""data_type"": ""questionnaire"", ""session_id"": ""2ccfaeef_2026-07-31_08-23-47"", ""questionnaire_id"": ""ChildOCQ""}"
2663,2ccfaeef_2026-07-31_08-23-47,questionnaire,2026-07-31 06:47:40.152091+00,"{""language"": ""FR"", ""question"": ""avocat"", ""response"": ""extrêmement familier"", ""data_type"": ""questionnaire"", ""session_id"": ""2ccfaeef_2026-07-31_08-23-47"", ""questionnaire_id"": ""ChildOCQ""}"
2664,2ccfaeef_2026-07-31_08-23-47,questionnaire,2026-07-31 06:47:40.152091+00,"{""language"": ""FR"", ""question"": ""donbura"", ""response"": ""un peu familier"", ""data_type"": ""questionnaire"", ""session_id"": ""2ccfaeef_2026-07-31_08-23-47"", ""questionnaire_id"": ""ChildOCQ""}"
2665,2ccfaeef_2026-07-31_08-23-47,questionnaire,2026-07-31 06:47:40.152091+00,"{""language"": ""FR"", ""question"": ""trompette"", ""response"": ""modérément familier"", ""data_type"": ""questionnaire"", ""session_id"": ""2ccfaeef_2026-07-31_08-23-47"", ""questionnaire_id"": ""ChildOCQ""}"
2666,2ccfaeef_2026-07-31_08-23-47,questionnaire,2026-07-31 06:47:40.152091+00,"{""language"": ""FR"", ""question"": ""pamplemousse"", ""response"": ""extrêmement familier"", ""data_type"": ""questionnaire"", ""session_id"": ""2ccfaeef_2026-07-31_08-23-47"", ""questionnaire_id"": ""ChildOCQ""}"
2667,2ccfaeef_2026-07-31_08-23-47,questionnaire,2026-07-31 06:47:40.152091+00,"{""language"": ""FR"", ""question"": ""Paddington"", ""response"": ""assez familier"", ""data_type"": ""questionnaire"", ""session_id"": ""2ccfaeef_2026-07-31_08-23-47"", ""questionnaire_id"": ""ChildOCQ""}"
2668,2ccfaeef_2026-07-31_08-23-47,questionnaire,2026-07-31 06:47:40.152091+00,"{""language"": ""FR"", ""question"": ""crosk"", ""response"": ""pas du tout familier"", ""data_type"": ""questionnaire"", ""session_id"": ""2ccfaeef_2026-07-31_08-23-47"", ""questionnaire_id"": ""ChildOCQ""}"
2669,2ccfaeef_2026-07-31_08-23-47,questionnaire,2026-07-31 06:47:40.152091+00,"{""language"": ""FR"", ""question"": ""lapin"", ""response"": ""extrêmement familier"", ""data_type"": ""questionnaire"", ""session_id"": ""2ccfaeef_2026-07-31_08-23-47"", ""questionnaire_id"": ""ChildOCQ""}"
2670,2ccfaeef_2026-07-31_08-23-47,questionnaire,2026-07-31 06:47:40.152091+00,"{""language"": ""FR"", ""question"": ""araignée"", ""response"": ""extrêmement familier"", ""data_type"": ""questionnaire"", ""session_id"": ""2ccfaeef_2026-07-31_08-23-47"", ""questionnaire_id"": ""ChildOCQ""}"
2671,2ccfaeef_2026-07-31_08-23-47,questionnaire,2026-07-31 06:47:40.152091+00,"{""language"": ""FR"", ""question"": ""bilbi"", ""response"": ""un peu familier"", ""data_type"": ""questionnaire"", ""session_id"": ""2ccfaeef_2026-07-31_08-23-47"", ""questionnaire_id"": ""ChildOCQ""}"
2672,2ccfaeef_2026-07-31_08-23-47,questionnaire,2026-07-31 06:47:40.152091+00,"{""language"": ""FR"", ""question"": ""Toowomba"", ""response"": ""pas du tout familier"", ""data_type"": ""questionnaire"", ""session_id"": ""2ccfaeef_2026-07-31_08-23-47"", ""questionnaire_id"": ""ChildOCQ""}"
2673,2ccfaeef_2026-07-31_08-23-47,questionnaire,2026-07-31 06:47:40.152091+00,"{""language"": ""FR"", ""question"": ""utocket"", ""response"": ""pas du tout familier"", ""data_type"": ""questionnaire"", ""session_id"": ""2ccfaeef_2026-07-31_08-23-47"", ""questionnaire_id"": ""ChildOCQ""}"
2674,2ccfaeef_2026-07-31_08-23-47,questionnaire,2026-07-31 06:47:40.152091+00,"{""language"": ""FR"", ""question"": ""Grande Barrière de Corail"", ""response"": ""modérément familier"", ""data_type"": ""questionnaire"", ""session_id"": ""2ccfaeef_2026-07-31_08-23-47"", ""questionnaire_id"": ""ChildOCQ""}"
2675,2ccfaeef_2026-07-31_08-23-47,questionnaire,2026-07-31 06:47:40.152091+00,"{""language"": ""FR"", ""question"": ""La Côte d'Or"", ""response"": ""assez familier"", ""data_type"": ""questionnaire"", ""session_id"": ""2ccfaeef_2026-07-31_08-23-47"", ""questionnaire_id"": ""ChildOCQ""}"
2676,2ccfaeef_2026-07-31_08-23-47,questionnaire,2026-07-31 06:47:40.152091+00,"{""language"": ""FR"", ""question"": ""pomme"", ""response"": ""extrêmement familier"", ""data_type"": ""questionnaire"", ""session_id"": ""2ccfaeef_2026-07-31_08-23-47"", ""questionnaire_id"": ""ChildOCQ""}"
2677,2ccfaeef_2026-07-31_08-23-47,questionnaire,2026-07-31 06:47:40.152091+00,"{""language"": ""FR"", ""question"": ""gâteau"", ""response"": ""extrêmement familier"", ""data_type"": ""questionnaire"", ""session_id"": ""2ccfaeef_2026-07-31_08-23-47"", ""questionnaire_id"": ""ChildOCQ""}"
2678,2ccfaeef_2026-07-31_08-23-47,questionnaire,2026-07-31 06:47:40.152091+00,"{""language"": ""FR"", ""question"": ""Léon l'Agneau"", ""response"": ""pas du tout familier"", ""data_type"": ""questionnaire"", ""session_id"": ""2ccfaeef_2026-07-31_08-23-47"", ""questionnaire_id"": ""ChildOCQ""}"
2679,2ccfaeef_2026-07-31_08-23-47,questionnaire,2026-07-31 06:47:40.152091+00,"{""language"": ""FR"", ""question"": ""flûte"", ""response"": ""modérément familier"", ""data_type"": ""questionnaire"", ""session_id"": ""2ccfaeef_2026-07-31_08-23-47"", ""questionnaire_id"": ""ChildOCQ""}"
2680,2ccfaeef_2026-07-31_08-23-47,questionnaire,2026-07-31 06:47:40.152091+00,"{""language"": ""FR"", ""question"": ""macaronis au fromage"", ""response"": ""extrêmement familier"", ""data_type"": ""questionnaire"", ""session_id"": ""2ccfaeef_2026-07-31_08-23-47"", ""questionnaire_id"": ""ChildOCQ""}"
2681,2ccfaeef_2026-07-31_08-23-47,questionnaire,2026-07-31 06:47:40.152091+00,"{""language"": ""FR"", ""question"": ""zèbre"", ""response"": ""modérément familier"", ""data_type"": ""questionnaire"", ""session_id"": ""2ccfaeef_2026-07-31_08-23-47"", ""questionnaire_id"": ""ChildOCQ""}"
2682,2ccfaeef_2026-07-31_08-23-47,questionnaire,2026-07-31 06:47:40.152091+00,"{""language"": ""FR"", ""question"": ""kangourou"", ""response"": ""extrêmement familier"", ""data_type"": ""questionnaire"", ""session_id"": ""2ccfaeef_2026-07-31_08-23-47"", ""questionnaire_id"": ""ChildOCQ""}"
2683,2ccfaeef_2026-07-31_08-23-47,questionnaire,2026-07-31 06:47:40.152091+00,"{""language"": ""FR"", ""question"": ""Buruwang"", ""response"": ""pas du tout familier"", ""data_type"": ""questionnaire"", ""session_id"": ""2ccfaeef_2026-07-31_08-23-47"", ""questionnaire_id"": ""ChildOCQ""}"
2684,2ccfaeef_2026-07-31_08-23-47,questionnaire,2026-07-31 06:47:40.152091+00,"{""language"": ""FR"", ""question"": ""brocefruit"", ""response"": ""pas du tout familier"", ""data_type"": ""questionnaire"", ""session_id"": ""2ccfaeef_2026-07-31_08-23-47"", ""questionnaire_id"": ""ChildOCQ""}"
2685,2ccfaeef_2026-07-31_08-23-47,questionnaire,2026-07-31 06:47:40.152091+00,"{""language"": ""FR"", ""question"": ""crosoda"", ""response"": ""pas du tout familier"", ""data_type"": ""questionnaire"", ""session_id"": ""2ccfaeef_2026-07-31_08-23-47"", ""questionnaire_id"": ""ChildOCQ""}"
2686,2ccfaeef_2026-07-31_08-23-47,questionnaire,2026-07-31 06:47:40.152091+00,"{""language"": ""FR"", ""question"": ""Lapins crétins"", ""response"": ""modérément familier"", ""data_type"": ""questionnaire"", ""session_id"": ""2ccfaeef_2026-07-31_08-23-47"", ""questionnaire_id"": ""ChildOCQ""}"
2687,2ccfaeef_2026-07-31_08-23-47,questionnaire,2026-07-31 06:47:40.152091+00,"{""language"": ""FR"", ""question"": ""Batman"", ""response"": ""modérément familier"", ""data_type"": ""questionnaire"", ""session_id"": ""2ccfaeef_2026-07-31_08-23-47"", ""questionnaire_id"": ""ChildOCQ""}"
2688,2ccfaeef_2026-07-31_08-23-47,questionnaire,2026-07-31 06:47:40.152091+00,"{""language"": ""FR"", ""question"": ""vlepa"", ""response"": ""pas du tout familier"", ""data_type"": ""questionnaire"", ""session_id"": ""2ccfaeef_2026-07-31_08-23-47"", ""questionnaire_id"": ""ChildOCQ""}"
2689,2ccfaeef_2026-07-31_08-23-47,questionnaire,2026-07-31 06:47:40.152091+00,"{""language"": ""FR"", ""question"": ""autruche"", ""response"": ""extrêmement familier"", ""data_type"": ""questionnaire"", ""session_id"": ""2ccfaeef_2026-07-31_08-23-47"", ""questionnaire_id"": ""ChildOCQ""}"
2690,2ccfaeef_2026-07-31_08-23-47,questionnaire,2026-07-31 06:47:40.152091+00,"{""language"": ""FR"", ""question"": ""piano"", ""response"": ""extrêmement familier"", ""data_type"": ""questionnaire"", ""session_id"": ""2ccfaeef_2026-07-31_08-23-47"", ""questionnaire_id"": ""ChildOCQ""}"
2691,2ccfaeef_2026-07-31_08-23-47,questionnaire,2026-07-31 06:47:40.152091+00,"{""language"": ""FR"", ""question"": ""Ladybug"", ""response"": ""un peu familier"", ""data_type"": ""questionnaire"", ""session_id"": ""2ccfaeef_2026-07-31_08-23-47"", ""questionnaire_id"": ""ChildOCQ""}"
2692,2ccfaeef_2026-07-31_08-23-47,questionnaire,2026-07-31 06:47:40.152091+00,"{""language"": ""FR"", ""question"": ""osorin"", ""response"": ""pas du tout familier"", ""data_type"": ""questionnaire"", ""session_id"": ""2ccfaeef_2026-07-31_08-23-47"", ""questionnaire_id"": ""ChildOCQ""}"
2693,2ccfaeef_2026-07-31_08-23-47,questionnaire,2026-07-31 06:47:40.152091+00,"{""language"": ""FR"", ""question"": ""chocolat"", ""response"": ""extrêmement familier"", ""data_type"": ""questionnaire"", ""session_id"": ""2ccfaeef_2026-07-31_08-23-47"", ""questionnaire_id"": ""ChildOCQ""}"
2694,2ccfaeef_2026-07-31_08-23-47,questionnaire,2026-07-31 06:47:40.152091+00,"{""language"": ""FR"", ""question"": ""batterie"", ""response"": ""modérément familier"", ""data_type"": ""questionnaire"", ""session_id"": ""2ccfaeef_2026-07-31_08-23-47"", ""questionnaire_id"": ""ChildOCQ""}"
2695,2ccfaeef_2026-07-31_08-23-47,questionnaire,2026-07-31 06:47:40.152091+00,"{""language"": ""FR"", ""question"": ""Disney World"", ""response"": ""extrêmement familier"", ""data_type"": ""questionnaire"", ""session_id"": ""2ccfaeef_2026-07-31_08-23-47"", ""questionnaire_id"": ""ChildOCQ""}"
2696,2ccfaeef_2026-07-31_08-23-47,questionnaire,2026-07-31 06:47:40.152091+00,"{""language"": ""FR"", ""question"": ""steobit"", ""response"": ""pas du tout familier"", ""data_type"": ""questionnaire"", ""session_id"": ""2ccfaeef_2026-07-31_08-23-47"", ""questionnaire_id"": ""ChildOCQ""}"
2697,2ccfaeef_2026-07-31_08-23-47,questionnaire,2026-07-31 06:49:27.785069+00,"{""language"": ""FR"", ""question"": ""Je m’interroge sur la qualité de mon travail pendant que j’apprends quelque chose de nouveau."", ""response"": ""Souvent"", ""data_type"": ""questionnaire"", ""session_id"": ""2ccfaeef_2026-07-31_08-23-47"", ""questionnaire_id"": ""JrMAI""}"
2698,2ccfaeef_2026-07-31_08-23-47,questionnaire,2026-07-31 06:49:27.785069+00,"{""language"": ""FR"", ""question"": ""Quand j'ai terminé mon travail scolaire, je me demande si j'ai appris ce que je voulais apprendre."", ""response"": ""Souvent"", ""data_type"": ""questionnaire"", ""session_id"": ""2ccfaeef_2026-07-31_08-23-47"", ""questionnaire_id"": ""JrMAI""}"
2699,2ccfaeef_2026-07-31_08-23-47,questionnaire,2026-07-31 06:49:27.785069+00,"{""language"": ""FR"", ""question"": ""Je fais des dessins ou des schémas pour m'aider à comprendre pendant que j'apprends."", ""response"": ""Souvent"", ""data_type"": ""questionnaire"", ""session_id"": ""2ccfaeef_2026-07-31_08-23-47"", ""questionnaire_id"": ""JrMAI""}"
2700,2ccfaeef_2026-07-31_08-23-47,questionnaire,2026-07-31 06:49:27.785069+00,"{""language"": ""FR"", ""question"": ""J’utilise mes points forts en matière d’apprentissage pour compenser mes faiblesses."", ""response"": ""Souvent"", ""data_type"": ""questionnaire"", ""session_id"": ""2ccfaeef_2026-07-31_08-23-47"", ""questionnaire_id"": ""JrMAI""}"
2701,2ccfaeef_2026-07-31_08-23-47,questionnaire,2026-07-31 06:49:27.785069+00,"{""language"": ""FR"", ""question"": ""J’utilise différentes stratégies d’apprentissage en fonction de la tâche à accomplir."", ""response"": ""Souvent"", ""data_type"": ""questionnaire"", ""session_id"": ""2ccfaeef_2026-07-31_08-23-47"", ""questionnaire_id"": ""JrMAI""}"
2702,2ccfaeef_2026-07-31_08-23-47,questionnaire,2026-07-31 06:49:27.785069+00,"{""language"": ""FR"", ""question"": ""Je réfléchis à plusieurs façons de résoudre un problème, puis je choisis la meilleure."", ""response"": ""Souvent"", ""data_type"": ""questionnaire"", ""session_id"": ""2ccfaeef_2026-07-31_08-23-47"", ""questionnaire_id"": ""JrMAI""}"
2703,2ccfaeef_2026-07-31_08-23-47,questionnaire,2026-07-31 06:49:27.785069+00,"{""language"": ""FR"", ""question"": ""J’apprends davantage lorsque le sujet m’intéresse."", ""response"": ""Toujours"", ""data_type"": ""questionnaire"", ""session_id"": ""2ccfaeef_2026-07-31_08-23-47"", ""questionnaire_id"": ""JrMAI""}"
2704,2ccfaeef_2026-07-31_08-23-47,questionnaire,2026-07-31 06:49:27.785069+00,"{""language"": ""FR"", ""question"": ""Je sais ce que le professeur attend de moi."", ""response"": ""Parfois"", ""data_type"": ""questionnaire"", ""session_id"": ""2ccfaeef_2026-07-31_08-23-47"", ""questionnaire_id"": ""JrMAI""}"
2705,2ccfaeef_2026-07-31_08-23-47,questionnaire,2026-07-31 06:49:27.785069+00,"{""language"": ""FR"", ""question"": ""J'apprends mieux quand je connais déjà un peu le sujet."", ""response"": ""Parfois"", ""data_type"": ""questionnaire"", ""session_id"": ""2ccfaeef_2026-07-31_08-23-47"", ""questionnaire_id"": ""JrMAI""}"
2706,2ccfaeef_2026-07-31_08-23-47,questionnaire,2026-07-31 06:49:27.785069+00,"{""language"": ""FR"", ""question"": ""Je réfléchis à ce que je dois apprendre avant de me mettre au travail."", ""response"": ""Parfois"", ""data_type"": ""questionnaire"", ""session_id"": ""2ccfaeef_2026-07-31_08-23-47"", ""questionnaire_id"": ""JrMAI""}"
2707,2ccfaeef_2026-07-31_08-23-47,questionnaire,2026-07-31 06:49:27.785069+00,"{""language"": ""FR"", ""question"": ""Il m’arrive parfois d’utiliser des stratégies d’apprentissage sans y réfléchir."", ""response"": ""Parfois"", ""data_type"": ""questionnaire"", ""session_id"": ""2ccfaeef_2026-07-31_08-23-47"", ""questionnaire_id"": ""JrMAI""}"
2708,2ccfaeef_2026-07-31_08-23-47,questionnaire,2026-07-31 06:49:27.785069+00,"{""language"": ""FR"", ""question"": ""Je vérifie de temps en temps que je vais bien pouvoir terminer mon travail à temps."", ""response"": ""Parfois"", ""data_type"": ""questionnaire"", ""session_id"": ""2ccfaeef_2026-07-31_08-23-47"", ""questionnaire_id"": ""JrMAI""}"
2709,2ccfaeef_2026-07-31_08-23-47,questionnaire,2026-07-31 06:49:27.785069+00,"{""language"": ""FR"", ""question"": ""Je sais quand je comprends quelque chose."", ""response"": ""Souvent"", ""data_type"": ""questionnaire"", ""session_id"": ""2ccfaeef_2026-07-31_08-23-47"", ""questionnaire_id"": ""JrMAI""}"
2710,2ccfaeef_2026-07-31_08-23-47,questionnaire,2026-07-31 06:49:27.785069+00,"{""language"": ""FR"", ""question"": ""Une fois une tâche terminée, je me demande s’il y avait une manière plus simple de procéder."", ""response"": ""Rarement"", ""data_type"": ""questionnaire"", ""session_id"": ""2ccfaeef_2026-07-31_08-23-47"", ""questionnaire_id"": ""JrMAI""}"
2711,2ccfaeef_2026-07-31_08-23-47,questionnaire,2026-07-31 06:49:27.785069+00,"{""language"": ""FR"", ""question"": ""Je prête vraiment attention aux informations importantes."", ""response"": ""Souvent"", ""data_type"": ""questionnaire"", ""session_id"": ""2ccfaeef_2026-07-31_08-23-47"", ""questionnaire_id"": ""JrMAI""}"
2712,2ccfaeef_2026-07-31_08-23-47,questionnaire,2026-07-31 06:49:27.785069+00,"{""language"": ""FR"", ""question"": ""Je suis capable d'apprendre quand j'en ai besoin."", ""response"": ""Souvent"", ""data_type"": ""questionnaire"", ""session_id"": ""2ccfaeef_2026-07-31_08-23-47"", ""questionnaire_id"": ""JrMAI""}"
2713,2ccfaeef_2026-07-31_08-23-47,questionnaire,2026-07-31 06:49:27.785069+00,"{""language"": ""FR"", ""question"": ""J'essaie d'utiliser des manières d'étudier qui ont déjà fait leurs preuves avec moi."", ""response"": ""Souvent"", ""data_type"": ""questionnaire"", ""session_id"": ""2ccfaeef_2026-07-31_08-23-47"", ""questionnaire_id"": ""JrMAI""}"
2714,2ccfaeef_2026-07-31_08-23-47,questionnaire,2026-07-31 06:49:27.785069+00,"{""language"": ""FR"", ""question"": ""Je détermine ce que je dois accomplir avant de commencer une tâche."", ""response"": ""Souvent"", ""data_type"": ""questionnaire"", ""session_id"": ""2ccfaeef_2026-07-31_08-23-47"", ""questionnaire_id"": ""JrMAI""}"
2715,2ccfaeef_2026-07-31_08-23-47,questionnaire,2026-07-31 06:55:20.546469+00,"{""language"": ""FR"", ""question"": ""Les autres sont faibles."", ""response"": ""neutre"", ""data_type"": ""questionnaire"", ""session_id"": ""2ccfaeef_2026-07-31_08-23-47"", ""questionnaire_id"": ""SelfReferenceParadigm-Phase1""}"
2716,2ccfaeef_2026-07-31_08-23-47,questionnaire,2026-07-31 06:55:20.546469+00,"{""language"": ""FR"", ""question"": ""Les autres sont habiles."", ""response"": ""neutre"", ""data_type"": ""questionnaire"", ""session_id"": ""2ccfaeef_2026-07-31_08-23-47"", ""questionnaire_id"": ""SelfReferenceParadigm-Phase1""}"
2717,2ccfaeef_2026-07-31_08-23-47,questionnaire,2026-07-31 06:55:20.546469+00,"{""language"": ""FR"", ""question"": ""Je suis hostile."", ""response"": ""en désaccord"", ""data_type"": ""questionnaire"", ""session_id"": ""2ccfaeef_2026-07-31_08-23-47"", ""questionnaire_id"": ""SelfReferenceParadigm-Phase1""}"
2718,2ccfaeef_2026-07-31_08-23-47,questionnaire,2026-07-31 06:55:20.546469+00,"{""language"": ""FR"", ""question"": ""Les autres sont autoritaires."", ""response"": ""partiellement d'accord"", ""data_type"": ""questionnaire"", ""session_id"": ""2ccfaeef_2026-07-31_08-23-47"", ""questionnaire_id"": ""SelfReferenceParadigm-Phase1""}"
2719,2ccfaeef_2026-07-31_08-23-47,questionnaire,2026-07-31 06:55:20.546469+00,"{""language"": ""FR"", ""question"": ""Les autres sont calmes."", ""response"": ""neutre"", ""data_type"": ""questionnaire"", ""session_id"": ""2ccfaeef_2026-07-31_08-23-47"", ""questionnaire_id"": ""SelfReferenceParadigm-Phase1""}"
2720,2ccfaeef_2026-07-31_08-23-47,questionnaire,2026-07-31 06:55:20.546469+00,"{""language"": ""FR"", ""question"": ""Les autres sont sociables."", ""response"": ""partiellement d'accord"", ""data_type"": ""questionnaire"", ""session_id"": ""2ccfaeef_2026-07-31_08-23-47"", ""questionnaire_id"": ""SelfReferenceParadigm-Phase1""}"
2721,2ccfaeef_2026-07-31_08-23-47,questionnaire,2026-07-31 06:55:20.546469+00,"{""language"": ""FR"", ""question"": ""Les autres sont ambitieux."", ""response"": ""partiellement d'accord"", ""data_type"": ""questionnaire"", ""session_id"": ""2ccfaeef_2026-07-31_08-23-47"", ""questionnaire_id"": ""SelfReferenceParadigm-Phase1""}"
2722,2ccfaeef_2026-07-31_08-23-47,questionnaire,2026-07-31 06:55:20.546469+00,"{""language"": ""FR"", ""question"": ""Je suis méthodique."", ""response"": ""d'accord"", ""data_type"": ""questionnaire"", ""session_id"": ""2ccfaeef_2026-07-31_08-23-47"", ""questionnaire_id"": ""SelfReferenceParadigm-Phase1""}"
2723,2ccfaeef_2026-07-31_08-23-47,questionnaire,2026-07-31 06:55:20.546469+00,"{""language"": ""FR"", ""question"": ""Les autres sont coopératifs."", ""response"": ""neutre"", ""data_type"": ""questionnaire"", ""session_id"": ""2ccfaeef_2026-07-31_08-23-47"", ""questionnaire_id"": ""SelfReferenceParadigm-Phase1""}"
2724,2ccfaeef_2026-07-31_08-23-47,questionnaire,2026-07-31 06:55:20.546469+00,"{""language"": ""FR"", ""question"": ""Les autres sont irresponsables."", ""response"": ""d'accord"", ""data_type"": ""questionnaire"", ""session_id"": ""2ccfaeef_2026-07-31_08-23-47"", ""questionnaire_id"": ""SelfReferenceParadigm-Phase1""}"
2725,2ccfaeef_2026-07-31_08-23-47,questionnaire,2026-07-31 06:55:20.546469+00,"{""language"": ""FR"", ""question"": ""Les autres sont chanceux."", ""response"": ""neutre"", ""data_type"": ""questionnaire"", ""session_id"": ""2ccfaeef_2026-07-31_08-23-47"", ""questionnaire_id"": ""SelfReferenceParadigm-Phase1""}"
2726,2ccfaeef_2026-07-31_08-23-47,questionnaire,2026-07-31 06:55:20.546469+00,"{""language"": ""FR"", ""question"": ""Je suis vif."", ""response"": ""partiellement d'accord"", ""data_type"": ""questionnaire"", ""session_id"": ""2ccfaeef_2026-07-31_08-23-47"", ""questionnaire_id"": ""SelfReferenceParadigm-Phase1""}"
2727,2ccfaeef_2026-07-31_08-23-47,questionnaire,2026-07-31 06:55:20.546469+00,"{""language"": ""FR"", ""question"": ""Je suis querelleur."", ""response"": ""en désaccord"", ""data_type"": ""questionnaire"", ""session_id"": ""2ccfaeef_2026-07-31_08-23-47"", ""questionnaire_id"": ""SelfReferenceParadigm-Phase1""}"
2728,2ccfaeef_2026-07-31_08-23-47,questionnaire,2026-07-31 06:55:20.546469+00,"{""language"": ""FR"", ""question"": ""Je suis silencieux."", ""response"": ""fortement en désaccord"", ""data_type"": ""questionnaire"", ""session_id"": ""2ccfaeef_2026-07-31_08-23-47"", ""questionnaire_id"": ""SelfReferenceParadigm-Phase1""}"
2729,2ccfaeef_2026-07-31_08-23-47,questionnaire,2026-07-31 06:55:20.546469+00,"{""language"": ""FR"", ""question"": ""Je suis nerveux."", ""response"": ""partiellement en désaccord"", ""data_type"": ""questionnaire"", ""session_id"": ""2ccfaeef_2026-07-31_08-23-47"", ""questionnaire_id"": ""SelfReferenceParadigm-Phase1""}"
2730,2ccfaeef_2026-07-31_08-23-47,questionnaire,2026-07-31 06:55:20.546469+00,"{""language"": ""FR"", ""question"": ""Les autres sont exceptionnels."", ""response"": ""partiellement d'accord"", ""data_type"": ""questionnaire"", ""session_id"": ""2ccfaeef_2026-07-31_08-23-47"", ""questionnaire_id"": ""SelfReferenceParadigm-Phase1""}"
2731,2ccfaeef_2026-07-31_08-23-47,questionnaire,2026-07-31 06:55:20.546469+00,"{""language"": ""FR"", ""question"": ""Je suis gentil."", ""response"": ""partiellement d'accord"", ""data_type"": ""questionnaire"", ""session_id"": ""2ccfaeef_2026-07-31_08-23-47"", ""questionnaire_id"": ""SelfReferenceParadigm-Phase1""}"
2732,2ccfaeef_2026-07-31_08-23-47,questionnaire,2026-07-31 06:55:20.546469+00,"{""language"": ""FR"", ""question"": ""Les autres sont responsables."", ""response"": ""en désaccord"", ""data_type"": ""questionnaire"", ""session_id"": ""2ccfaeef_2026-07-31_08-23-47"", ""questionnaire_id"": ""SelfReferenceParadigm-Phase1""}"
2733,2ccfaeef_2026-07-31_08-23-47,questionnaire,2026-07-31 06:55:20.546469+00,"{""language"": ""FR"", ""question"": ""Les autres sont désobéissants."", ""response"": ""en désaccord"", ""data_type"": ""questionnaire"", ""session_id"": ""2ccfaeef_2026-07-31_08-23-47"", ""questionnaire_id"": ""SelfReferenceParadigm-Phase1""}"
2734,2ccfaeef_2026-07-31_08-23-47,questionnaire,2026-07-31 06:55:20.546469+00,"{""language"": ""FR"", ""question"": ""Les autres sont indéciss."", ""response"": ""partiellement d'accord"", ""data_type"": ""questionnaire"", ""session_id"": ""2ccfaeef_2026-07-31_08-23-47"", ""questionnaire_id"": ""SelfReferenceParadigm-Phase1""}"
2735,2ccfaeef_2026-07-31_08-23-47,questionnaire,2026-07-31 06:55:20.546469+00,"{""language"": ""FR"", ""question"": ""Je suis prudent."", ""response"": ""partiellement d'accord"", ""data_type"": ""questionnaire"", ""session_id"": ""2ccfaeef_2026-07-31_08-23-47"", ""questionnaire_id"": ""SelfReferenceParadigm-Phase1""}"
2736,2ccfaeef_2026-07-31_08-23-47,questionnaire,2026-07-31 06:55:20.546469+00,"{""language"": ""FR"", ""question"": ""Je suis moraliste."", ""response"": ""d'accord"", ""data_type"": ""questionnaire"", ""session_id"": ""2ccfaeef_2026-07-31_08-23-47"", ""questionnaire_id"": ""SelfReferenceParadigm-Phase1""}"
2737,2ccfaeef_2026-07-31_08-23-47,questionnaire,2026-07-31 06:55:20.546469+00,"{""language"": ""FR"", ""question"": ""Je suis généreux."", ""response"": ""d'accord"", ""data_type"": ""questionnaire"", ""session_id"": ""2ccfaeef_2026-07-31_08-23-47"", ""questionnaire_id"": ""SelfReferenceParadigm-Phase1""}"
2738,2ccfaeef_2026-07-31_08-23-47,questionnaire,2026-07-31 06:55:20.546469+00,"{""language"": ""FR"", ""question"": ""Les autres sont ouverts d’esprit.."", ""response"": ""en désaccord"", ""data_type"": ""questionnaire"", ""session_id"": ""2ccfaeef_2026-07-31_08-23-47"", ""questionnaire_id"": ""SelfReferenceParadigm-Phase1""}"
2739,2ccfaeef_2026-07-31_08-23-47,questionnaire,2026-07-31 06:55:20.546469+00,"{""language"": ""FR"", ""question"": ""Les autres sont impopulaires."", ""response"": ""neutre"", ""data_type"": ""questionnaire"", ""session_id"": ""2ccfaeef_2026-07-31_08-23-47"", ""questionnaire_id"": ""SelfReferenceParadigm-Phase1""}"
2740,2ccfaeef_2026-07-31_08-23-47,questionnaire,2026-07-31 06:55:20.546469+00,"{""language"": ""FR"", ""question"": ""Je suis optimiste."", ""response"": ""partiellement d'accord"", ""data_type"": ""questionnaire"", ""session_id"": ""2ccfaeef_2026-07-31_08-23-47"", ""questionnaire_id"": ""SelfReferenceParadigm-Phase1""}"
2741,2ccfaeef_2026-07-31_08-23-47,questionnaire,2026-07-31 06:55:20.546469+00,"{""language"": ""FR"", ""question"": ""Les autres sont bruyants."", ""response"": ""d'accord"", ""data_type"": ""questionnaire"", ""session_id"": ""2ccfaeef_2026-07-31_08-23-47"", ""questionnaire_id"": ""SelfReferenceParadigm-Phase1""}"
2742,2ccfaeef_2026-07-31_08-23-47,questionnaire,2026-07-31 06:55:20.546469+00,"{""language"": ""FR"", ""question"": ""Les autres sont compétents."", ""response"": ""partiellement d'accord"", ""data_type"": ""questionnaire"", ""session_id"": ""2ccfaeef_2026-07-31_08-23-47"", ""questionnaire_id"": ""SelfReferenceParadigm-Phase1""}"
2743,2ccfaeef_2026-07-31_08-23-47,questionnaire,2026-07-31 06:55:20.546469+00,"{""language"": ""FR"", ""question"": ""Je suis mature."", ""response"": ""fortement d'accord"", ""data_type"": ""questionnaire"", ""session_id"": ""2ccfaeef_2026-07-31_08-23-47"", ""questionnaire_id"": ""SelfReferenceParadigm-Phase1""}"
2744,2ccfaeef_2026-07-31_08-23-47,questionnaire,2026-07-31 06:55:20.546469+00,"{""language"": ""FR"", ""question"": ""Les autres sont entêtés."", ""response"": ""d'accord"", ""data_type"": ""questionnaire"", ""session_id"": ""2ccfaeef_2026-07-31_08-23-47"", ""questionnaire_id"": ""SelfReferenceParadigm-Phase1""}"
2745,2ccfaeef_2026-07-31_08-23-47,questionnaire,2026-07-31 06:55:20.546469+00,"{""language"": ""FR"", ""question"": ""Je suis soumis."", ""response"": ""partiellement en désaccord"", ""data_type"": ""questionnaire"", ""session_id"": ""2ccfaeef_2026-07-31_08-23-47"", ""questionnaire_id"": ""SelfReferenceParadigm-Phase1""}"
2746,2ccfaeef_2026-07-31_08-23-47,questionnaire,2026-07-31 06:55:20.546469+00,"{""language"": ""FR"", ""question"": ""Les autres sont pessimistes."", ""response"": ""partiellement d'accord"", ""data_type"": ""questionnaire"", ""session_id"": ""2ccfaeef_2026-07-31_08-23-47"", ""questionnaire_id"": ""SelfReferenceParadigm-Phase1""}"
2747,2ccfaeef_2026-07-31_08-23-47,questionnaire,2026-07-31 06:55:20.546469+00,"{""language"": ""FR"", ""question"": ""Les autres sont intrépides."", ""response"": ""neutre"", ""data_type"": ""questionnaire"", ""session_id"": ""2ccfaeef_2026-07-31_08-23-47"", ""questionnaire_id"": ""SelfReferenceParadigm-Phase1""}"
2748,2ccfaeef_2026-07-31_08-23-47,questionnaire,2026-07-31 06:55:20.546469+00,"{""language"": ""FR"", ""question"": ""Les autres sont hésitants."", ""response"": ""partiellement en désaccord"", ""data_type"": ""questionnaire"", ""session_id"": ""2ccfaeef_2026-07-31_08-23-47"", ""questionnaire_id"": ""SelfReferenceParadigm-Phase1""}"
2749,2ccfaeef_2026-07-31_08-23-47,questionnaire,2026-07-31 06:55:20.546469+00,"{""language"": ""FR"", ""question"": ""Je suis rusé."", ""response"": ""neutre"", ""data_type"": ""questionnaire"", ""session_id"": ""2ccfaeef_2026-07-31_08-23-47"", ""questionnaire_id"": ""SelfReferenceParadigm-Phase1""}"
2750,2ccfaeef_2026-07-31_08-23-47,questionnaire,2026-07-31 06:55:20.546469+00,"{""language"": ""FR"", ""question"": ""Je suis imprécis."", ""response"": ""partiellement en désaccord"", ""data_type"": ""questionnaire"", ""session_id"": ""2ccfaeef_2026-07-31_08-23-47"", ""questionnaire_id"": ""SelfReferenceParadigm-Phase1""}"
2751,2ccfaeef_2026-07-31_08-23-47,questionnaire,2026-07-31 06:55:20.546469+00,"{""language"": ""FR"", ""question"": ""Je suis préoccupé."", ""response"": ""d'accord"", ""data_type"": ""questionnaire"", ""session_id"": ""2ccfaeef_2026-07-31_08-23-47"", ""questionnaire_id"": ""SelfReferenceParadigm-Phase1""}"
2752,2ccfaeef_2026-07-31_08-23-47,questionnaire,2026-07-31 06:55:20.546469+00,"{""language"": ""FR"", ""question"": ""Les autres sont propres."", ""response"": ""partiellement en désaccord"", ""data_type"": ""questionnaire"", ""session_id"": ""2ccfaeef_2026-07-31_08-23-47"", ""questionnaire_id"": ""SelfReferenceParadigm-Phase1""}"
2753,2ccfaeef_2026-07-31_08-23-47,questionnaire,2026-07-31 06:55:20.546469+00,"{""language"": ""FR"", ""question"": ""Je suis désordonné."", ""response"": ""fortement en désaccord"", ""data_type"": ""questionnaire"", ""session_id"": ""2ccfaeef_2026-07-31_08-23-47"", ""questionnaire_id"": ""SelfReferenceParadigm-Phase1""}"
2754,2ccfaeef_2026-07-31_08-23-47,questionnaire,2026-07-31 06:55:20.546469+00,"{""language"": ""FR"", ""question"": ""Je suis agaçant."", ""response"": ""neutre"", ""data_type"": ""questionnaire"", ""session_id"": ""2ccfaeef_2026-07-31_08-23-47"", ""questionnaire_id"": ""SelfReferenceParadigm-Phase1""}"
2755,2ccfaeef_2026-07-31_08-23-47,questionnaire,2026-07-31 06:55:20.546469+00,"{""language"": ""FR"", ""question"": ""Je suis impoli."", ""response"": ""partiellement en désaccord"", ""data_type"": ""questionnaire"", ""session_id"": ""2ccfaeef_2026-07-31_08-23-47"", ""questionnaire_id"": ""SelfReferenceParadigm-Phase1""}"
2756,2ccfaeef_2026-07-31_08-23-47,questionnaire,2026-07-31 06:55:20.546469+00,"{""language"": ""FR"", ""question"": ""Je suis agréable."", ""response"": ""partiellement d'accord"", ""data_type"": ""questionnaire"", ""session_id"": ""2ccfaeef_2026-07-31_08-23-47"", ""questionnaire_id"": ""SelfReferenceParadigm-Phase1""}"
2757,2ccfaeef_2026-07-31_08-23-47,questionnaire,2026-07-31 06:55:20.546469+00,"{""language"": ""FR"", ""question"": ""Je suis raisonnable."", ""response"": ""d'accord"", ""data_type"": ""questionnaire"", ""session_id"": ""2ccfaeef_2026-07-31_08-23-47"", ""questionnaire_id"": ""SelfReferenceParadigm-Phase1""}"
2758,2ccfaeef_2026-07-31_08-23-47,questionnaire,2026-07-31 06:55:20.546469+00,"{""language"": ""FR"", ""question"": ""Les autres sont vantards."", ""response"": ""partiellement d'accord"", ""data_type"": ""questionnaire"", ""session_id"": ""2ccfaeef_2026-07-31_08-23-47"", ""questionnaire_id"": ""SelfReferenceParadigm-Phase1""}"
2759,2ccfaeef_2026-07-31_08-23-47,questionnaire,2026-07-31 06:55:20.546469+00,"{""language"": ""FR"", ""question"": ""Les autres sont efficaces."", ""response"": ""neutre"", ""data_type"": ""questionnaire"", ""session_id"": ""2ccfaeef_2026-07-31_08-23-47"", ""questionnaire_id"": ""SelfReferenceParadigm-Phase1""}"
2760,2ccfaeef_2026-07-31_08-23-47,questionnaire,2026-07-31 06:55:20.546469+00,"{""language"": ""FR"", ""question"": ""Je suis inventif."", ""response"": ""partiellement d'accord"", ""data_type"": ""questionnaire"", ""session_id"": ""2ccfaeef_2026-07-31_08-23-47"", ""questionnaire_id"": ""SelfReferenceParadigm-Phase1""}"
2761,2ccfaeef_2026-07-31_08-23-47,questionnaire,2026-07-31 06:55:20.546469+00,"{""language"": ""FR"", ""question"": ""Je suis persuasif."", ""response"": ""partiellement d'accord"", ""data_type"": ""questionnaire"", ""session_id"": ""2ccfaeef_2026-07-31_08-23-47"", ""questionnaire_id"": ""SelfReferenceParadigm-Phase1""}"
2762,2ccfaeef_2026-07-31_08-23-47,questionnaire,2026-07-31 06:55:20.546469+00,"{""language"": ""FR"", ""question"": ""Les autres sont fiables."", ""response"": ""partiellement en désaccord"", ""data_type"": ""questionnaire"", ""session_id"": ""2ccfaeef_2026-07-31_08-23-47"", ""questionnaire_id"": ""SelfReferenceParadigm-Phase1""}"
2763,2ccfaeef_2026-07-31_08-23-47,questionnaire,2026-07-31 06:55:20.546469+00,"{""language"": ""FR"", ""question"": ""Les autres sont colériques."", ""response"": ""neutre"", ""data_type"": ""questionnaire"", ""session_id"": ""2ccfaeef_2026-07-31_08-23-47"", ""questionnaire_id"": ""SelfReferenceParadigm-Phase1""}"
2764,2ccfaeef_2026-07-31_08-23-47,questionnaire,2026-07-31 06:55:20.546469+00,"{""language"": ""FR"", ""question"": ""Les autres sont actifs."", ""response"": ""partiellement d'accord"", ""data_type"": ""questionnaire"", ""session_id"": ""2ccfaeef_2026-07-31_08-23-47"", ""questionnaire_id"": ""SelfReferenceParadigm-Phase1""}"
2765,2ccfaeef_2026-07-31_08-23-47,questionnaire,2026-07-31 06:55:20.546469+00,"{""language"": ""FR"", ""question"": ""Je suis opportuniste."", ""response"": ""neutre"", ""data_type"": ""questionnaire"", ""session_id"": ""2ccfaeef_2026-07-31_08-23-47"", ""questionnaire_id"": ""SelfReferenceParadigm-Phase1""}"
2766,2ccfaeef_2026-07-31_08-23-47,questionnaire,2026-07-31 06:55:20.546469+00,"{""language"": ""FR"", ""question"": ""Les autres sont distraits."", ""response"": ""neutre"", ""data_type"": ""questionnaire"", ""session_id"": ""2ccfaeef_2026-07-31_08-23-47"", ""questionnaire_id"": ""SelfReferenceParadigm-Phase1""}"
2767,2ccfaeef_2026-07-31_08-23-47,questionnaire,2026-07-31 06:55:20.546469+00,"{""language"": ""FR"", ""question"": ""Je suis artistique."", ""response"": ""partiellement en désaccord"", ""data_type"": ""questionnaire"", ""session_id"": ""2ccfaeef_2026-07-31_08-23-47"", ""questionnaire_id"": ""SelfReferenceParadigm-Phase1""}"
2768,2ccfaeef_2026-07-31_08-23-47,questionnaire,2026-07-31 06:55:20.546469+00,"{""language"": ""FR"", ""question"": ""Les autres sont clownesques."", ""response"": ""neutre"", ""data_type"": ""questionnaire"", ""session_id"": ""2ccfaeef_2026-07-31_08-23-47"", ""questionnaire_id"": ""SelfReferenceParadigm-Phase1""}"
2769,2ccfaeef_2026-07-31_08-23-47,questionnaire,2026-07-31 06:55:20.546469+00,"{""language"": ""FR"", ""question"": ""Je suis sans. cœur"", ""response"": ""en désaccord"", ""data_type"": ""questionnaire"", ""session_id"": ""2ccfaeef_2026-07-31_08-23-47"", ""questionnaire_id"": ""SelfReferenceParadigm-Phase1""}"
2770,2ccfaeef_2026-07-31_08-23-47,questionnaire,2026-07-31 06:55:20.546469+00,"{""language"": ""FR"", ""question"": ""Les autres sont mensongers."", ""response"": ""partiellement d'accord"", ""data_type"": ""questionnaire"", ""session_id"": ""2ccfaeef_2026-07-31_08-23-47"", ""questionnaire_id"": ""SelfReferenceParadigm-Phase1""}"
2771,2ccfaeef_2026-07-31_08-23-47,questionnaire,2026-07-31 06:55:20.546469+00,"{""language"": ""FR"", ""question"": ""Je suis strict."", ""response"": ""d'accord"", ""data_type"": ""questionnaire"", ""session_id"": ""2ccfaeef_2026-07-31_08-23-47"", ""questionnaire_id"": ""SelfReferenceParadigm-Phase1""}"
2772,2ccfaeef_2026-07-31_08-23-47,questionnaire,2026-07-31 06:55:20.546469+00,"{""language"": ""FR"", ""question"": ""Les autres sont plein d’humour."", ""response"": ""partiellement d'accord"", ""data_type"": ""questionnaire"", ""session_id"": ""2ccfaeef_2026-07-31_08-23-47"", ""questionnaire_id"": ""SelfReferenceParadigm-Phase1""}"
2773,2ccfaeef_2026-07-31_08-23-47,questionnaire,2026-07-31 06:55:20.546469+00,"{""language"": ""FR"", ""question"": ""Les autres sont méchants."", ""response"": ""neutre"", ""data_type"": ""questionnaire"", ""session_id"": ""2ccfaeef_2026-07-31_08-23-47"", ""questionnaire_id"": ""SelfReferenceParadigm-Phase1""}"
2774,2ccfaeef_2026-07-31_08-23-47,questionnaire,2026-07-31 06:55:20.546469+00,"{""language"": ""FR"", ""question"": ""Les autres sont excentriques."", ""response"": ""partiellement en désaccord"", ""data_type"": ""questionnaire"", ""session_id"": ""2ccfaeef_2026-07-31_08-23-47"", ""questionnaire_id"": ""SelfReferenceParadigm-Phase1""}"
2775,2ccfaeef_2026-07-31_08-23-47,questionnaire,2026-07-31 06:55:20.546469+00,"{""language"": ""FR"", ""question"": ""Je suis extraverti."", ""response"": ""d'accord"", ""data_type"": ""questionnaire"", ""session_id"": ""2ccfaeef_2026-07-31_08-23-47"", ""questionnaire_id"": ""SelfReferenceParadigm-Phase1""}"
2776,2ccfaeef_2026-07-31_08-23-47,questionnaire,2026-07-31 06:55:20.546469+00,"{""language"": ""FR"", ""question"": ""Je suis logique."", ""response"": ""d'accord"", ""data_type"": ""questionnaire"", ""session_id"": ""2ccfaeef_2026-07-31_08-23-47"", ""questionnaire_id"": ""SelfReferenceParadigm-Phase1""}"
2777,2ccfaeef_2026-07-31_08-23-47,questionnaire,2026-07-31 06:55:20.546469+00,"{""language"": ""FR"", ""question"": ""Les autres sont honnêtes."", ""response"": ""en désaccord"", ""data_type"": ""questionnaire"", ""session_id"": ""2ccfaeef_2026-07-31_08-23-47"", ""questionnaire_id"": ""SelfReferenceParadigm-Phase1""}"
2778,2ccfaeef_2026-07-31_08-23-47,questionnaire,2026-07-31 06:55:20.546469+00,"{""language"": ""FR"", ""question"": ""Je suis timide."", ""response"": ""en désaccord"", ""data_type"": ""questionnaire"", ""session_id"": ""2ccfaeef_2026-07-31_08-23-47"", ""questionnaire_id"": ""SelfReferenceParadigm-Phase1""}"
2779,2ccfaeef_2026-07-31_08-23-47,questionnaire,2026-07-31 06:55:20.546469+00,"{""language"": ""FR"", ""question"": ""Je suis pas gentil."", ""response"": ""en désaccord"", ""data_type"": ""questionnaire"", ""session_id"": ""2ccfaeef_2026-07-31_08-23-47"", ""questionnaire_id"": ""SelfReferenceParadigm-Phase1""}"
2780,2ccfaeef_2026-07-31_08-23-47,questionnaire,2026-07-31 06:55:20.546469+00,"{""language"": ""FR"", ""question"": ""Les autres sont inadaptés."", ""response"": ""partiellement en désaccord"", ""data_type"": ""questionnaire"", ""session_id"": ""2ccfaeef_2026-07-31_08-23-47"", ""questionnaire_id"": ""SelfReferenceParadigm-Phase1""}"
2781,2ccfaeef_2026-07-31_08-23-47,questionnaire,2026-07-31 06:55:20.546469+00,"{""language"": ""FR"", ""question"": ""Les autres sont optimistes."", ""response"": ""neutre"", ""data_type"": ""questionnaire"", ""session_id"": ""2ccfaeef_2026-07-31_08-23-47"", ""questionnaire_id"": ""SelfReferenceParadigm-Phase1""}"
2782,2ccfaeef_2026-07-31_08-23-47,questionnaire,2026-07-31 06:55:20.546469+00,"{""language"": ""FR"", ""question"": ""Les autres sont frustrés."", ""response"": ""partiellement d'accord"", ""data_type"": ""questionnaire"", ""session_id"": ""2ccfaeef_2026-07-31_08-23-47"", ""questionnaire_id"": ""SelfReferenceParadigm-Phase1""}"
2783,2ccfaeef_2026-07-31_08-23-47,questionnaire,2026-07-31 06:55:20.546469+00,"{""language"": ""FR"", ""question"": ""Les autres sont brillants."", ""response"": ""neutre"", ""data_type"": ""questionnaire"", ""session_id"": ""2ccfaeef_2026-07-31_08-23-47"", ""questionnaire_id"": ""SelfReferenceParadigm-Phase1""}"
2784,2ccfaeef_2026-07-31_08-23-47,questionnaire,2026-07-31 06:55:20.546469+00,"{""language"": ""FR"", ""question"": ""Je suis fiable."", ""response"": ""fortement d'accord"", ""data_type"": ""questionnaire"", ""session_id"": ""2ccfaeef_2026-07-31_08-23-47"", ""questionnaire_id"": ""SelfReferenceParadigm-Phase1""}"
2785,2ccfaeef_2026-07-31_08-23-47,questionnaire,2026-07-31 06:55:20.546469+00,"{""language"": ""FR"", ""question"": ""Je suis envieux."", ""response"": ""partiellement d'accord"", ""data_type"": ""questionnaire"", ""session_id"": ""2ccfaeef_2026-07-31_08-23-47"", ""questionnaire_id"": ""SelfReferenceParadigm-Phase1""}"
2786,2ccfaeef_2026-07-31_08-23-47,questionnaire,2026-07-31 06:55:20.546469+00,"{""language"": ""FR"", ""question"": ""Je suis incivil."", ""response"": ""fortement en désaccord"", ""data_type"": ""questionnaire"", ""session_id"": ""2ccfaeef_2026-07-31_08-23-47"", ""questionnaire_id"": ""SelfReferenceParadigm-Phase1""}"
2787,2ccfaeef_2026-07-31_08-23-47,questionnaire,2026-07-31 06:55:20.546469+00,"{""language"": ""FR"", ""question"": ""Je suis asocial."", ""response"": ""en désaccord"", ""data_type"": ""questionnaire"", ""session_id"": ""2ccfaeef_2026-07-31_08-23-47"", ""questionnaire_id"": ""SelfReferenceParadigm-Phase1""}"
2788,2ccfaeef_2026-07-31_08-23-47,questionnaire,2026-07-31 06:55:20.546469+00,"{""language"": ""FR"", ""question"": ""Je suis réaliste."", ""response"": ""d'accord"", ""data_type"": ""questionnaire"", ""session_id"": ""2ccfaeef_2026-07-31_08-23-47"", ""questionnaire_id"": ""SelfReferenceParadigm-Phase1""}"
2789,2ccfaeef_2026-07-31_08-23-47,questionnaire,2026-07-31 06:55:20.546469+00,"{""language"": ""FR"", ""question"": ""Je suis détendu."", ""response"": ""neutre"", ""data_type"": ""questionnaire"", ""session_id"": ""2ccfaeef_2026-07-31_08-23-47"", ""questionnaire_id"": ""SelfReferenceParadigm-Phase1""}"
2790,2ccfaeef_2026-07-31_08-23-47,questionnaire,2026-07-31 06:55:20.546469+00,"{""language"": ""FR"", ""question"": ""Je suis agité."", ""response"": ""neutre"", ""data_type"": ""questionnaire"", ""session_id"": ""2ccfaeef_2026-07-31_08-23-47"", ""questionnaire_id"": ""SelfReferenceParadigm-Phase1""}"
2791,2ccfaeef_2026-07-31_08-23-47,questionnaire,2026-07-31 06:55:20.546469+00,"{""language"": ""FR"", ""question"": ""Les autres sont sûrs de soi."", ""response"": ""partiellement d'accord"", ""data_type"": ""questionnaire"", ""session_id"": ""2ccfaeef_2026-07-31_08-23-47"", ""questionnaire_id"": ""SelfReferenceParadigm-Phase1""}"
2792,2ccfaeef_2026-07-31_08-23-47,questionnaire,2026-07-31 06:55:20.546469+00,"{""language"": ""FR"", ""question"": ""Je suis bien élevé."", ""response"": ""d'accord"", ""data_type"": ""questionnaire"", ""session_id"": ""2ccfaeef_2026-07-31_08-23-47"", ""questionnaire_id"": ""SelfReferenceParadigm-Phase1""}"
2793,2ccfaeef_2026-07-31_08-23-47,questionnaire,2026-07-31 06:55:20.546469+00,"{""language"": ""FR"", ""question"": ""Je suis sincère."", ""response"": ""partiellement d'accord"", ""data_type"": ""questionnaire"", ""session_id"": ""2ccfaeef_2026-07-31_08-23-47"", ""questionnaire_id"": ""SelfReferenceParadigm-Phase1""}"
2794,2ccfaeef_2026-07-31_08-23-47,questionnaire,2026-07-31 06:55:20.546469+00,"{""language"": ""FR"", ""question"": ""Les autres sont polis."", ""response"": ""partiellement en désaccord"", ""data_type"": ""questionnaire"", ""session_id"": ""2ccfaeef_2026-07-31_08-23-47"", ""questionnaire_id"": ""SelfReferenceParadigm-Phase1""}"
2795,2ccfaeef_2026-07-31_08-23-47,self_reference,2026-07-31 07:03:13.045958+00,"{""item"": ""strict"", ""language"": ""FR"", ""subphase"": ""2a"", ""data_type"": ""self_reference"", ""item_index"": 0, ""session_id"": ""2ccfaeef_2026-07-31_08-23-47"", ""choice_text"": ""Ancien"", ""choice_index"": 1}"
2796,2ccfaeef_2026-07-31_08-23-47,self_reference,2026-07-31 07:03:13.045958+00,"{""item"": ""strict"", ""language"": ""FR"", ""subphase"": ""2b"", ""data_type"": ""self_reference"", ""item_index"": 0, ""session_id"": ""2ccfaeef_2026-07-31_08-23-47"", ""choice_text"": ""Je suis strict."", ""choice_index"": 0}"
2797,2ccfaeef_2026-07-31_08-23-47,self_reference,2026-07-31 07:03:13.045958+00,"{""item"": ""inaccurate"", ""language"": ""FR"", ""subphase"": ""2a"", ""data_type"": ""self_reference"", ""item_index"": 1, ""session_id"": ""2ccfaeef_2026-07-31_08-23-47"", ""choice_text"": ""Nouveau"", ""choice_index"": 0}"
2798,2ccfaeef_2026-07-31_08-23-47,self_reference,2026-07-31 07:03:13.045958+00,"{""item"": ""irritating"", ""language"": ""FR"", ""subphase"": ""2a"", ""data_type"": ""self_reference"", ""item_index"": 2, ""session_id"": ""2ccfaeef_2026-07-31_08-23-47"", ""choice_text"": ""Nouveau"", ""choice_index"": 0}"
2799,2ccfaeef_2026-07-31_08-23-47,self_reference,2026-07-31 07:03:13.045958+00,"{""item"": ""messy"", ""language"": ""FR"", ""subphase"": ""2a"", ""data_type"": ""self_reference"", ""item_index"": 3, ""session_id"": ""2ccfaeef_2026-07-31_08-23-47"", ""choice_text"": ""Nouveau"", ""choice_index"": 0}"
2800,2ccfaeef_2026-07-31_08-23-47,self_reference,2026-07-31 07:03:13.045958+00,"{""item"": ""argumentative"", ""language"": ""FR"", ""subphase"": ""2a"", ""data_type"": ""self_reference"", ""item_index"": 4, ""session_id"": ""2ccfaeef_2026-07-31_08-23-47"", ""choice_text"": ""Nouveau"", ""choice_index"": 0}"
2801,2ccfaeef_2026-07-31_08-23-47,self_reference,2026-07-31 07:03:13.045958+00,"{""item"": ""timid"", ""language"": ""FR"", ""subphase"": ""2a"", ""data_type"": ""self_reference"", ""item_index"": 5, ""session_id"": ""2ccfaeef_2026-07-31_08-23-47"", ""choice_text"": ""Ancien"", ""choice_index"": 1}"
2802,2ccfaeef_2026-07-31_08-23-47,self_reference,2026-07-31 07:03:13.045958+00,"{""item"": ""timid"", ""language"": ""FR"", ""subphase"": ""2b"", ""data_type"": ""self_reference"", ""item_index"": 5, ""session_id"": ""2ccfaeef_2026-07-31_08-23-47"", ""choice_text"": ""Je suis timid."", ""choice_index"": 0}"
2803,2ccfaeef_2026-07-31_08-23-47,self_reference,2026-07-31 07:03:13.045958+00,"{""item"": ""hostile"", ""language"": ""FR"", ""subphase"": ""2a"", ""data_type"": ""self_reference"", ""item_index"": 6, ""session_id"": ""2ccfaeef_2026-07-31_08-23-47"", ""choice_text"": ""Ancien"", ""choice_index"": 1}"
2804,2ccfaeef_2026-07-31_08-23-47,self_reference,2026-07-31 07:03:13.045958+00,"{""item"": ""hostile"", ""language"": ""FR"", ""subphase"": ""2b"", ""data_type"": ""self_reference"", ""item_index"": 6, ""session_id"": ""2ccfaeef_2026-07-31_08-23-47"", ""choice_text"": ""Les autres sont hostile."", ""choice_index"": 1}"
2805,2ccfaeef_2026-07-31_08-23-47,self_reference,2026-07-31 07:03:13.045958+00,"{""item"": ""submissive"", ""language"": ""FR"", ""subphase"": ""2a"", ""data_type"": ""self_reference"", ""item_index"": 7, ""session_id"": ""2ccfaeef_2026-07-31_08-23-47"", ""choice_text"": ""Nouveau"", ""choice_index"": 0}"
2806,2ccfaeef_2026-07-31_08-23-47,self_reference,2026-07-31 07:03:13.045958+00,"{""item"": ""preoccupied"", ""language"": ""FR"", ""subphase"": ""2a"", ""data_type"": ""self_reference"", ""item_index"": 8, ""session_id"": ""2ccfaeef_2026-07-31_08-23-47"", ""choice_text"": ""Nouveau"", ""choice_index"": 0}"
2807,2ccfaeef_2026-07-31_08-23-47,self_reference,2026-07-31 07:03:13.045958+00,"{""item"": ""impolite"", ""language"": ""FR"", ""subphase"": ""2a"", ""data_type"": ""self_reference"", ""item_index"": 9, ""session_id"": ""2ccfaeef_2026-07-31_08-23-47"", ""choice_text"": ""Ancien"", ""choice_index"": 1}"
2808,2ccfaeef_2026-07-31_08-23-47,self_reference,2026-07-31 07:03:13.045958+00,"{""item"": ""impolite"", ""language"": ""FR"", ""subphase"": ""2b"", ""data_type"": ""self_reference"", ""item_index"": 9, ""session_id"": ""2ccfaeef_2026-07-31_08-23-47"", ""choice_text"": ""Les autres sont impolite."", ""choice_index"": 1}"
2809,2ccfaeef_2026-07-31_08-23-47,self_reference,2026-07-31 07:03:13.045958+00,"{""item"": ""unkind"", ""language"": ""FR"", ""subphase"": ""2a"", ""data_type"": ""self_reference"", ""item_index"": 10, ""session_id"": ""2ccfaeef_2026-07-31_08-23-47"", ""choice_text"": ""Ancien"", ""choice_index"": 1}"
2810,2ccfaeef_2026-07-31_08-23-47,self_reference,2026-07-31 07:03:13.045958+00,"{""item"": ""unkind"", ""language"": ""FR"", ""subphase"": ""2b"", ""data_type"": ""self_reference"", ""item_index"": 10, ""session_id"": ""2ccfaeef_2026-07-31_08-23-47"", ""choice_text"": ""Je suis unkind."", ""choice_index"": 0}"
2811,2ccfaeef_2026-07-31_08-23-47,self_reference,2026-07-31 07:03:13.045958+00,"{""item"": ""uncivil"", ""language"": ""FR"", ""subphase"": ""2a"", ""data_type"": ""self_reference"", ""item_index"": 11, ""session_id"": ""2ccfaeef_2026-07-31_08-23-47"", ""choice_text"": ""Ancien"", ""choice_index"": 1}"
2812,2ccfaeef_2026-07-31_08-23-47,self_reference,2026-07-31 07:03:13.045958+00,"{""item"": ""uncivil"", ""language"": ""FR"", ""subphase"": ""2b"", ""data_type"": ""self_reference"", ""item_index"": 11, ""session_id"": ""2ccfaeef_2026-07-31_08-23-47"", ""choice_text"": ""Je suis uncivil."", ""choice_index"": 0}"
2813,2ccfaeef_2026-07-31_08-23-47,self_reference,2026-07-31 07:03:13.045958+00,"{""item"": ""restless"", ""language"": ""FR"", ""subphase"": ""2a"", ""data_type"": ""self_reference"", ""item_index"": 12, ""session_id"": ""2ccfaeef_2026-07-31_08-23-47"", ""choice_text"": ""Nouveau"", ""choice_index"": 0}"
2814,2ccfaeef_2026-07-31_08-23-47,self_reference,2026-07-31 07:03:13.045958+00,"{""item"": ""nervous"", ""language"": ""FR"", ""subphase"": ""2a"", ""data_type"": ""self_reference"", ""item_index"": 13, ""session_id"": ""2ccfaeef_2026-07-31_08-23-47"", ""choice_text"": ""Ancien"", ""choice_index"": 1}"
2815,2ccfaeef_2026-07-31_08-23-47,self_reference,2026-07-31 07:03:13.045958+00,"{""item"": ""nervous"", ""language"": ""FR"", ""subphase"": ""2b"", ""data_type"": ""self_reference"", ""item_index"": 13, ""session_id"": ""2ccfaeef_2026-07-31_08-23-47"", ""choice_text"": ""Je suis nervous."", ""choice_index"": 0}"
2816,2ccfaeef_2026-07-31_08-23-47,self_reference,2026-07-31 07:03:13.045958+00,"{""item"": ""heartless"", ""language"": ""FR"", ""subphase"": ""2a"", ""data_type"": ""self_reference"", ""item_index"": 14, ""session_id"": ""2ccfaeef_2026-07-31_08-23-47"", ""choice_text"": ""Ancien"", ""choice_index"": 1}"
2817,2ccfaeef_2026-07-31_08-23-47,self_reference,2026-07-31 07:03:13.045958+00,"{""item"": ""heartless"", ""language"": ""FR"", ""subphase"": ""2b"", ""data_type"": ""self_reference"", ""item_index"": 14, ""session_id"": ""2ccfaeef_2026-07-31_08-23-47"", ""choice_text"": ""Je suis heartless."", ""choice_index"": 0}"
2818,2ccfaeef_2026-07-31_08-23-47,self_reference,2026-07-31 07:03:13.045958+00,"{""item"": ""opportunist"", ""language"": ""FR"", ""subphase"": ""2a"", ""data_type"": ""self_reference"", ""item_index"": 15, ""session_id"": ""2ccfaeef_2026-07-31_08-23-47"", ""choice_text"": ""Ancien"", ""choice_index"": 1}"
2819,2ccfaeef_2026-07-31_08-23-47,self_reference,2026-07-31 07:03:13.045958+00,"{""item"": ""opportunist"", ""language"": ""FR"", ""subphase"": ""2b"", ""data_type"": ""self_reference"", ""item_index"": 15, ""session_id"": ""2ccfaeef_2026-07-31_08-23-47"", ""choice_text"": ""Les autres sont opportunist."", ""choice_index"": 1}"
2820,2ccfaeef_2026-07-31_08-23-47,self_reference,2026-07-31 07:03:13.045958+00,"{""item"": ""envious"", ""language"": ""FR"", ""subphase"": ""2a"", ""data_type"": ""self_reference"", ""item_index"": 16, ""session_id"": ""2ccfaeef_2026-07-31_08-23-47"", ""choice_text"": ""Ancien"", ""choice_index"": 1}"
2821,2ccfaeef_2026-07-31_08-23-47,self_reference,2026-07-31 07:03:13.045958+00,"{""item"": ""envious"", ""language"": ""FR"", ""subphase"": ""2b"", ""data_type"": ""self_reference"", ""item_index"": 16, ""session_id"": ""2ccfaeef_2026-07-31_08-23-47"", ""choice_text"": ""Je suis envious."", ""choice_index"": 0}"
2822,2ccfaeef_2026-07-31_08-23-47,self_reference,2026-07-31 07:03:13.045958+00,"{""item"": ""silent"", ""language"": ""FR"", ""subphase"": ""2a"", ""data_type"": ""self_reference"", ""item_index"": 17, ""session_id"": ""2ccfaeef_2026-07-31_08-23-47"", ""choice_text"": ""Ancien"", ""choice_index"": 1}"
2823,2ccfaeef_2026-07-31_08-23-47,self_reference,2026-07-31 07:03:13.045958+00,"{""item"": ""silent"", ""language"": ""FR"", ""subphase"": ""2b"", ""data_type"": ""self_reference"", ""item_index"": 17, ""session_id"": ""2ccfaeef_2026-07-31_08-23-47"", ""choice_text"": ""Je suis silent."", ""choice_index"": 0}"
2824,2ccfaeef_2026-07-31_08-23-47,self_reference,2026-07-31 07:03:13.045958+00,"{""item"": ""unsociable"", ""language"": ""FR"", ""subphase"": ""2a"", ""data_type"": ""self_reference"", ""item_index"": 18, ""session_id"": ""2ccfaeef_2026-07-31_08-23-47"", ""choice_text"": ""Ancien"", ""choice_index"": 1}"
2825,2ccfaeef_2026-07-31_08-23-47,self_reference,2026-07-31 07:03:13.045958+00,"{""item"": ""unsociable"", ""language"": ""FR"", ""subphase"": ""2b"", ""data_type"": ""self_reference"", ""item_index"": 18, ""session_id"": ""2ccfaeef_2026-07-31_08-23-47"", ""choice_text"": ""Je suis unsociable."", ""choice_index"": 0}"
2826,2ccfaeef_2026-07-31_08-23-47,self_reference,2026-07-31 07:03:13.045958+00,"{""item"": ""sly"", ""language"": ""FR"", ""subphase"": ""2a"", ""data_type"": ""self_reference"", ""item_index"": 19, ""session_id"": ""2ccfaeef_2026-07-31_08-23-47"", ""choice_text"": ""Nouveau"", ""choice_index"": 0}"
2827,2ccfaeef_2026-07-31_08-23-47,self_reference,2026-07-31 07:03:13.045958+00,"{""item"": ""bragging"", ""language"": ""FR"", ""subphase"": ""2a"", ""data_type"": ""self_reference"", ""item_index"": 20, ""session_id"": ""2ccfaeef_2026-07-31_08-23-47"", ""choice_text"": ""Nouveau"", ""choice_index"": 0}"
2828,2ccfaeef_2026-07-31_08-23-47,self_reference,2026-07-31 07:03:13.045958+00,"{""item"": ""mean"", ""language"": ""FR"", ""subphase"": ""2a"", ""data_type"": ""self_reference"", ""item_index"": 21, ""session_id"": ""2ccfaeef_2026-07-31_08-23-47"", ""choice_text"": ""Ancien"", ""choice_index"": 1}"
2829,2ccfaeef_2026-07-31_08-23-47,self_reference,2026-07-31 07:03:13.045958+00,"{""item"": ""mean"", ""language"": ""FR"", ""subphase"": ""2b"", ""data_type"": ""self_reference"", ""item_index"": 21, ""session_id"": ""2ccfaeef_2026-07-31_08-23-47"", ""choice_text"": ""Les autres sont mean."", ""choice_index"": 1}"
2830,2ccfaeef_2026-07-31_08-23-47,self_reference,2026-07-31 07:03:13.045958+00,"{""item"": ""bossy"", ""language"": ""FR"", ""subphase"": ""2a"", ""data_type"": ""self_reference"", ""item_index"": 22, ""session_id"": ""2ccfaeef_2026-07-31_08-23-47"", ""choice_text"": ""Ancien"", ""choice_index"": 1}"
2831,2ccfaeef_2026-07-31_08-23-47,self_reference,2026-07-31 07:03:13.045958+00,"{""item"": ""bossy"", ""language"": ""FR"", ""subphase"": ""2b"", ""data_type"": ""self_reference"", ""item_index"": 22, ""session_id"": ""2ccfaeef_2026-07-31_08-23-47"", ""choice_text"": ""Les autres sont bossy."", ""choice_index"": 1}"
2832,2ccfaeef_2026-07-31_08-23-47,self_reference,2026-07-31 07:03:13.045958+00,"{""item"": ""hesitant"", ""language"": ""FR"", ""subphase"": ""2a"", ""data_type"": ""self_reference"", ""item_index"": 23, ""session_id"": ""2ccfaeef_2026-07-31_08-23-47"", ""choice_text"": ""Nouveau"", ""choice_index"": 0}"
2833,2ccfaeef_2026-07-31_08-23-47,self_reference,2026-07-31 07:03:13.045958+00,"{""item"": ""obstinate"", ""language"": ""FR"", ""subphase"": ""2a"", ""data_type"": ""self_reference"", ""item_index"": 24, ""session_id"": ""2ccfaeef_2026-07-31_08-23-47"", ""choice_text"": ""Nouveau"", ""choice_index"": 0}"
2834,2ccfaeef_2026-07-31_08-23-47,self_reference,2026-07-31 07:03:13.045958+00,"{""item"": ""irresponsible"", ""language"": ""FR"", ""subphase"": ""2a"", ""data_type"": ""self_reference"", ""item_index"": 25, ""session_id"": ""2ccfaeef_2026-07-31_08-23-47"", ""choice_text"": ""Ancien"", ""choice_index"": 1}"
2835,2ccfaeef_2026-07-31_08-23-47,self_reference,2026-07-31 07:03:13.045958+00,"{""item"": ""irresponsible"", ""language"": ""FR"", ""subphase"": ""2b"", ""data_type"": ""self_reference"", ""item_index"": 25, ""session_id"": ""2ccfaeef_2026-07-31_08-23-47"", ""choice_text"": ""Les autres sont irresponsible."", ""choice_index"": 1}"
2836,2ccfaeef_2026-07-31_08-23-47,self_reference,2026-07-31 07:03:13.045958+00,"{""item"": ""eccentric"", ""language"": ""FR"", ""subphase"": ""2a"", ""data_type"": ""self_reference"", ""item_index"": 26, ""session_id"": ""2ccfaeef_2026-07-31_08-23-47"", ""choice_text"": ""Ancien"", ""choice_index"": 1}"
2837,2ccfaeef_2026-07-31_08-23-47,self_reference,2026-07-31 07:03:13.045958+00,"{""item"": ""eccentric"", ""language"": ""FR"", ""subphase"": ""2b"", ""data_type"": ""self_reference"", ""item_index"": 26, ""session_id"": ""2ccfaeef_2026-07-31_08-23-47"", ""choice_text"": ""Je suis eccentric."", ""choice_index"": 0}"
2838,2ccfaeef_2026-07-31_08-23-47,self_reference,2026-07-31 07:03:13.045958+00,"{""item"": ""clownish"", ""language"": ""FR"", ""subphase"": ""2a"", ""data_type"": ""self_reference"", ""item_index"": 27, ""session_id"": ""2ccfaeef_2026-07-31_08-23-47"", ""choice_text"": ""Ancien"", ""choice_index"": 1}"
2839,2ccfaeef_2026-07-31_08-23-47,self_reference,2026-07-31 07:03:13.045958+00,"{""item"": ""clownish"", ""language"": ""FR"", ""subphase"": ""2b"", ""data_type"": ""self_reference"", ""item_index"": 27, ""session_id"": ""2ccfaeef_2026-07-31_08-23-47"", ""choice_text"": ""Les autres sont clownish."", ""choice_index"": 1}"
2840,2ccfaeef_2026-07-31_08-23-47,self_reference,2026-07-31 07:03:13.045958+00,"{""item"": ""unreliable"", ""language"": ""FR"", ""subphase"": ""2a"", ""data_type"": ""self_reference"", ""item_index"": 28, ""session_id"": ""2ccfaeef_2026-07-31_08-23-47"", ""choice_text"": ""Nouveau"", ""choice_index"": 0}"
2841,2ccfaeef_2026-07-31_08-23-47,self_reference,2026-07-31 07:03:13.045958+00,"{""item"": ""misfit"", ""language"": ""FR"", ""subphase"": ""2a"", ""data_type"": ""self_reference"", ""item_index"": 29, ""session_id"": ""2ccfaeef_2026-07-31_08-23-47"", ""choice_text"": ""Nouveau"", ""choice_index"": 0}"
2842,2ccfaeef_2026-07-31_08-23-47,self_reference,2026-07-31 07:03:13.045958+00,"{""item"": ""frustrated"", ""language"": ""FR"", ""subphase"": ""2a"", ""data_type"": ""self_reference"", ""item_index"": 30, ""session_id"": ""2ccfaeef_2026-07-31_08-23-47"", ""choice_text"": ""Nouveau"", ""choice_index"": 0}"
2843,2ccfaeef_2026-07-31_08-23-47,self_reference,2026-07-31 07:03:13.045958+00,"{""item"": ""disobedient"", ""language"": ""FR"", ""subphase"": ""2a"", ""data_type"": ""self_reference"", ""item_index"": 31, ""session_id"": ""2ccfaeef_2026-07-31_08-23-47"", ""choice_text"": ""Ancien"", ""choice_index"": 1}"
2844,2ccfaeef_2026-07-31_08-23-47,self_reference,2026-07-31 07:03:13.045958+00,"{""item"": ""disobedient"", ""language"": ""FR"", ""subphase"": ""2b"", ""data_type"": ""self_reference"", ""item_index"": 31, ""session_id"": ""2ccfaeef_2026-07-31_08-23-47"", ""choice_text"": ""Les autres sont disobedient."", ""choice_index"": 1}"
2845,2ccfaeef_2026-07-31_08-23-47,self_reference,2026-07-31 07:03:13.045958+00,"{""item"": ""weak"", ""language"": ""FR"", ""subphase"": ""2a"", ""data_type"": ""self_reference"", ""item_index"": 32, ""session_id"": ""2ccfaeef_2026-07-31_08-23-47"", ""choice_text"": ""Nouveau"", ""choice_index"": 0}"
2846,2ccfaeef_2026-07-31_08-23-47,self_reference,2026-07-31 07:03:13.045958+00,"{""item"": ""pessimistic"", ""language"": ""FR"", ""subphase"": ""2a"", ""data_type"": ""self_reference"", ""item_index"": 33, ""session_id"": ""2ccfaeef_2026-07-31_08-23-47"", ""choice_text"": ""Ancien"", ""choice_index"": 1}"
2847,2ccfaeef_2026-07-31_08-23-47,self_reference,2026-07-31 07:03:13.045958+00,"{""item"": ""pessimistic"", ""language"": ""FR"", ""subphase"": ""2b"", ""data_type"": ""self_reference"", ""item_index"": 33, ""session_id"": ""2ccfaeef_2026-07-31_08-23-47"", ""choice_text"": ""Je suis pessimistic."", ""choice_index"": 0}"
2848,2ccfaeef_2026-07-31_08-23-47,self_reference,2026-07-31 07:03:13.045958+00,"{""item"": ""untruthful"", ""language"": ""FR"", ""subphase"": ""2a"", ""data_type"": ""self_reference"", ""item_index"": 34, ""session_id"": ""2ccfaeef_2026-07-31_08-23-47"", ""choice_text"": ""Ancien"", ""choice_index"": 1}"
2849,2ccfaeef_2026-07-31_08-23-47,self_reference,2026-07-31 07:03:13.045958+00,"{""item"": ""untruthful"", ""language"": ""FR"", ""subphase"": ""2b"", ""data_type"": ""self_reference"", ""item_index"": 34, ""session_id"": ""2ccfaeef_2026-07-31_08-23-47"", ""choice_text"": ""Je suis untruthful."", ""choice_index"": 0}"
2850,2ccfaeef_2026-07-31_08-23-47,self_reference,2026-07-31 07:03:13.045958+00,"{""item"": ""short-tempered"", ""language"": ""FR"", ""subphase"": ""2a"", ""data_type"": ""self_reference"", ""item_index"": 35, ""session_id"": ""2ccfaeef_2026-07-31_08-23-47"", ""choice_text"": ""Nouveau"", ""choice_index"": 0}"
2851,2ccfaeef_2026-07-31_08-23-47,self_reference,2026-07-31 07:03:13.045958+00,"{""item"": ""noisy"", ""language"": ""FR"", ""subphase"": ""2a"", ""data_type"": ""self_reference"", ""item_index"": 36, ""session_id"": ""2ccfaeef_2026-07-31_08-23-47"", ""choice_text"": ""Ancien"", ""choice_index"": 1}"
2852,2ccfaeef_2026-07-31_08-23-47,self_reference,2026-07-31 07:03:13.045958+00,"{""item"": ""noisy"", ""language"": ""FR"", ""subphase"": ""2b"", ""data_type"": ""self_reference"", ""item_index"": 36, ""session_id"": ""2ccfaeef_2026-07-31_08-23-47"", ""choice_text"": ""Les autres sont noisy."", ""choice_index"": 1}"
2853,2ccfaeef_2026-07-31_08-23-47,self_reference,2026-07-31 07:03:13.045958+00,"{""item"": ""indecisive"", ""language"": ""FR"", ""subphase"": ""2a"", ""data_type"": ""self_reference"", ""item_index"": 37, ""session_id"": ""2ccfaeef_2026-07-31_08-23-47"", ""choice_text"": ""Nouveau"", ""choice_index"": 0}"
2854,2ccfaeef_2026-07-31_08-23-47,self_reference,2026-07-31 07:03:13.045958+00,"{""item"": ""unpopular"", ""language"": ""FR"", ""subphase"": ""2a"", ""data_type"": ""self_reference"", ""item_index"": 38, ""session_id"": ""2ccfaeef_2026-07-31_08-23-47"", ""choice_text"": ""Nouveau"", ""choice_index"": 0}"
2855,2ccfaeef_2026-07-31_08-23-47,self_reference,2026-07-31 07:03:13.045958+00,"{""item"": ""absent-minded"", ""language"": ""FR"", ""subphase"": ""2a"", ""data_type"": ""self_reference"", ""item_index"": 39, ""session_id"": ""2ccfaeef_2026-07-31_08-23-47"", ""choice_text"": ""Nouveau"", ""choice_index"": 0}"
2856,2ccfaeef_2026-07-31_08-23-47,self_reference,2026-07-31 07:03:13.045958+00,"{""item"": ""outgoing"", ""language"": ""FR"", ""subphase"": ""2a"", ""data_type"": ""self_reference"", ""item_index"": 40, ""session_id"": ""2ccfaeef_2026-07-31_08-23-47"", ""choice_text"": ""Nouveau"", ""choice_index"": 0}"
2857,2ccfaeef_2026-07-31_08-23-47,self_reference,2026-07-31 07:03:13.045958+00,"{""item"": ""logical"", ""language"": ""FR"", ""subphase"": ""2a"", ""data_type"": ""self_reference"", ""item_index"": 41, ""session_id"": ""2ccfaeef_2026-07-31_08-23-47"", ""choice_text"": ""Ancien"", ""choice_index"": 1}"
2858,2ccfaeef_2026-07-31_08-23-47,self_reference,2026-07-31 07:03:13.045958+00,"{""item"": ""logical"", ""language"": ""FR"", ""subphase"": ""2b"", ""data_type"": ""self_reference"", ""item_index"": 41, ""session_id"": ""2ccfaeef_2026-07-31_08-23-47"", ""choice_text"": ""Je suis logical."", ""choice_index"": 0}"
2859,2ccfaeef_2026-07-31_08-23-47,self_reference,2026-07-31 07:03:13.045958+00,"{""item"": ""quick"", ""language"": ""FR"", ""subphase"": ""2a"", ""data_type"": ""self_reference"", ""item_index"": 42, ""session_id"": ""2ccfaeef_2026-07-31_08-23-47"", ""choice_text"": ""Nouveau"", ""choice_index"": 0}"
2860,2ccfaeef_2026-07-31_08-23-47,self_reference,2026-07-31 07:03:13.045958+00,"{""item"": ""mature"", ""language"": ""FR"", ""subphase"": ""2a"", ""data_type"": ""self_reference"", ""item_index"": 43, ""session_id"": ""2ccfaeef_2026-07-31_08-23-47"", ""choice_text"": ""Ancien"", ""choice_index"": 1}"
2861,2ccfaeef_2026-07-31_08-23-47,self_reference,2026-07-31 07:03:13.045958+00,"{""item"": ""mature"", ""language"": ""FR"", ""subphase"": ""2b"", ""data_type"": ""self_reference"", ""item_index"": 43, ""session_id"": ""2ccfaeef_2026-07-31_08-23-47"", ""choice_text"": ""Je suis mature."", ""choice_index"": 0}"
2862,2ccfaeef_2026-07-31_08-23-47,self_reference,2026-07-31 07:03:13.045958+00,"{""item"": ""artistic"", ""language"": ""FR"", ""subphase"": ""2a"", ""data_type"": ""self_reference"", ""item_index"": 44, ""session_id"": ""2ccfaeef_2026-07-31_08-23-47"", ""choice_text"": ""Ancien"", ""choice_index"": 1}"
2863,2ccfaeef_2026-07-31_08-23-47,self_reference,2026-07-31 07:03:13.045958+00,"{""item"": ""artistic"", ""language"": ""FR"", ""subphase"": ""2b"", ""data_type"": ""self_reference"", ""item_index"": 44, ""session_id"": ""2ccfaeef_2026-07-31_08-23-47"", ""choice_text"": ""Je suis artistic."", ""choice_index"": 0}"
2864,2ccfaeef_2026-07-31_08-23-47,self_reference,2026-07-31 07:03:13.045958+00,"{""item"": ""prudent"", ""language"": ""FR"", ""subphase"": ""2a"", ""data_type"": ""self_reference"", ""item_index"": 45, ""session_id"": ""2ccfaeef_2026-07-31_08-23-47"", ""choice_text"": ""Ancien"", ""choice_index"": 1}"
2865,2ccfaeef_2026-07-31_08-23-47,self_reference,2026-07-31 07:03:13.045958+00,"{""item"": ""prudent"", ""language"": ""FR"", ""subphase"": ""2b"", ""data_type"": ""self_reference"", ""item_index"": 45, ""session_id"": ""2ccfaeef_2026-07-31_08-23-47"", ""choice_text"": ""Je suis prudent."", ""choice_index"": 0}"
2866,2ccfaeef_2026-07-31_08-23-47,self_reference,2026-07-31 07:03:13.045958+00,"{""item"": ""moralistic"", ""language"": ""FR"", ""subphase"": ""2a"", ""data_type"": ""self_reference"", ""item_index"": 46, ""session_id"": ""2ccfaeef_2026-07-31_08-23-47"", ""choice_text"": ""Ancien"", ""choice_index"": 1}"
2867,2ccfaeef_2026-07-31_08-23-47,self_reference,2026-07-31 07:03:13.045958+00,"{""item"": ""moralistic"", ""language"": ""FR"", ""subphase"": ""2b"", ""data_type"": ""self_reference"", ""item_index"": 46, ""session_id"": ""2ccfaeef_2026-07-31_08-23-47"", ""choice_text"": ""Je suis moralistic."", ""choice_index"": 0}"
2868,2ccfaeef_2026-07-31_08-23-47,self_reference,2026-07-31 07:03:13.045958+00,"{""item"": ""inventive"", ""language"": ""FR"", ""subphase"": ""2a"", ""data_type"": ""self_reference"", ""item_index"": 47, ""session_id"": ""2ccfaeef_2026-07-31_08-23-47"", ""choice_text"": ""Nouveau"", ""choice_index"": 0}"
2869,2ccfaeef_2026-07-31_08-23-47,self_reference,2026-07-31 07:03:13.045958+00,"{""item"": ""hopeful"", ""language"": ""FR"", ""subphase"": ""2a"", ""data_type"": ""self_reference"", ""item_index"": 48, ""session_id"": ""2ccfaeef_2026-07-31_08-23-47"", ""choice_text"": ""Ancien"", ""choice_index"": 1}"
2870,2ccfaeef_2026-07-31_08-23-47,self_reference,2026-07-31 07:03:13.045958+00,"{""item"": ""hopeful"", ""language"": ""FR"", ""subphase"": ""2b"", ""data_type"": ""self_reference"", ""item_index"": 48, ""session_id"": ""2ccfaeef_2026-07-31_08-23-47"", ""choice_text"": ""Les autres sont hopeful."", ""choice_index"": 1}"
2871,2ccfaeef_2026-07-31_08-23-47,self_reference,2026-07-31 07:03:13.045958+00,"{""item"": ""sincere"", ""language"": ""FR"", ""subphase"": ""2a"", ""data_type"": ""self_reference"", ""item_index"": 49, ""session_id"": ""2ccfaeef_2026-07-31_08-23-47"", ""choice_text"": ""Ancien"", ""choice_index"": 1}"
2872,2ccfaeef_2026-07-31_08-23-47,self_reference,2026-07-31 07:03:13.045958+00,"{""item"": ""sincere"", ""language"": ""FR"", ""subphase"": ""2b"", ""data_type"": ""self_reference"", ""item_index"": 49, ""session_id"": ""2ccfaeef_2026-07-31_08-23-47"", ""choice_text"": ""Les autres sont sincere."", ""choice_index"": 1}"
2873,2ccfaeef_2026-07-31_08-23-47,self_reference,2026-07-31 07:03:13.045958+00,"{""item"": ""persuasive"", ""language"": ""FR"", ""subphase"": ""2a"", ""data_type"": ""self_reference"", ""item_index"": 50, ""session_id"": ""2ccfaeef_2026-07-31_08-23-47"", ""choice_text"": ""Nouveau"", ""choice_index"": 0}"
2874,2ccfaeef_2026-07-31_08-23-47,self_reference,2026-07-31 07:03:13.045958+00,"{""item"": ""methodical"", ""language"": ""FR"", ""subphase"": ""2a"", ""data_type"": ""self_reference"", ""item_index"": 51, ""session_id"": ""2ccfaeef_2026-07-31_08-23-47"", ""choice_text"": ""Ancien"", ""choice_index"": 1}"
2875,2ccfaeef_2026-07-31_08-23-47,self_reference,2026-07-31 07:03:13.045958+00,"{""item"": ""methodical"", ""language"": ""FR"", ""subphase"": ""2b"", ""data_type"": ""self_reference"", ""item_index"": 51, ""session_id"": ""2ccfaeef_2026-07-31_08-23-47"", ""choice_text"": ""Je suis methodical."", ""choice_index"": 0}"
2876,2ccfaeef_2026-07-31_08-23-47,self_reference,2026-07-31 07:03:13.045958+00,"{""item"": ""relaxed"", ""language"": ""FR"", ""subphase"": ""2a"", ""data_type"": ""self_reference"", ""item_index"": 52, ""session_id"": ""2ccfaeef_2026-07-31_08-23-47"", ""choice_text"": ""Ancien"", ""choice_index"": 1}"
2877,2ccfaeef_2026-07-31_08-23-47,self_reference,2026-07-31 07:03:13.045958+00,"{""item"": ""relaxed"", ""language"": ""FR"", ""subphase"": ""2b"", ""data_type"": ""self_reference"", ""item_index"": 52, ""session_id"": ""2ccfaeef_2026-07-31_08-23-47"", ""choice_text"": ""Je suis relaxed."", ""choice_index"": 0}"
2878,2ccfaeef_2026-07-31_08-23-47,self_reference,2026-07-31 07:03:13.045958+00,"{""item"": ""generous"", ""language"": ""FR"", ""subphase"": ""2a"", ""data_type"": ""self_reference"", ""item_index"": 53, ""session_id"": ""2ccfaeef_2026-07-31_08-23-47"", ""choice_text"": ""Ancien"", ""choice_index"": 1}"
2879,2ccfaeef_2026-07-31_08-23-47,self_reference,2026-07-31 07:03:13.045958+00,"{""item"": ""generous"", ""language"": ""FR"", ""subphase"": ""2b"", ""data_type"": ""self_reference"", ""item_index"": 53, ""session_id"": ""2ccfaeef_2026-07-31_08-23-47"", ""choice_text"": ""Je suis generous."", ""choice_index"": 0}"
2880,2ccfaeef_2026-07-31_08-23-47,self_reference,2026-07-31 07:03:13.045958+00,"{""item"": ""agreeable"", ""language"": ""FR"", ""subphase"": ""2a"", ""data_type"": ""self_reference"", ""item_index"": 54, ""session_id"": ""2ccfaeef_2026-07-31_08-23-47"", ""choice_text"": ""Nouveau"", ""choice_index"": 0}"
2881,2ccfaeef_2026-07-31_08-23-47,self_reference,2026-07-31 07:03:13.045958+00,"{""item"": ""realist"", ""language"": ""FR"", ""subphase"": ""2a"", ""data_type"": ""self_reference"", ""item_index"": 55, ""session_id"": ""2ccfaeef_2026-07-31_08-23-47"", ""choice_text"": ""Ancien"", ""choice_index"": 1}"
2882,2ccfaeef_2026-07-31_08-23-47,self_reference,2026-07-31 07:03:13.045958+00,"{""item"": ""realist"", ""language"": ""FR"", ""subphase"": ""2b"", ""data_type"": ""self_reference"", ""item_index"": 55, ""session_id"": ""2ccfaeef_2026-07-31_08-23-47"", ""choice_text"": ""Je suis realist."", ""choice_index"": 0}"
2883,2ccfaeef_2026-07-31_08-23-47,self_reference,2026-07-31 07:03:13.045958+00,"{""item"": ""well-mannered"", ""language"": ""FR"", ""subphase"": ""2a"", ""data_type"": ""self_reference"", ""item_index"": 56, ""session_id"": ""2ccfaeef_2026-07-31_08-23-47"", ""choice_text"": ""Ancien"", ""choice_index"": 1}"
2884,2ccfaeef_2026-07-31_08-23-47,self_reference,2026-07-31 07:03:13.045958+00,"{""item"": ""well-mannered"", ""language"": ""FR"", ""subphase"": ""2b"", ""data_type"": ""self_reference"", ""item_index"": 56, ""session_id"": ""2ccfaeef_2026-07-31_08-23-47"", ""choice_text"": ""Je suis well-mannered."", ""choice_index"": 0}"
2885,2ccfaeef_2026-07-31_08-23-47,self_reference,2026-07-31 07:03:13.045958+00,"{""item"": ""reasonable"", ""language"": ""FR"", ""subphase"": ""2a"", ""data_type"": ""self_reference"", ""item_index"": 57, ""session_id"": ""2ccfaeef_2026-07-31_08-23-47"", ""choice_text"": ""Ancien"", ""choice_index"": 1}"
2886,2ccfaeef_2026-07-31_08-23-47,self_reference,2026-07-31 07:03:13.045958+00,"{""item"": ""reasonable"", ""language"": ""FR"", ""subphase"": ""2b"", ""data_type"": ""self_reference"", ""item_index"": 57, ""session_id"": ""2ccfaeef_2026-07-31_08-23-47"", ""choice_text"": ""Les autres sont reasonable."", ""choice_index"": 1}"
2887,2ccfaeef_2026-07-31_08-23-47,self_reference,2026-07-31 07:03:13.045958+00,"{""item"": ""kind"", ""language"": ""FR"", ""subphase"": ""2a"", ""data_type"": ""self_reference"", ""item_index"": 58, ""session_id"": ""2ccfaeef_2026-07-31_08-23-47"", ""choice_text"": ""Ancien"", ""choice_index"": 1}"
2888,2ccfaeef_2026-07-31_08-23-47,self_reference,2026-07-31 07:03:13.045958+00,"{""item"": ""kind"", ""language"": ""FR"", ""subphase"": ""2b"", ""data_type"": ""self_reference"", ""item_index"": 58, ""session_id"": ""2ccfaeef_2026-07-31_08-23-47"", ""choice_text"": ""Je suis kind."", ""choice_index"": 0}"
2889,2ccfaeef_2026-07-31_08-23-47,self_reference,2026-07-31 07:03:13.045958+00,"{""item"": ""reliable"", ""language"": ""FR"", ""subphase"": ""2a"", ""data_type"": ""self_reference"", ""item_index"": 59, ""session_id"": ""2ccfaeef_2026-07-31_08-23-47"", ""choice_text"": ""Nouveau"", ""choice_index"": 0}"
2890,2ccfaeef_2026-07-31_08-23-47,self_reference,2026-07-31 07:03:13.045958+00,"{""item"": ""skillful"", ""language"": ""FR"", ""subphase"": ""2a"", ""data_type"": ""self_reference"", ""item_index"": 60, ""session_id"": ""2ccfaeef_2026-07-31_08-23-47"", ""choice_text"": ""Nouveau"", ""choice_index"": 0}"
2891,2ccfaeef_2026-07-31_08-23-47,self_reference,2026-07-31 07:03:13.045958+00,"{""item"": ""polite"", ""language"": ""FR"", ""subphase"": ""2a"", ""data_type"": ""self_reference"", ""item_index"": 61, ""session_id"": ""2ccfaeef_2026-07-31_08-23-47"", ""choice_text"": ""Ancien"", ""choice_index"": 1}"
2892,2ccfaeef_2026-07-31_08-23-47,self_reference,2026-07-31 07:03:13.045958+00,"{""item"": ""polite"", ""language"": ""FR"", ""subphase"": ""2b"", ""data_type"": ""self_reference"", ""item_index"": 61, ""session_id"": ""2ccfaeef_2026-07-31_08-23-47"", ""choice_text"": ""Je suis polite."", ""choice_index"": 0}"
2893,2ccfaeef_2026-07-31_08-23-47,self_reference,2026-07-31 07:03:13.045958+00,"{""item"": ""lucky"", ""language"": ""FR"", ""subphase"": ""2a"", ""data_type"": ""self_reference"", ""item_index"": 62, ""session_id"": ""2ccfaeef_2026-07-31_08-23-47"", ""choice_text"": ""Nouveau"", ""choice_index"": 0}"
2894,2ccfaeef_2026-07-31_08-23-47,self_reference,2026-07-31 07:03:13.045958+00,"{""item"": ""self-confident"", ""language"": ""FR"", ""subphase"": ""2a"", ""data_type"": ""self_reference"", ""item_index"": 63, ""session_id"": ""2ccfaeef_2026-07-31_08-23-47"", ""choice_text"": ""Nouveau"", ""choice_index"": 0}"
2895,2ccfaeef_2026-07-31_08-23-47,self_reference,2026-07-31 07:03:13.045958+00,"{""item"": ""fearless"", ""language"": ""FR"", ""subphase"": ""2a"", ""data_type"": ""self_reference"", ""item_index"": 64, ""session_id"": ""2ccfaeef_2026-07-31_08-23-47"", ""choice_text"": ""Nouveau"", ""choice_index"": 0}"
2896,2ccfaeef_2026-07-31_08-23-47,self_reference,2026-07-31 07:03:13.045958+00,"{""item"": ""clean"", ""language"": ""FR"", ""subphase"": ""2a"", ""data_type"": ""self_reference"", ""item_index"": 65, ""session_id"": ""2ccfaeef_2026-07-31_08-23-47"", ""choice_text"": ""Nouveau"", ""choice_index"": 0}"
2897,2ccfaeef_2026-07-31_08-23-47,self_reference,2026-07-31 07:03:13.045958+00,"{""item"": ""honest"", ""language"": ""FR"", ""subphase"": ""2a"", ""data_type"": ""self_reference"", ""item_index"": 66, ""session_id"": ""2ccfaeef_2026-07-31_08-23-47"", ""choice_text"": ""Ancien"", ""choice_index"": 1}"
2898,2ccfaeef_2026-07-31_08-23-47,self_reference,2026-07-31 07:03:13.045958+00,"{""item"": ""honest"", ""language"": ""FR"", ""subphase"": ""2b"", ""data_type"": ""self_reference"", ""item_index"": 66, ""session_id"": ""2ccfaeef_2026-07-31_08-23-47"", ""choice_text"": ""Les autres sont honest."", ""choice_index"": 1}"
2899,2ccfaeef_2026-07-31_08-23-47,self_reference,2026-07-31 07:03:13.045958+00,"{""item"": ""competent"", ""language"": ""FR"", ""subphase"": ""2a"", ""data_type"": ""self_reference"", ""item_index"": 67, ""session_id"": ""2ccfaeef_2026-07-31_08-23-47"", ""choice_text"": ""Ancien"", ""choice_index"": 1}"
2900,2ccfaeef_2026-07-31_08-23-47,self_reference,2026-07-31 07:03:13.045958+00,"{""item"": ""competent"", ""language"": ""FR"", ""subphase"": ""2b"", ""data_type"": ""self_reference"", ""item_index"": 67, ""session_id"": ""2ccfaeef_2026-07-31_08-23-47"", ""choice_text"": ""Les autres sont competent."", ""choice_index"": 1}"
2901,2ccfaeef_2026-07-31_08-23-47,self_reference,2026-07-31 07:03:13.045958+00,"{""item"": ""optimistic"", ""language"": ""FR"", ""subphase"": ""2a"", ""data_type"": ""self_reference"", ""item_index"": 68, ""session_id"": ""2ccfaeef_2026-07-31_08-23-47"", ""choice_text"": ""Ancien"", ""choice_index"": 1}"
2902,2ccfaeef_2026-07-31_08-23-47,self_reference,2026-07-31 07:03:13.045958+00,"{""item"": ""optimistic"", ""language"": ""FR"", ""subphase"": ""2b"", ""data_type"": ""self_reference"", ""item_index"": 68, ""session_id"": ""2ccfaeef_2026-07-31_08-23-47"", ""choice_text"": ""Les autres sont optimistic."", ""choice_index"": 1}"
2903,2ccfaeef_2026-07-31_08-23-47,self_reference,2026-07-31 07:03:13.045958+00,"{""item"": ""bright"", ""language"": ""FR"", ""subphase"": ""2a"", ""data_type"": ""self_reference"", ""item_index"": 69, ""session_id"": ""2ccfaeef_2026-07-31_08-23-47"", ""choice_text"": ""Nouveau"", ""choice_index"": 0}"
2904,2ccfaeef_2026-07-31_08-23-47,self_reference,2026-07-31 07:03:13.045958+00,"{""item"": ""open-minded"", ""language"": ""FR"", ""subphase"": ""2a"", ""data_type"": ""self_reference"", ""item_index"": 70, ""session_id"": ""2ccfaeef_2026-07-31_08-23-47"", ""choice_text"": ""Nouveau"", ""choice_index"": 0}"
2905,2ccfaeef_2026-07-31_08-23-47,self_reference,2026-07-31 07:03:13.045958+00,"{""item"": ""cooperative"", ""language"": ""FR"", ""subphase"": ""2a"", ""data_type"": ""self_reference"", ""item_index"": 71, ""session_id"": ""2ccfaeef_2026-07-31_08-23-47"", ""choice_text"": ""Ancien"", ""choice_index"": 1}"
2906,2ccfaeef_2026-07-31_08-23-47,self_reference,2026-07-31 07:03:13.045958+00,"{""item"": ""cooperative"", ""language"": ""FR"", ""subphase"": ""2b"", ""data_type"": ""self_reference"", ""item_index"": 71, ""session_id"": ""2ccfaeef_2026-07-31_08-23-47"", ""choice_text"": ""Les autres sont cooperative."", ""choice_index"": 1}"
2907,2ccfaeef_2026-07-31_08-23-47,self_reference,2026-07-31 07:03:13.045958+00,"{""item"": ""social"", ""language"": ""FR"", ""subphase"": ""2a"", ""data_type"": ""self_reference"", ""item_index"": 72, ""session_id"": ""2ccfaeef_2026-07-31_08-23-47"", ""choice_text"": ""Ancien"", ""choice_index"": 1}"
2908,2ccfaeef_2026-07-31_08-23-47,self_reference,2026-07-31 07:03:13.045958+00,"{""item"": ""social"", ""language"": ""FR"", ""subphase"": ""2b"", ""data_type"": ""self_reference"", ""item_index"": 72, ""session_id"": ""2ccfaeef_2026-07-31_08-23-47"", ""choice_text"": ""Je suis social."", ""choice_index"": 0}"
2909,2ccfaeef_2026-07-31_08-23-47,self_reference,2026-07-31 07:03:13.045958+00,"{""item"": ""efficient"", ""language"": ""FR"", ""subphase"": ""2a"", ""data_type"": ""self_reference"", ""item_index"": 73, ""session_id"": ""2ccfaeef_2026-07-31_08-23-47"", ""choice_text"": ""Ancien"", ""choice_index"": 1}"
2910,2ccfaeef_2026-07-31_08-23-47,self_reference,2026-07-31 07:03:13.045958+00,"{""item"": ""efficient"", ""language"": ""FR"", ""subphase"": ""2b"", ""data_type"": ""self_reference"", ""item_index"": 73, ""session_id"": ""2ccfaeef_2026-07-31_08-23-47"", ""choice_text"": ""Les autres sont efficient."", ""choice_index"": 1}"
2911,2ccfaeef_2026-07-31_08-23-47,self_reference,2026-07-31 07:03:13.045958+00,"{""item"": ""active"", ""language"": ""FR"", ""subphase"": ""2a"", ""data_type"": ""self_reference"", ""item_index"": 74, ""session_id"": ""2ccfaeef_2026-07-31_08-23-47"", ""choice_text"": ""Nouveau"", ""choice_index"": 0}"
2912,2ccfaeef_2026-07-31_08-23-47,self_reference,2026-07-31 07:03:13.045958+00,"{""item"": ""ambitious"", ""language"": ""FR"", ""subphase"": ""2a"", ""data_type"": ""self_reference"", ""item_index"": 75, ""session_id"": ""2ccfaeef_2026-07-31_08-23-47"", ""choice_text"": ""Nouveau"", ""choice_index"": 0}"
2913,2ccfaeef_2026-07-31_08-23-47,self_reference,2026-07-31 07:03:13.045958+00,"{""item"": ""outstanding"", ""language"": ""FR"", ""subphase"": ""2a"", ""data_type"": ""self_reference"", ""item_index"": 76, ""session_id"": ""2ccfaeef_2026-07-31_08-23-47"", ""choice_text"": ""Nouveau"", ""choice_index"": 0}"
2914,2ccfaeef_2026-07-31_08-23-47,self_reference,2026-07-31 07:03:13.045958+00,"{""item"": ""responsible"", ""language"": ""FR"", ""subphase"": ""2a"", ""data_type"": ""self_reference"", ""item_index"": 77, ""session_id"": ""2ccfaeef_2026-07-31_08-23-47"", ""choice_text"": ""Ancien"", ""choice_index"": 1}"
2915,2ccfaeef_2026-07-31_08-23-47,self_reference,2026-07-31 07:03:13.045958+00,"{""item"": ""responsible"", ""language"": ""FR"", ""subphase"": ""2b"", ""data_type"": ""self_reference"", ""item_index"": 77, ""session_id"": ""2ccfaeef_2026-07-31_08-23-47"", ""choice_text"": ""Je suis responsible."", ""choice_index"": 0}"
2916,2ccfaeef_2026-07-31_08-23-47,self_reference,2026-07-31 07:03:13.045958+00,"{""item"": ""calm"", ""language"": ""FR"", ""subphase"": ""2a"", ""data_type"": ""self_reference"", ""item_index"": 78, ""session_id"": ""2ccfaeef_2026-07-31_08-23-47"", ""choice_text"": ""Ancien"", ""choice_index"": 1}"
2917,2ccfaeef_2026-07-31_08-23-47,self_reference,2026-07-31 07:03:13.045958+00,"{""item"": ""calm"", ""language"": ""FR"", ""subphase"": ""2b"", ""data_type"": ""self_reference"", ""item_index"": 78, ""session_id"": ""2ccfaeef_2026-07-31_08-23-47"", ""choice_text"": ""Les autres sont calm."", ""choice_index"": 1}"
2918,2ccfaeef_2026-07-31_08-23-47,self_reference,2026-07-31 07:03:13.045958+00,"{""item"": ""humorous"", ""language"": ""FR"", ""subphase"": ""2a"", ""data_type"": ""self_reference"", ""item_index"": 79, ""session_id"": ""2ccfaeef_2026-07-31_08-23-47"", ""choice_text"": ""Ancien"", ""choice_index"": 1}"
2919,2ccfaeef_2026-07-31_08-23-47,self_reference,2026-07-31 07:03:13.045958+00,"{""item"": ""humorous"", ""language"": ""FR"", ""subphase"": ""2b"", ""data_type"": ""self_reference"", ""item_index"": 79, ""session_id"": ""2ccfaeef_2026-07-31_08-23-47"", ""choice_text"": ""Les autres sont humorous."", ""choice_index"": 1}"
2920,31cd2a37_2026-07-31_13-38-51,questionnaire,2026-07-31 11:43:50.41735+00,"{""language"": ""FR"", ""question"": ""language"", ""response"": ""FR"", ""data_type"": ""questionnaire"", ""session_id"": ""31cd2a37_2026-07-31_13-38-51"", ""questionnaire_id"": ""language""}"
2921,31cd2a37_2026-07-31_13-38-51,questionnaire,2026-07-31 11:43:50.41735+00,"{""language"": ""FR"", ""question"": ""email"", ""response"": ""valentin.smague@inria.fr"", ""data_type"": ""questionnaire"", ""session_id"": ""31cd2a37_2026-07-31_13-38-51"", ""questionnaire_id"": ""consent_agreement""}"
2922,31cd2a37_2026-07-31_13-38-51,questionnaire,2026-07-31 11:43:50.41735+00,"{""language"": ""FR"", ""question"": ""participantName"", ""response"": ""?"", ""data_type"": ""questionnaire"", ""session_id"": ""31cd2a37_2026-07-31_13-38-51"", ""questionnaire_id"": ""consent_agreement""}"
2923,31cd2a37_2026-07-31_13-38-51,questionnaire,2026-07-31 11:43:50.41735+00,"{""language"": ""FR"", ""question"": ""consentMajority"", ""response"": ""True"", ""data_type"": ""questionnaire"", ""session_id"": ""31cd2a37_2026-07-31_13-38-51"", ""questionnaire_id"": ""consent_agreement""}"
2924,31cd2a37_2026-07-31_13-38-51,questionnaire,2026-07-31 11:43:50.41735+00,"{""language"": ""FR"", ""question"": ""consentParticipationEnd"", ""response"": ""True"", ""data_type"": ""questionnaire"", ""session_id"": ""31cd2a37_2026-07-31_13-38-51"", ""questionnaire_id"": ""consent_agreement""}"
2925,31cd2a37_2026-07-31_13-38-51,questionnaire,2026-07-31 11:43:50.41735+00,"{""language"": ""FR"", ""question"": ""consentRiskEnds"", ""response"": ""True"", ""data_type"": ""questionnaire"", ""session_id"": ""31cd2a37_2026-07-31_13-38-51"", ""questionnaire_id"": ""consent_agreement""}"
2926,31cd2a37_2026-07-31_13-38-51,questionnaire,2026-07-31 11:43:50.41735+00,"{""language"": ""FR"", ""question"": ""consentAnsweredQuestions"", ""response"": ""True"", ""data_type"": ""questionnaire"", ""session_id"": ""31cd2a37_2026-07-31_13-38-51"", ""questionnaire_id"": ""consent_agreement""}"
2927,31cd2a37_2026-07-31_13-38-51,questionnaire,2026-07-31 11:43:50.41735+00,"{""language"": ""FR"", ""question"": ""consentFurtherQuestions"", ""response"": ""True"", ""data_type"": ""questionnaire"", ""session_id"": ""31cd2a37_2026-07-31_13-38-51"", ""questionnaire_id"": ""consent_agreement""}"
2928,31cd2a37_2026-07-31_13-38-51,questionnaire,2026-07-31 11:44:07.505708+00,"{""language"": ""FR"", ""question"": ""status"", ""response"": ""stagiaire"", ""data_type"": ""questionnaire"", ""session_id"": ""31cd2a37_2026-07-31_13-38-51"", ""questionnaire_id"": ""demographics""}"
2929,31cd2a37_2026-07-31_13-38-51,questionnaire,2026-07-31 11:44:07.505708+00,"{""language"": ""FR"", ""question"": ""education"", ""response"": ""bac+5"", ""data_type"": ""questionnaire"", ""session_id"": ""31cd2a37_2026-07-31_13-38-51"", ""questionnaire_id"": ""demographics""}"
2930,31cd2a37_2026-07-31_13-38-51,questionnaire,2026-07-31 11:44:07.505708+00,"{""language"": ""FR"", ""question"": ""age"", ""response"": ""23"", ""data_type"": ""questionnaire"", ""session_id"": ""31cd2a37_2026-07-31_13-38-51"", ""questionnaire_id"": ""demographics""}"
2931,31cd2a37_2026-07-31_13-38-51,questionnaire,2026-07-31 11:44:47.619982+00,"{""language"": ""FR"", ""question"": ""anxieux / anxieuse"", ""response"": ""pas du tout"", ""data_type"": ""questionnaire"", ""session_id"": ""31cd2a37_2026-07-31_13-38-51"", ""questionnaire_id"": ""EES""}"
2932,31cd2a37_2026-07-31_13-38-51,questionnaire,2026-07-31 11:44:47.619982+00,"{""language"": ""FR"", ""question"": ""confus / confuse"", ""response"": ""pas du tout"", ""data_type"": ""questionnaire"", ""session_id"": ""31cd2a37_2026-07-31_13-38-51"", ""questionnaire_id"": ""EES""}"
2933,31cd2a37_2026-07-31_13-38-51,questionnaire,2026-07-31 11:44:47.619982+00,"{""language"": ""FR"", ""question"": ""excité / excitée"", ""response"": ""pas du tout"", ""data_type"": ""questionnaire"", ""session_id"": ""31cd2a37_2026-07-31_13-38-51"", ""questionnaire_id"": ""EES""}"
2934,31cd2a37_2026-07-31_13-38-51,questionnaire,2026-07-31 11:44:47.619982+00,"{""language"": ""FR"", ""question"": ""frustré / frustrée"", ""response"": ""pas du tout"", ""data_type"": ""questionnaire"", ""session_id"": ""31cd2a37_2026-07-31_13-38-51"", ""questionnaire_id"": ""EES""}"
2935,31cd2a37_2026-07-31_13-38-51,questionnaire,2026-07-31 11:44:47.619982+00,"{""language"": ""FR"", ""question"": ""curieux / curieuse"", ""response"": ""modéré"", ""data_type"": ""questionnaire"", ""session_id"": ""31cd2a37_2026-07-31_13-38-51"", ""questionnaire_id"": ""EES""}"
2936,31cd2a37_2026-07-31_13-38-51,questionnaire,2026-07-31 11:44:47.619982+00,"{""language"": ""FR"", ""question"": ""surpris / surprise"", ""response"": ""un tout petit peu"", ""data_type"": ""questionnaire"", ""session_id"": ""31cd2a37_2026-07-31_13-38-51"", ""questionnaire_id"": ""EES""}"
2937,31cd2a37_2026-07-31_13-38-51,questionnaire,2026-07-31 11:44:47.619982+00,"{""language"": ""FR"", ""question"": ""ennuyé / ennuyée"", ""response"": ""un tout petit peu"", ""data_type"": ""questionnaire"", ""session_id"": ""31cd2a37_2026-07-31_13-38-51"", ""questionnaire_id"": ""EES""}"
2938,31cd2a37_2026-07-31_13-38-51,questionnaire,2026-07-31 11:46:17.821672+00,"{""language"": ""FR"", ""question"": ""Parce que je trouve cette activité agréable"", ""response"": ""modérément"", ""data_type"": ""questionnaire"", ""session_id"": ""31cd2a37_2026-07-31_13-38-51"", ""questionnaire_id"": ""SIMS""}"
2939,31cd2a37_2026-07-31_13-38-51,questionnaire,2026-07-31 11:46:17.821672+00,"{""language"": ""FR"", ""question"": ""Je pratique cette activité, mais je ne suis pas sûr que cela en vaille la peine"", ""response"": ""pas du tout"", ""data_type"": ""questionnaire"", ""session_id"": ""31cd2a37_2026-07-31_13-38-51"", ""questionnaire_id"": ""SIMS""}"
2940,31cd2a37_2026-07-31_13-38-51,questionnaire,2026-07-31 11:46:17.821672+00,"{""language"": ""FR"", ""question"": ""Parce que je suis censé le faire"", ""response"": ""pas du tout"", ""data_type"": ""questionnaire"", ""session_id"": ""31cd2a37_2026-07-31_13-38-51"", ""questionnaire_id"": ""SIMS""}"
2941,31cd2a37_2026-07-31_13-38-51,questionnaire,2026-07-31 11:46:17.821672+00,"{""language"": ""FR"", ""question"": ""Il y a peut-être de bonnes raisons de faire cette activité, mais personnellement, je n’en vois aucune"", ""response"": ""pas du tout"", ""data_type"": ""questionnaire"", ""session_id"": ""31cd2a37_2026-07-31_13-38-51"", ""questionnaire_id"": ""SIMS""}"
2942,31cd2a37_2026-07-31_13-38-51,questionnaire,2026-07-31 11:46:17.821672+00,"{""language"": ""FR"", ""question"": ""Parce que c’est quelque chose que je dois faire"", ""response"": ""pas du tout"", ""data_type"": ""questionnaire"", ""session_id"": ""31cd2a37_2026-07-31_13-38-51"", ""questionnaire_id"": ""SIMS""}"
2943,31cd2a37_2026-07-31_13-38-51,questionnaire,2026-07-31 11:46:17.821672+00,"{""language"": ""FR"", ""question"": ""Parce que cette activité est amusante"", ""response"": ""un petit peu"", ""data_type"": ""questionnaire"", ""session_id"": ""31cd2a37_2026-07-31_13-38-51"", ""questionnaire_id"": ""SIMS""}"
2944,31cd2a37_2026-07-31_13-38-51,questionnaire,2026-07-31 11:46:17.821672+00,"{""language"": ""FR"", ""question"": ""Je ne sais pas ; je ne vois pas ce que cette activité m’apporte"", ""response"": ""pas du tout"", ""data_type"": ""questionnaire"", ""session_id"": ""31cd2a37_2026-07-31_13-38-51"", ""questionnaire_id"": ""SIMS""}"
2945,31cd2a37_2026-07-31_13-38-51,questionnaire,2026-07-31 11:46:17.821672+00,"{""language"": ""FR"", ""question"": ""Parce que je le fais pour mon propre bien"", ""response"": ""pas du tout"", ""data_type"": ""questionnaire"", ""session_id"": ""31cd2a37_2026-07-31_13-38-51"", ""questionnaire_id"": ""SIMS""}"
2946,31cd2a37_2026-07-31_13-38-51,questionnaire,2026-07-31 11:46:17.821672+00,"{""language"": ""FR"", ""question"": ""Parce que je n’ai pas le choix"", ""response"": ""pas du tout"", ""data_type"": ""questionnaire"", ""session_id"": ""31cd2a37_2026-07-31_13-38-51"", ""questionnaire_id"": ""SIMS""}"
2947,31cd2a37_2026-07-31_13-38-51,questionnaire,2026-07-31 11:46:17.821672+00,"{""language"": ""FR"", ""question"": ""Parce que je sens que je dois le faire"", ""response"": ""pas du tout"", ""data_type"": ""questionnaire"", ""session_id"": ""31cd2a37_2026-07-31_13-38-51"", ""questionnaire_id"": ""SIMS""}"
2948,31cd2a37_2026-07-31_13-38-51,questionnaire,2026-07-31 11:46:17.821672+00,"{""language"": ""FR"", ""question"": ""Parce que je crois que cette activité est importante pour moi"", ""response"": ""pas du tout"", ""data_type"": ""questionnaire"", ""session_id"": ""31cd2a37_2026-07-31_13-38-51"", ""questionnaire_id"": ""SIMS""}"
2949,31cd2a37_2026-07-31_13-38-51,questionnaire,2026-07-31 11:46:17.821672+00,"{""language"": ""FR"", ""question"": ""Parce que je me sens bien quand je pratique cette activité"", ""response"": ""pas du tout"", ""data_type"": ""questionnaire"", ""session_id"": ""31cd2a37_2026-07-31_13-38-51"", ""questionnaire_id"": ""SIMS""}"
2950,31cd2a37_2026-07-31_13-38-51,questionnaire,2026-07-31 11:46:17.821672+00,"{""language"": ""FR"", ""question"": ""Parce que je trouve cette activité intéressante"", ""response"": ""plutôt"", ""data_type"": ""questionnaire"", ""session_id"": ""31cd2a37_2026-07-31_13-38-51"", ""questionnaire_id"": ""SIMS""}"
2951,31cd2a37_2026-07-31_13-38-51,questionnaire,2026-07-31 11:46:17.821672+00,"{""language"": ""FR"", ""question"": ""Je pratique cette activité, mais je ne suis pas sûr que ce soit une bonne chose de la poursuivre"", ""response"": ""pas du tout"", ""data_type"": ""questionnaire"", ""session_id"": ""31cd2a37_2026-07-31_13-38-51"", ""questionnaire_id"": ""SIMS""}"
2952,31cd2a37_2026-07-31_13-38-51,questionnaire,2026-07-31 11:46:17.821672+00,"{""language"": ""FR"", ""question"": ""Par choix personnel"", ""response"": ""plutôt"", ""data_type"": ""questionnaire"", ""session_id"": ""31cd2a37_2026-07-31_13-38-51"", ""questionnaire_id"": ""SIMS""}"
2953,31cd2a37_2026-07-31_13-38-51,questionnaire,2026-07-31 11:46:17.821672+00,"{""language"": ""FR"", ""question"": ""Parce que je pense que cette activité est bonne pour moi"", ""response"": ""pas du tout"", ""data_type"": ""questionnaire"", ""session_id"": ""31cd2a37_2026-07-31_13-38-51"", ""questionnaire_id"": ""SIMS""}"
2954,31cd2a37_2026-07-31_13-38-51,questionnaire,2026-07-31 11:47:40.197007+00,"{""language"": ""FR"", ""question"": ""Je suis entièrement responsable de tout ce qui résulte de mes actes"", ""response"": ""d'accord"", ""data_type"": ""questionnaire"", ""session_id"": ""31cd2a37_2026-07-31_13-38-51"", ""questionnaire_id"": ""SoAS""}"
2955,31cd2a37_2026-07-31_13-38-51,questionnaire,2026-07-31 11:47:40.197007+00,"{""language"": ""FR"", ""question"": ""Je ne suis qu'un instrument entre les mains de quelqu'un ou de quelque chose d'autre"", ""response"": ""en désaccord"", ""data_type"": ""questionnaire"", ""session_id"": ""31cd2a37_2026-07-31_13-38-51"", ""questionnaire_id"": ""SoAS""}"
2956,31cd2a37_2026-07-31_13-38-51,questionnaire,2026-07-31 11:47:40.197007+00,"{""language"": ""FR"", ""question"": ""Je planifie mon comportement du début à la fin"", ""response"": ""en désaccord"", ""data_type"": ""questionnaire"", ""session_id"": ""31cd2a37_2026-07-31_13-38-51"", ""questionnaire_id"": ""SoAS""}"
2957,31cd2a37_2026-07-31_13-38-51,questionnaire,2026-07-31 11:47:40.197007+00,"{""language"": ""FR"", ""question"": ""Je suis en plein contrôle de ce que je fais"", ""response"": ""d'accord"", ""data_type"": ""questionnaire"", ""session_id"": ""31cd2a37_2026-07-31_13-38-51"", ""questionnaire_id"": ""SoAS""}"
2958,31cd2a37_2026-07-31_13-38-51,questionnaire,2026-07-31 11:47:40.197007+00,"{""language"": ""FR"", ""question"": ""Quand j’agis, j’ai l’impression d’être un robot télécommandé"", ""response"": ""en désaccord"", ""data_type"": ""questionnaire"", ""session_id"": ""31cd2a37_2026-07-31_13-38-51"", ""questionnaire_id"": ""SoAS""}"
2959,31cd2a37_2026-07-31_13-38-51,questionnaire,2026-07-31 11:47:40.197007+00,"{""language"": ""FR"", ""question"": ""Ce que je fais relève uniquement de mon libre arbitre"", ""response"": ""en désaccord"", ""data_type"": ""questionnaire"", ""session_id"": ""31cd2a37_2026-07-31_13-38-51"", ""questionnaire_id"": ""SoAS""}"
2960,31cd2a37_2026-07-31_13-38-51,questionnaire,2026-07-31 11:47:40.197007+00,"{""language"": ""FR"", ""question"": ""Les conséquences de mes actes me surprennent généralement"", ""response"": ""neutre"", ""data_type"": ""questionnaire"", ""session_id"": ""31cd2a37_2026-07-31_13-38-51"", ""questionnaire_id"": ""SoAS""}"
2961,31cd2a37_2026-07-31_13-38-51,questionnaire,2026-07-31 11:47:40.197007+00,"{""language"": ""FR"", ""question"": ""Mes mouvements sont automatiques : mon corps les effectue tout simplement"", ""response"": ""en désaccord"", ""data_type"": ""questionnaire"", ""session_id"": ""31cd2a37_2026-07-31_13-38-51"", ""questionnaire_id"": ""SoAS""}"
2962,31cd2a37_2026-07-31_13-38-51,questionnaire,2026-07-31 11:47:40.197007+00,"{""language"": ""FR"", ""question"": ""Rien de ce que je fais n’est en réalité volontaire"", ""response"": ""fortement en désaccord"", ""data_type"": ""questionnaire"", ""session_id"": ""31cd2a37_2026-07-31_13-38-51"", ""questionnaire_id"": ""SoAS""}"
2963,31cd2a37_2026-07-31_13-38-51,questionnaire,2026-07-31 11:47:40.197007+00,"{""language"": ""FR"", ""question"": ""Mes actions se produisent simplement, sans que je le veuille"", ""response"": ""fortement en désaccord"", ""data_type"": ""questionnaire"", ""session_id"": ""31cd2a37_2026-07-31_13-38-51"", ""questionnaire_id"": ""SoAS""}"
2964,31cd2a37_2026-07-31_13-38-51,questionnaire,2026-07-31 11:47:40.197007+00,"{""language"": ""FR"", ""question"": ""C’est à moi qu’il revient de décider si et quand j’agis"", ""response"": ""d'accord"", ""data_type"": ""questionnaire"", ""session_id"": ""31cd2a37_2026-07-31_13-38-51"", ""questionnaire_id"": ""SoAS""}"
2965,31cd2a37_2026-07-31_13-38-51,exploration,2026-07-31 11:55:55.83314+00,"{""trial"": 0, ""language"": ""FR"", ""data_type"": ""exploration"", ""position_x"": 2.755, ""position_y"": -2.17, ""session_id"": ""31cd2a37_2026-07-31_13-38-51"", ""actual_value"": 27, ""position_rowID"": 1, ""predicted_value"": 50, ""position_columnID"": 2}"
2966,31cd2a37_2026-07-31_13-38-51,exploration,2026-07-31 11:55:55.83314+00,"{""trial"": 0, ""language"": ""FR"", ""data_type"": ""exploration"", ""position_x"": 0.155, ""position_y"": -2.17, ""session_id"": ""31cd2a37_2026-07-31_13-38-51"", ""actual_value"": 10, ""position_rowID"": 1, ""predicted_value"": 50, ""position_columnID"": 1}"
2967,31cd2a37_2026-07-31_13-38-51,exploration,2026-07-31 11:55:55.83314+00,"{""trial"": 0, ""language"": ""FR"", ""data_type"": ""exploration"", ""position_x"": 0.155, ""position_y"": -4.77, ""session_id"": ""31cd2a37_2026-07-31_13-38-51"", ""actual_value"": 24, ""position_rowID"": 0, ""predicted_value"": 50, ""position_columnID"": 1}"
2968,31cd2a37_2026-07-31_13-38-51,exploration,2026-07-31 11:55:55.83314+00,"{""trial"": 0, ""language"": ""FR"", ""data_type"": ""exploration"", ""position_x"": -9.099999, ""position_y"": 0.06500053, ""session_id"": ""31cd2a37_2026-07-31_13-38-51"", ""actual_value"": 59, ""position_rowID"": 3, ""predicted_value"": 50, ""position_columnID"": 0}"
2969,31cd2a37_2026-07-31_13-38-51,exploration,2026-07-31 11:55:55.83314+00,"{""trial"": 1, ""language"": ""FR"", ""data_type"": ""exploration"", ""position_x"": -6.5, ""position_y"": 0.06500053, ""session_id"": ""31cd2a37_2026-07-31_13-38-51"", ""actual_value"": 36, ""position_rowID"": 3, ""predicted_value"": 50, ""position_columnID"": 1}"
2970,31cd2a37_2026-07-31_13-38-51,exploration,2026-07-31 11:55:55.83314+00,"{""trial"": 1, ""language"": ""FR"", ""data_type"": ""exploration"", ""position_x"": 6.5, ""position_y"": 5.265, ""session_id"": ""31cd2a37_2026-07-31_13-38-51"", ""actual_value"": 62, ""position_rowID"": 5, ""predicted_value"": 50, ""position_columnID"": 6}"
2971,31cd2a37_2026-07-31_13-38-51,exploration,2026-07-31 11:55:55.83314+00,"{""trial"": 0, ""language"": ""FR"", ""data_type"": ""exploration"", ""position_x"": 0.1700001, ""position_y"": -3.595, ""session_id"": ""31cd2a37_2026-07-31_13-38-51"", ""actual_value"": 89, ""position_rowID"": 0, ""predicted_value"": 1, ""position_columnID"": 0}"
2972,31cd2a37_2026-07-31_13-38-51,exploration,2026-07-31 11:55:55.83314+00,"{""trial"": 0, ""language"": ""FR"", ""data_type"": ""exploration"", ""position_x"": 0.1700001, ""position_y"": -3.595, ""session_id"": ""31cd2a37_2026-07-31_13-38-51"", ""actual_value"": 89, ""position_rowID"": 0, ""predicted_value"": 50, ""position_columnID"": 0}"
2973,31cd2a37_2026-07-31_13-38-51,exploration,2026-07-31 11:55:55.83314+00,"{""trial"": 0, ""language"": ""FR"", ""data_type"": ""exploration"", ""position_x"": 0.155, ""position_y"": 0.4299998, ""session_id"": ""31cd2a37_2026-07-31_13-38-51"", ""actual_value"": 77, ""position_rowID"": 2, ""predicted_value"": 50, ""position_columnID"": 1}"
2974,31cd2a37_2026-07-31_13-38-51,exploration,2026-07-31 11:55:55.83314+00,"{""trial"": 0, ""language"": ""FR"", ""data_type"": ""exploration"", ""position_x"": 0.155, ""position_y"": 0.4299998, ""session_id"": ""31cd2a37_2026-07-31_13-38-51"", ""actual_value"": 77, ""position_rowID"": 2, ""predicted_value"": 50, ""position_columnID"": 1}"
2975,31cd2a37_2026-07-31_13-38-51,exploration,2026-07-31 11:55:55.83314+00,"{""trial"": 0, ""language"": ""FR"", ""data_type"": ""exploration"", ""position_x"": 0.155, ""position_y"": 0.4299998, ""session_id"": ""31cd2a37_2026-07-31_13-38-51"", ""actual_value"": 77, ""position_rowID"": 2, ""predicted_value"": 50, ""position_columnID"": 1}"
2976,31cd2a37_2026-07-31_13-38-51,exploration,2026-07-31 11:55:55.83314+00,"{""trial"": 1, ""language"": ""FR"", ""data_type"": ""exploration"", ""position_x"": 0.1700001, ""position_y"": -3.595, ""session_id"": ""31cd2a37_2026-07-31_13-38-51"", ""actual_value"": 89, ""position_rowID"": 0, ""predicted_value"": 50, ""position_columnID"": 0}"
2977,31cd2a37_2026-07-31_13-38-51,exploration,2026-07-31 11:55:55.83314+00,"{""trial"": 2, ""language"": ""FR"", ""data_type"": ""exploration"", ""position_x"": 0.1700001, ""position_y"": -3.595, ""session_id"": ""31cd2a37_2026-07-31_13-38-51"", ""actual_value"": 30, ""position_rowID"": 0, ""predicted_value"": 50, ""position_columnID"": 0}"
2978,31cd2a37_2026-07-31_13-38-51,exploration,2026-07-31 11:55:55.83314+00,"{""trial"": 3, ""language"": ""FR"", ""data_type"": ""exploration"", ""position_x"": 0.1700001, ""position_y"": -3.595, ""session_id"": ""31cd2a37_2026-07-31_13-38-51"", ""actual_value"": 39, ""position_rowID"": 0, ""predicted_value"": 50, ""position_columnID"": 0}"
2979,31cd2a37_2026-07-31_13-38-51,exploration,2026-07-31 11:55:55.83314+00,"{""trial"": 4, ""language"": ""FR"", ""data_type"": ""exploration"", ""position_x"": 0.1700001, ""position_y"": -3.595, ""session_id"": ""31cd2a37_2026-07-31_13-38-51"", ""actual_value"": 36, ""position_rowID"": 0, ""predicted_value"": 50, ""position_columnID"": 0}"
2980,31cd2a37_2026-07-31_13-38-51,exploration,2026-07-31 11:55:55.83314+00,"{""trial"": 5, ""language"": ""FR"", ""data_type"": ""exploration"", ""position_x"": 0.1700001, ""position_y"": -3.595, ""session_id"": ""31cd2a37_2026-07-31_13-38-51"", ""actual_value"": 56, ""position_rowID"": 0, ""predicted_value"": 50, ""position_columnID"": 0}"
2981,31cd2a37_2026-07-31_13-38-51,questionnaire,2026-07-31 11:55:55.83314+00,"{""language"": ""FR"", ""question"": ""epsilon"", ""response"": ""0,1180956"", ""data_type"": ""questionnaire"", ""session_id"": ""31cd2a37_2026-07-31_13-38-51"", ""questionnaire_id"": ""customization""}"
2982,31cd2a37_2026-07-31_13-38-51,questionnaire,2026-07-31 11:55:55.83314+00,"{""language"": ""FR"", ""question"": ""uncoveredObject"", ""response"": ""flower_marguerite_0 (UnityEngine.GameObject)"", ""data_type"": ""questionnaire"", ""session_id"": ""31cd2a37_2026-07-31_13-38-51"", ""questionnaire_id"": ""customization""}"
2983,31cd2a37_2026-07-31_13-38-51,questionnaire,2026-07-31 11:55:55.83314+00,"{""language"": ""FR"", ""question"": ""container"", ""response"": ""pot_small_0 (UnityEngine.GameObject)"", ""data_type"": ""questionnaire"", ""session_id"": ""31cd2a37_2026-07-31_13-38-51"", ""questionnaire_id"": ""customization""}"
2984,31cd2a37_2026-07-31_13-38-51,exploration,2026-07-31 12:00:01.773898+00,"{""trial"": 0, ""language"": ""FR"", ""data_type"": ""exploration"", ""position_x"": 1.309048, ""position_y"": 2.674047, ""session_id"": ""31cd2a37_2026-07-31_13-38-51"", ""actual_value"": 49, ""position_rowID"": 4, ""predicted_value"": 50, ""position_columnID"": 4}"
2985,31cd2a37_2026-07-31_13-38-51,exploration,2026-07-31 12:00:01.773898+00,"{""trial"": 1, ""language"": ""FR"", ""data_type"": ""exploration"", ""position_x"": -1.309048, ""position_y"": 0.05595207, ""session_id"": ""31cd2a37_2026-07-31_13-38-51"", ""actual_value"": 28, ""position_rowID"": 3, ""predicted_value"": 50, ""position_columnID"": 3}"
2986,31cd2a37_2026-07-31_13-38-51,exploration,2026-07-31 12:00:01.773898+00,"{""trial"": 2, ""language"": ""FR"", ""data_type"": ""exploration"", ""position_x"": 1.309048, ""position_y"": 0.05595207, ""session_id"": ""31cd2a37_2026-07-31_13-38-51"", ""actual_value"": 43, ""position_rowID"": 3, ""predicted_value"": 50, ""position_columnID"": 4}"
2987,31cd2a37_2026-07-31_13-38-51,exploration,2026-07-31 12:00:01.773898+00,"{""trial"": 3, ""language"": ""FR"", ""data_type"": ""exploration"", ""position_x"": 1.309048, ""position_y"": 0.05595207, ""session_id"": ""31cd2a37_2026-07-31_13-38-51"", ""actual_value"": 46, ""position_rowID"": 3, ""predicted_value"": 50, ""position_columnID"": 4}"
2988,31cd2a37_2026-07-31_13-38-51,exploration,2026-07-31 12:00:01.773898+00,"{""trial"": 4, ""language"": ""FR"", ""data_type"": ""exploration"", ""position_x"": -6.545239, ""position_y"": 5.292143, ""session_id"": ""31cd2a37_2026-07-31_13-38-51"", ""actual_value"": 19, ""position_rowID"": 5, ""predicted_value"": 50, ""position_columnID"": 1}"
2989,31cd2a37_2026-07-31_13-38-51,exploration,2026-07-31 12:00:01.773898+00,"{""trial"": 5, ""language"": ""FR"", ""data_type"": ""exploration"", ""position_x"": -6.545239, ""position_y"": -5.180239, ""session_id"": ""31cd2a37_2026-07-31_13-38-51"", ""actual_value"": 22, ""position_rowID"": 1, ""predicted_value"": 50, ""position_columnID"": 1}"
2990,31cd2a37_2026-07-31_13-38-51,exploration,2026-07-31 12:00:01.773898+00,"{""trial"": 6, ""language"": ""FR"", ""data_type"": ""exploration"", ""position_x"": 6.545239, ""position_y"": 7.910239, ""session_id"": ""31cd2a37_2026-07-31_13-38-51"", ""actual_value"": 66, ""position_rowID"": 6, ""predicted_value"": 50, ""position_columnID"": 6}"
2991,31cd2a37_2026-07-31_13-38-51,exploration,2026-07-31 12:00:01.773898+00,"{""trial"": 7, ""language"": ""FR"", ""data_type"": ""exploration"", ""position_x"": 1.309048, ""position_y"": 2.674047, ""session_id"": ""31cd2a37_2026-07-31_13-38-51"", ""actual_value"": 49, ""position_rowID"": 4, ""predicted_value"": 50, ""position_columnID"": 4}"
2992,31cd2a37_2026-07-31_13-38-51,exploration,2026-07-31 12:00:01.773898+00,"{""trial"": 8, ""language"": ""FR"", ""data_type"": ""exploration"", ""position_x"": 1.309048, ""position_y"": -2.562144, ""session_id"": ""31cd2a37_2026-07-31_13-38-51"", ""actual_value"": 58, ""position_rowID"": 2, ""predicted_value"": 50, ""position_columnID"": 4}"
2993,31cd2a37_2026-07-31_13-38-51,exploration,2026-07-31 12:00:01.773898+00,"{""trial"": 9, ""language"": ""FR"", ""data_type"": ""exploration"", ""position_x"": 6.545239, ""position_y"": -7.798335, ""session_id"": ""31cd2a37_2026-07-31_13-38-51"", ""actual_value"": 53, ""position_rowID"": 0, ""predicted_value"": 50, ""position_columnID"": 6}"
2994,31cd2a37_2026-07-31_13-38-51,exploration,2026-07-31 12:00:01.773898+00,"{""trial"": 10, ""language"": ""FR"", ""data_type"": ""exploration"", ""position_x"": -6.545239, ""position_y"": -2.562144, ""session_id"": ""31cd2a37_2026-07-31_13-38-51"", ""actual_value"": 30, ""position_rowID"": 2, ""predicted_value"": 50, ""position_columnID"": 1}"
2995,31cd2a37_2026-07-31_13-38-51,exploration,2026-07-31 12:00:01.773898+00,"{""trial"": 11, ""language"": ""FR"", ""data_type"": ""exploration"", ""position_x"": -3.927144, ""position_y"": 0.05595207, ""session_id"": ""31cd2a37_2026-07-31_13-38-51"", ""actual_value"": 25, ""position_rowID"": 3, ""predicted_value"": 50, ""position_columnID"": 2}"
2996,31cd2a37_2026-07-31_13-38-51,exploration,2026-07-31 12:00:01.773898+00,"{""trial"": 12, ""language"": ""FR"", ""data_type"": ""exploration"", ""position_x"": -6.545239, ""position_y"": 0.05595207, ""session_id"": ""31cd2a37_2026-07-31_13-38-51"", ""actual_value"": 36, ""position_rowID"": 3, ""predicted_value"": 50, ""position_columnID"": 1}"
2997,31cd2a37_2026-07-31_13-38-51,exploration,2026-07-31 12:00:01.773898+00,"{""trial"": 13, ""language"": ""FR"", ""data_type"": ""exploration"", ""position_x"": -3.927144, ""position_y"": 2.674047, ""session_id"": ""31cd2a37_2026-07-31_13-38-51"", ""actual_value"": 16, ""position_rowID"": 4, ""predicted_value"": 50, ""position_columnID"": 2}"
2998,31cd2a37_2026-07-31_13-38-51,exploration,2026-07-31 12:00:01.773898+00,"{""trial"": 14, ""language"": ""FR"", ""data_type"": ""exploration"", ""position_x"": -6.545239, ""position_y"": 2.674047, ""session_id"": ""31cd2a37_2026-07-31_13-38-51"", ""actual_value"": 24, ""position_rowID"": 4, ""predicted_value"": 50, ""position_columnID"": 1}"
2999,31cd2a37_2026-07-31_13-38-51,exploration,2026-07-31 12:00:01.773898+00,"{""trial"": 15, ""language"": ""FR"", ""data_type"": ""exploration"", ""position_x"": 1.309048, ""position_y"": 5.292143, ""session_id"": ""31cd2a37_2026-07-31_13-38-51"", ""actual_value"": 48, ""position_rowID"": 5, ""predicted_value"": 50, ""position_columnID"": 4}"
3000,31cd2a37_2026-07-31_13-38-51,exploration,2026-07-31 12:00:01.773898+00,"{""trial"": 16, ""language"": ""FR"", ""data_type"": ""exploration"", ""position_x"": 1.309048, ""position_y"": 0.05595207, ""session_id"": ""31cd2a37_2026-07-31_13-38-51"", ""actual_value"": 42, ""position_rowID"": 3, ""predicted_value"": 50, ""position_columnID"": 4}"
3001,31cd2a37_2026-07-31_13-38-51,exploration,2026-07-31 12:00:01.773898+00,"{""trial"": 17, ""language"": ""FR"", ""data_type"": ""exploration"", ""position_x"": 6.545239, ""position_y"": 7.910239, ""session_id"": ""31cd2a37_2026-07-31_13-38-51"", ""actual_value"": 68, ""position_rowID"": 6, ""predicted_value"": 50, ""position_columnID"": 6}"
3002,31cd2a37_2026-07-31_13-38-51,exploration,2026-07-31 12:00:01.773898+00,"{""trial"": 18, ""language"": ""FR"", ""data_type"": ""exploration"", ""position_x"": 6.545239, ""position_y"": 7.910239, ""session_id"": ""31cd2a37_2026-07-31_13-38-51"", ""actual_value"": 68, ""position_rowID"": 6, ""predicted_value"": 50, ""position_columnID"": 6}"
3003,31cd2a37_2026-07-31_13-38-51,exploration,2026-07-31 12:00:01.773898+00,"{""trial"": 19, ""language"": ""FR"", ""data_type"": ""exploration"", ""position_x"": 6.545239, ""position_y"": 7.910239, ""session_id"": ""31cd2a37_2026-07-31_13-38-51"", ""actual_value"": 66, ""position_rowID"": 6, ""predicted_value"": 50, ""position_columnID"": 6}"
3004,31cd2a37_2026-07-31_13-38-51,exploration,2026-07-31 12:00:01.773898+00,"{""trial"": 20, ""language"": ""FR"", ""data_type"": ""exploration"", ""position_x"": 6.545239, ""position_y"": 7.910239, ""session_id"": ""31cd2a37_2026-07-31_13-38-51"", ""actual_value"": 67, ""position_rowID"": 6, ""predicted_value"": 50, ""position_columnID"": 6}"
3005,31cd2a37_2026-07-31_13-38-51,exploration,2026-07-31 12:00:01.773898+00,"{""trial"": 21, ""language"": ""FR"", ""data_type"": ""exploration"", ""position_x"": 3.927143, ""position_y"": 7.910239, ""session_id"": ""31cd2a37_2026-07-31_13-38-51"", ""actual_value"": 65, ""position_rowID"": 6, ""predicted_value"": 50, ""position_columnID"": 5}"
3006,31cd2a37_2026-07-31_13-38-51,exploration,2026-07-31 12:00:01.773898+00,"{""trial"": 22, ""language"": ""FR"", ""data_type"": ""exploration"", ""position_x"": 6.545239, ""position_y"": 5.292143, ""session_id"": ""31cd2a37_2026-07-31_13-38-51"", ""actual_value"": 62, ""position_rowID"": 5, ""predicted_value"": 50, ""position_columnID"": 6}"
3007,31cd2a37_2026-07-31_13-38-51,exploration,2026-07-31 12:00:01.773898+00,"{""trial"": 23, ""language"": ""FR"", ""data_type"": ""exploration"", ""position_x"": 6.545239, ""position_y"": 2.674047, ""session_id"": ""31cd2a37_2026-07-31_13-38-51"", ""actual_value"": 39, ""position_rowID"": 4, ""predicted_value"": 50, ""position_columnID"": 6}"
3008,31cd2a37_2026-07-31_13-38-51,exploration,2026-07-31 12:00:01.773898+00,"{""trial"": 24, ""language"": ""FR"", ""data_type"": ""exploration"", ""position_x"": -1.309048, ""position_y"": -5.180239, ""session_id"": ""31cd2a37_2026-07-31_13-38-51"", ""actual_value"": 68, ""position_rowID"": 1, ""predicted_value"": 50, ""position_columnID"": 3}"
3009,31cd2a37_2026-07-31_13-38-51,exploration,2026-07-31 12:00:01.773898+00,"{""trial"": 25, ""language"": ""FR"", ""data_type"": ""exploration"", ""position_x"": -1.309048, ""position_y"": -5.180239, ""session_id"": ""31cd2a37_2026-07-31_13-38-51"", ""actual_value"": 65, ""position_rowID"": 1, ""predicted_value"": 50, ""position_columnID"": 3}"
3010,31cd2a37_2026-07-31_13-38-51,exploration,2026-07-31 12:00:01.773898+00,"{""trial"": 26, ""language"": ""FR"", ""data_type"": ""exploration"", ""position_x"": 3.927143, ""position_y"": -7.798335, ""session_id"": ""31cd2a37_2026-07-31_13-38-51"", ""actual_value"": 85, ""position_rowID"": 0, ""predicted_value"": 50, ""position_columnID"": 5}"
3011,31cd2a37_2026-07-31_13-38-51,exploration,2026-07-31 12:00:01.773898+00,"{""trial"": 27, ""language"": ""FR"", ""data_type"": ""exploration"", ""position_x"": 6.545239, ""position_y"": -7.798335, ""session_id"": ""31cd2a37_2026-07-31_13-38-51"", ""actual_value"": 54, ""position_rowID"": 0, ""predicted_value"": 50, ""position_columnID"": 6}"
3012,31cd2a37_2026-07-31_13-38-51,exploration,2026-07-31 12:00:01.773898+00,"{""trial"": 28, ""language"": ""FR"", ""data_type"": ""exploration"", ""position_x"": -9.163335, ""position_y"": -7.798335, ""session_id"": ""31cd2a37_2026-07-31_13-38-51"", ""actual_value"": 1, ""position_rowID"": 0, ""predicted_value"": 50, ""position_columnID"": 0}"
3013,31cd2a37_2026-07-31_13-38-51,exploration,2026-07-31 12:00:01.773898+00,"{""trial"": 29, ""language"": ""FR"", ""data_type"": ""exploration"", ""position_x"": -9.163335, ""position_y"": -7.798335, ""session_id"": ""31cd2a37_2026-07-31_13-38-51"", ""actual_value"": 1, ""position_rowID"": 0, ""predicted_value"": 50, ""position_columnID"": 0}"
3014,31cd2a37_2026-07-31_13-38-51,exploration,2026-07-31 12:00:01.773898+00,"{""trial"": 30, ""language"": ""FR"", ""data_type"": ""exploration"", ""position_x"": -9.163335, ""position_y"": -7.798335, ""session_id"": ""31cd2a37_2026-07-31_13-38-51"", ""actual_value"": 3, ""position_rowID"": 0, ""predicted_value"": 50, ""position_columnID"": 0}"
3015,31cd2a37_2026-07-31_13-38-51,exploration,2026-07-31 12:00:01.773898+00,"{""trial"": 31, ""language"": ""FR"", ""data_type"": ""exploration"", ""position_x"": -6.545239, ""position_y"": -7.798335, ""session_id"": ""31cd2a37_2026-07-31_13-38-51"", ""actual_value"": 39, ""position_rowID"": 0, ""predicted_value"": 50, ""position_columnID"": 1}"
3016,31cd2a37_2026-07-31_13-38-51,exploration,2026-07-31 12:00:01.773898+00,"{""trial"": 32, ""language"": ""FR"", ""data_type"": ""exploration"", ""position_x"": -9.163335, ""position_y"": -7.798335, ""session_id"": ""31cd2a37_2026-07-31_13-38-51"", ""actual_value"": 2, ""position_rowID"": 0, ""predicted_value"": 50, ""position_columnID"": 0}"
3017,31cd2a37_2026-07-31_13-38-51,exploration,2026-07-31 12:00:01.773898+00,"{""trial"": 33, ""language"": ""FR"", ""data_type"": ""exploration"", ""position_x"": -9.163335, ""position_y"": -5.180239, ""session_id"": ""31cd2a37_2026-07-31_13-38-51"", ""actual_value"": 2, ""position_rowID"": 1, ""predicted_value"": 50, ""position_columnID"": 0}"
3018,31cd2a37_2026-07-31_13-38-51,exploration,2026-07-31 12:00:01.773898+00,"{""trial"": 34, ""language"": ""FR"", ""data_type"": ""exploration"", ""position_x"": -9.163335, ""position_y"": -2.562144, ""session_id"": ""31cd2a37_2026-07-31_13-38-51"", ""actual_value"": 40, ""position_rowID"": 2, ""predicted_value"": 50, ""position_columnID"": 0}"
3019,31cd2a37_2026-07-31_13-38-51,exploration,2026-07-31 12:00:01.773898+00,"{""trial"": 35, ""language"": ""FR"", ""data_type"": ""exploration"", ""position_x"": -6.545239, ""position_y"": -5.180239, ""session_id"": ""31cd2a37_2026-07-31_13-38-51"", ""actual_value"": 23, ""position_rowID"": 1, ""predicted_value"": 50, ""position_columnID"": 1}"
3020,31cd2a37_2026-07-31_13-38-51,exploration,2026-07-31 12:00:01.773898+00,"{""trial"": 36, ""language"": ""FR"", ""data_type"": ""exploration"", ""position_x"": -9.163335, ""position_y"": -5.180239, ""session_id"": ""31cd2a37_2026-07-31_13-38-51"", ""actual_value"": 3, ""position_rowID"": 1, ""predicted_value"": 50, ""position_columnID"": 0}"
3021,31cd2a37_2026-07-31_13-38-51,exploration,2026-07-31 12:00:01.773898+00,"{""trial"": 37, ""language"": ""FR"", ""data_type"": ""exploration"", ""position_x"": 3.927143, ""position_y"": 2.674047, ""session_id"": ""31cd2a37_2026-07-31_13-38-51"", ""actual_value"": 48, ""position_rowID"": 4, ""predicted_value"": 50, ""position_columnID"": 5}"
3022,31cd2a37_2026-07-31_13-38-51,exploration,2026-07-31 12:00:01.773898+00,"{""trial"": 38, ""language"": ""FR"", ""data_type"": ""exploration"", ""position_x"": 3.927143, ""position_y"": -5.180239, ""session_id"": ""31cd2a37_2026-07-31_13-38-51"", ""actual_value"": 63, ""position_rowID"": 1, ""predicted_value"": 50, ""position_columnID"": 5}"
3023,31cd2a37_2026-07-31_13-38-51,exploration,2026-07-31 12:00:01.773898+00,"{""trial"": 39, ""language"": ""FR"", ""data_type"": ""exploration"", ""position_x"": 3.927143, ""position_y"": -7.798335, ""session_id"": ""31cd2a37_2026-07-31_13-38-51"", ""actual_value"": 85, ""position_rowID"": 0, ""predicted_value"": 50, ""position_columnID"": 5}"
3024,31cd2a37_2026-07-31_13-38-51,questionnaire,2026-07-31 12:00:30.007658+00,"{""language"": ""FR"", ""question"": ""excité / excitée"", ""response"": ""pas du tout"", ""data_type"": ""questionnaire"", ""session_id"": ""31cd2a37_2026-07-31_13-38-51"", ""questionnaire_id"": ""EES""}"
3025,31cd2a37_2026-07-31_13-38-51,questionnaire,2026-07-31 12:00:30.007658+00,"{""language"": ""FR"", ""question"": ""curieux / curieuse"", ""response"": ""un tout petit peu"", ""data_type"": ""questionnaire"", ""session_id"": ""31cd2a37_2026-07-31_13-38-51"", ""questionnaire_id"": ""EES""}"
3026,31cd2a37_2026-07-31_13-38-51,questionnaire,2026-07-31 12:00:30.007658+00,"{""language"": ""FR"", ""question"": ""surpris / surprise"", ""response"": ""un tout petit peu"", ""data_type"": ""questionnaire"", ""session_id"": ""31cd2a37_2026-07-31_13-38-51"", ""questionnaire_id"": ""EES""}"
3027,31cd2a37_2026-07-31_13-38-51,questionnaire,2026-07-31 12:00:30.007658+00,"{""language"": ""FR"", ""question"": ""anxieux / anxieuse"", ""response"": ""pas du tout"", ""data_type"": ""questionnaire"", ""session_id"": ""31cd2a37_2026-07-31_13-38-51"", ""questionnaire_id"": ""EES""}"
3028,31cd2a37_2026-07-31_13-38-51,questionnaire,2026-07-31 12:00:30.007658+00,"{""language"": ""FR"", ""question"": ""confus / confuse"", ""response"": ""pas du tout"", ""data_type"": ""questionnaire"", ""session_id"": ""31cd2a37_2026-07-31_13-38-51"", ""questionnaire_id"": ""EES""}"
3029,31cd2a37_2026-07-31_13-38-51,questionnaire,2026-07-31 12:00:30.007658+00,"{""language"": ""FR"", ""question"": ""frustré / frustrée"", ""response"": ""pas du tout"", ""data_type"": ""questionnaire"", ""session_id"": ""31cd2a37_2026-07-31_13-38-51"", ""questionnaire_id"": ""EES""}"
3030,31cd2a37_2026-07-31_13-38-51,questionnaire,2026-07-31 12:00:30.007658+00,"{""language"": ""FR"", ""question"": ""ennuyé / ennuyée"", ""response"": ""fort"", ""data_type"": ""questionnaire"", ""session_id"": ""31cd2a37_2026-07-31_13-38-51"", ""questionnaire_id"": ""EES""}"
3031,31cd2a37_2026-07-31_13-38-51,questionnaire,2026-07-31 12:01:36.646316+00,"{""language"": ""FR"", ""question"": ""Parce que je pense que cette activité est bonne pour moi"", ""response"": ""un petit peu"", ""data_type"": ""questionnaire"", ""session_id"": ""31cd2a37_2026-07-31_13-38-51"", ""questionnaire_id"": ""SIMS""}"
3032,31cd2a37_2026-07-31_13-38-51,questionnaire,2026-07-31 12:01:36.646316+00,"{""language"": ""FR"", ""question"": ""Parce que je suis censé le faire"", ""response"": ""pas du tout"", ""data_type"": ""questionnaire"", ""session_id"": ""31cd2a37_2026-07-31_13-38-51"", ""questionnaire_id"": ""SIMS""}"
3058,31cd2a37_2026-07-31_13-38-51,questionnaire,2026-07-31 12:02:51.592435+00,"{""language"": ""FR"", ""question"": ""prediction_future_size"", ""response"": """", ""data_type"": ""questionnaire"", ""session_id"": ""31cd2a37_2026-07-31_13-38-51"", ""questionnaire_id"": ""post_open_questions""}"
3033,31cd2a37_2026-07-31_13-38-51,questionnaire,2026-07-31 12:01:36.646316+00,"{""language"": ""FR"", ""question"": ""Parce que je trouve cette activité agréable"", ""response"": ""plutôt"", ""data_type"": ""questionnaire"", ""session_id"": ""31cd2a37_2026-07-31_13-38-51"", ""questionnaire_id"": ""SIMS""}"
3034,31cd2a37_2026-07-31_13-38-51,questionnaire,2026-07-31 12:01:36.646316+00,"{""language"": ""FR"", ""question"": ""Je pratique cette activité, mais je ne suis pas sûr que cela en vaille la peine"", ""response"": ""pas du tout"", ""data_type"": ""questionnaire"", ""session_id"": ""31cd2a37_2026-07-31_13-38-51"", ""questionnaire_id"": ""SIMS""}"
3035,31cd2a37_2026-07-31_13-38-51,questionnaire,2026-07-31 12:01:36.646316+00,"{""language"": ""FR"", ""question"": ""Parce que je crois que cette activité est importante pour moi"", ""response"": ""pas du tout"", ""data_type"": ""questionnaire"", ""session_id"": ""31cd2a37_2026-07-31_13-38-51"", ""questionnaire_id"": ""SIMS""}"
3036,31cd2a37_2026-07-31_13-38-51,questionnaire,2026-07-31 12:01:36.646316+00,"{""language"": ""FR"", ""question"": ""Parce que je le fais pour mon propre bien"", ""response"": ""pas du tout"", ""data_type"": ""questionnaire"", ""session_id"": ""31cd2a37_2026-07-31_13-38-51"", ""questionnaire_id"": ""SIMS""}"
3037,31cd2a37_2026-07-31_13-38-51,questionnaire,2026-07-31 12:01:36.646316+00,"{""language"": ""FR"", ""question"": ""Parce que je trouve cette activité intéressante"", ""response"": ""plutôt"", ""data_type"": ""questionnaire"", ""session_id"": ""31cd2a37_2026-07-31_13-38-51"", ""questionnaire_id"": ""SIMS""}"
3038,31cd2a37_2026-07-31_13-38-51,questionnaire,2026-07-31 12:01:36.646316+00,"{""language"": ""FR"", ""question"": ""Parce que cette activité est amusante"", ""response"": ""plutôt"", ""data_type"": ""questionnaire"", ""session_id"": ""31cd2a37_2026-07-31_13-38-51"", ""questionnaire_id"": ""SIMS""}"
3039,31cd2a37_2026-07-31_13-38-51,questionnaire,2026-07-31 12:01:36.646316+00,"{""language"": ""FR"", ""question"": ""Je pratique cette activité, mais je ne suis pas sûr que ce soit une bonne chose de la poursuivre"", ""response"": ""pas du tout"", ""data_type"": ""questionnaire"", ""session_id"": ""31cd2a37_2026-07-31_13-38-51"", ""questionnaire_id"": ""SIMS""}"
3040,31cd2a37_2026-07-31_13-38-51,questionnaire,2026-07-31 12:01:36.646316+00,"{""language"": ""FR"", ""question"": ""Je ne sais pas ; je ne vois pas ce que cette activité m’apporte"", ""response"": ""pas du tout"", ""data_type"": ""questionnaire"", ""session_id"": ""31cd2a37_2026-07-31_13-38-51"", ""questionnaire_id"": ""SIMS""}"
3041,31cd2a37_2026-07-31_13-38-51,questionnaire,2026-07-31 12:01:36.646316+00,"{""language"": ""FR"", ""question"": ""Par choix personnel"", ""response"": ""plutôt"", ""data_type"": ""questionnaire"", ""session_id"": ""31cd2a37_2026-07-31_13-38-51"", ""questionnaire_id"": ""SIMS""}"
3042,31cd2a37_2026-07-31_13-38-51,questionnaire,2026-07-31 12:01:36.646316+00,"{""language"": ""FR"", ""question"": ""Parce que c’est quelque chose que je dois faire"", ""response"": ""pas du tout"", ""data_type"": ""questionnaire"", ""session_id"": ""31cd2a37_2026-07-31_13-38-51"", ""questionnaire_id"": ""SIMS""}"
3043,31cd2a37_2026-07-31_13-38-51,questionnaire,2026-07-31 12:01:36.646316+00,"{""language"": ""FR"", ""question"": ""Il y a peut-être de bonnes raisons de faire cette activité, mais personnellement, je n’en vois aucune"", ""response"": ""pas du tout"", ""data_type"": ""questionnaire"", ""session_id"": ""31cd2a37_2026-07-31_13-38-51"", ""questionnaire_id"": ""SIMS""}"
3044,31cd2a37_2026-07-31_13-38-51,questionnaire,2026-07-31 12:01:36.646316+00,"{""language"": ""FR"", ""question"": ""Parce que je sens que je dois le faire"", ""response"": ""pas du tout"", ""data_type"": ""questionnaire"", ""session_id"": ""31cd2a37_2026-07-31_13-38-51"", ""questionnaire_id"": ""SIMS""}"
3045,31cd2a37_2026-07-31_13-38-51,questionnaire,2026-07-31 12:01:36.646316+00,"{""language"": ""FR"", ""question"": ""Parce que je me sens bien quand je pratique cette activité"", ""response"": ""pas du tout"", ""data_type"": ""questionnaire"", ""session_id"": ""31cd2a37_2026-07-31_13-38-51"", ""questionnaire_id"": ""SIMS""}"
3046,31cd2a37_2026-07-31_13-38-51,questionnaire,2026-07-31 12:01:36.646316+00,"{""language"": ""FR"", ""question"": ""Parce que je n’ai pas le choix"", ""response"": ""pas du tout"", ""data_type"": ""questionnaire"", ""session_id"": ""31cd2a37_2026-07-31_13-38-51"", ""questionnaire_id"": ""SIMS""}"
3047,31cd2a37_2026-07-31_13-38-51,questionnaire,2026-07-31 12:02:07.744071+00,"{""language"": ""FR"", ""question"": ""Mes actions se produisent simplement, sans que je le veuille"", ""response"": ""neutre"", ""data_type"": ""questionnaire"", ""session_id"": ""31cd2a37_2026-07-31_13-38-51"", ""questionnaire_id"": ""SoAS""}"
3048,31cd2a37_2026-07-31_13-38-51,questionnaire,2026-07-31 12:02:07.744071+00,"{""language"": ""FR"", ""question"": ""Les conséquences de mes actes me surprennent généralement"", ""response"": ""neutre"", ""data_type"": ""questionnaire"", ""session_id"": ""31cd2a37_2026-07-31_13-38-51"", ""questionnaire_id"": ""SoAS""}"
3049,31cd2a37_2026-07-31_13-38-51,questionnaire,2026-07-31 12:02:07.744071+00,"{""language"": ""FR"", ""question"": ""Je suis entièrement responsable de tout ce qui résulte de mes actes"", ""response"": ""neutre"", ""data_type"": ""questionnaire"", ""session_id"": ""31cd2a37_2026-07-31_13-38-51"", ""questionnaire_id"": ""SoAS""}"
3050,31cd2a37_2026-07-31_13-38-51,questionnaire,2026-07-31 12:02:07.744071+00,"{""language"": ""FR"", ""question"": ""Je ne suis qu'un instrument entre les mains de quelqu'un ou de quelque chose d'autre"", ""response"": ""neutre"", ""data_type"": ""questionnaire"", ""session_id"": ""31cd2a37_2026-07-31_13-38-51"", ""questionnaire_id"": ""SoAS""}"
3051,31cd2a37_2026-07-31_13-38-51,questionnaire,2026-07-31 12:02:07.744071+00,"{""language"": ""FR"", ""question"": ""C’est à moi qu’il revient de décider si et quand j’agis"", ""response"": ""neutre"", ""data_type"": ""questionnaire"", ""session_id"": ""31cd2a37_2026-07-31_13-38-51"", ""questionnaire_id"": ""SoAS""}"
3052,31cd2a37_2026-07-31_13-38-51,questionnaire,2026-07-31 12:02:07.744071+00,"{""language"": ""FR"", ""question"": ""Je suis en plein contrôle ce que je fais"", ""response"": ""neutre"", ""data_type"": ""questionnaire"", ""session_id"": ""31cd2a37_2026-07-31_13-38-51"", ""questionnaire_id"": ""SoAS""}"
3053,31cd2a37_2026-07-31_13-38-51,questionnaire,2026-07-31 12:02:07.744071+00,"{""language"": ""FR"", ""question"": ""Mes mouvements sont automatiques : mon corps les effectue tout simplement"", ""response"": ""neutre"", ""data_type"": ""questionnaire"", ""session_id"": ""31cd2a37_2026-07-31_13-38-51"", ""questionnaire_id"": ""SoAS""}"
3054,31cd2a37_2026-07-31_13-38-51,questionnaire,2026-07-31 12:02:07.744071+00,"{""language"": ""FR"", ""question"": ""Quand j’agis, j’ai l’impression d’être un robot télécommandé"", ""response"": ""neutre"", ""data_type"": ""questionnaire"", ""session_id"": ""31cd2a37_2026-07-31_13-38-51"", ""questionnaire_id"": ""SoAS""}"
3055,31cd2a37_2026-07-31_13-38-51,questionnaire,2026-07-31 12:02:07.744071+00,"{""language"": ""FR"", ""question"": ""Je planifie mon comportement du début à la fin"", ""response"": ""neutre"", ""data_type"": ""questionnaire"", ""session_id"": ""31cd2a37_2026-07-31_13-38-51"", ""questionnaire_id"": ""SoAS""}"
3056,31cd2a37_2026-07-31_13-38-51,questionnaire,2026-07-31 12:02:07.744071+00,"{""language"": ""FR"", ""question"": ""Ce que je fais relève uniquement de mon libre arbitre"", ""response"": ""neutre"", ""data_type"": ""questionnaire"", ""session_id"": ""31cd2a37_2026-07-31_13-38-51"", ""questionnaire_id"": ""SoAS""}"
3057,31cd2a37_2026-07-31_13-38-51,questionnaire,2026-07-31 12:02:07.744071+00,"{""language"": ""FR"", ""question"": ""Rien de ce que je fais n’est en réalité volontaire"", ""response"": ""neutre"", ""data_type"": ""questionnaire"", ""session_id"": ""31cd2a37_2026-07-31_13-38-51"", ""questionnaire_id"": ""SoAS""}"
3059,31cd2a37_2026-07-31_13-38-51,questionnaire,2026-07-31 12:02:51.592435+00,"{""language"": ""FR"", ""question"": ""prediction_rule"", ""response"": """", ""data_type"": ""questionnaire"", ""session_id"": ""31cd2a37_2026-07-31_13-38-51"", ""questionnaire_id"": ""post_open_questions""}"
3060,31cd2a37_2026-07-31_13-38-51,questionnaire,2026-07-31 12:02:51.592435+00,"{""language"": ""FR"", ""question"": ""exploration"", ""response"": """", ""data_type"": ""questionnaire"", ""session_id"": ""31cd2a37_2026-07-31_13-38-51"", ""questionnaire_id"": ""post_open_questions""}"
3061,31cd2a37_2026-07-31_13-38-51,questionnaire,2026-07-31 12:02:51.592435+00,"{""language"": ""FR"", ""question"": ""exploration_dynamic"", ""response"": """", ""data_type"": ""questionnaire"", ""session_id"": ""31cd2a37_2026-07-31_13-38-51"", ""questionnaire_id"": ""post_open_questions""}"
3062,31cd2a37_2026-07-31_13-38-51,questionnaire,2026-07-31 12:02:51.592435+00,"{""language"": ""FR"", ""question"": ""goal"", ""response"": """", ""data_type"": ""questionnaire"", ""session_id"": ""31cd2a37_2026-07-31_13-38-51"", ""questionnaire_id"": ""post_open_questions""}"
3063,31cd2a37_2026-07-31_13-38-51,questionnaire,2026-07-31 12:04:56.127039+00,"{""language"": ""FR"", ""question"": ""autruche"", ""response"": ""extrêmement familier"", ""data_type"": ""questionnaire"", ""session_id"": ""31cd2a37_2026-07-31_13-38-51"", ""questionnaire_id"": ""ChildOCQ""}"
3064,31cd2a37_2026-07-31_13-38-51,questionnaire,2026-07-31 12:04:56.127039+00,"{""language"": ""FR"", ""question"": ""vlepa"", ""response"": ""pas du tout familier"", ""data_type"": ""questionnaire"", ""session_id"": ""31cd2a37_2026-07-31_13-38-51"", ""questionnaire_id"": ""ChildOCQ""}"
3065,31cd2a37_2026-07-31_13-38-51,questionnaire,2026-07-31 12:04:56.127039+00,"{""language"": ""FR"", ""question"": ""brocefruit"", ""response"": ""pas du tout familier"", ""data_type"": ""questionnaire"", ""session_id"": ""31cd2a37_2026-07-31_13-38-51"", ""questionnaire_id"": ""ChildOCQ""}"
3066,31cd2a37_2026-07-31_13-38-51,questionnaire,2026-07-31 12:04:56.127039+00,"{""language"": ""FR"", ""question"": ""Lapins crétins"", ""response"": ""extrêmement familier"", ""data_type"": ""questionnaire"", ""session_id"": ""31cd2a37_2026-07-31_13-38-51"", ""questionnaire_id"": ""ChildOCQ""}"
3067,31cd2a37_2026-07-31_13-38-51,questionnaire,2026-07-31 12:04:56.127039+00,"{""language"": ""FR"", ""question"": ""ornithorynque"", ""response"": ""extrêmement familier"", ""data_type"": ""questionnaire"", ""session_id"": ""31cd2a37_2026-07-31_13-38-51"", ""questionnaire_id"": ""ChildOCQ""}"
3068,31cd2a37_2026-07-31_13-38-51,questionnaire,2026-07-31 12:04:56.127039+00,"{""language"": ""FR"", ""question"": ""xylophone"", ""response"": ""extrêmement familier"", ""data_type"": ""questionnaire"", ""session_id"": ""31cd2a37_2026-07-31_13-38-51"", ""questionnaire_id"": ""ChildOCQ""}"
3069,31cd2a37_2026-07-31_13-38-51,questionnaire,2026-07-31 12:04:56.127039+00,"{""language"": ""FR"", ""question"": ""piano"", ""response"": ""extrêmement familier"", ""data_type"": ""questionnaire"", ""session_id"": ""31cd2a37_2026-07-31_13-38-51"", ""questionnaire_id"": ""ChildOCQ""}"
3070,31cd2a37_2026-07-31_13-38-51,questionnaire,2026-07-31 12:04:56.127039+00,"{""language"": ""FR"", ""question"": ""zèbre"", ""response"": ""extrêmement familier"", ""data_type"": ""questionnaire"", ""session_id"": ""31cd2a37_2026-07-31_13-38-51"", ""questionnaire_id"": ""ChildOCQ""}"
3071,31cd2a37_2026-07-31_13-38-51,questionnaire,2026-07-31 12:04:56.127039+00,"{""language"": ""FR"", ""question"": ""plolin"", ""response"": ""pas du tout familier"", ""data_type"": ""questionnaire"", ""session_id"": ""31cd2a37_2026-07-31_13-38-51"", ""questionnaire_id"": ""ChildOCQ""}"
3072,31cd2a37_2026-07-31_13-38-51,questionnaire,2026-07-31 12:04:56.127039+00,"{""language"": ""FR"", ""question"": ""utocket"", ""response"": ""pas du tout familier"", ""data_type"": ""questionnaire"", ""session_id"": ""31cd2a37_2026-07-31_13-38-51"", ""questionnaire_id"": ""ChildOCQ""}"
3073,31cd2a37_2026-07-31_13-38-51,questionnaire,2026-07-31 12:04:56.127039+00,"{""language"": ""FR"", ""question"": ""batterie"", ""response"": ""extrêmement familier"", ""data_type"": ""questionnaire"", ""session_id"": ""31cd2a37_2026-07-31_13-38-51"", ""questionnaire_id"": ""ChildOCQ""}"
3074,31cd2a37_2026-07-31_13-38-51,questionnaire,2026-07-31 12:04:56.127039+00,"{""language"": ""FR"", ""question"": ""Paddington"", ""response"": ""extrêmement familier"", ""data_type"": ""questionnaire"", ""session_id"": ""31cd2a37_2026-07-31_13-38-51"", ""questionnaire_id"": ""ChildOCQ""}"
3075,31cd2a37_2026-07-31_13-38-51,questionnaire,2026-07-31 12:04:56.127039+00,"{""language"": ""FR"", ""question"": ""Grande Barrière de Corail"", ""response"": ""extrêmement familier"", ""data_type"": ""questionnaire"", ""session_id"": ""31cd2a37_2026-07-31_13-38-51"", ""questionnaire_id"": ""ChildOCQ""}"
3076,31cd2a37_2026-07-31_13-38-51,questionnaire,2026-07-31 12:04:56.127039+00,"{""language"": ""FR"", ""question"": ""Elsa"", ""response"": ""extrêmement familier"", ""data_type"": ""questionnaire"", ""session_id"": ""31cd2a37_2026-07-31_13-38-51"", ""questionnaire_id"": ""ChildOCQ""}"
3077,31cd2a37_2026-07-31_13-38-51,questionnaire,2026-07-31 12:04:56.127039+00,"{""language"": ""FR"", ""question"": ""avocat"", ""response"": ""extrêmement familier"", ""data_type"": ""questionnaire"", ""session_id"": ""31cd2a37_2026-07-31_13-38-51"", ""questionnaire_id"": ""ChildOCQ""}"
3078,31cd2a37_2026-07-31_13-38-51,questionnaire,2026-07-31 12:04:56.127039+00,"{""language"": ""FR"", ""question"": ""Melbourne"", ""response"": ""extrêmement familier"", ""data_type"": ""questionnaire"", ""session_id"": ""31cd2a37_2026-07-31_13-38-51"", ""questionnaire_id"": ""ChildOCQ""}"
3079,31cd2a37_2026-07-31_13-38-51,questionnaire,2026-07-31 12:04:56.127039+00,"{""language"": ""FR"", ""question"": ""La Côte d'Or"", ""response"": ""extrêmement familier"", ""data_type"": ""questionnaire"", ""session_id"": ""31cd2a37_2026-07-31_13-38-51"", ""questionnaire_id"": ""ChildOCQ""}"
3080,31cd2a37_2026-07-31_13-38-51,questionnaire,2026-07-31 12:04:56.127039+00,"{""language"": ""FR"", ""question"": ""pomme"", ""response"": ""extrêmement familier"", ""data_type"": ""questionnaire"", ""session_id"": ""31cd2a37_2026-07-31_13-38-51"", ""questionnaire_id"": ""ChildOCQ""}"
3081,31cd2a37_2026-07-31_13-38-51,questionnaire,2026-07-31 12:04:56.127039+00,"{""language"": ""FR"", ""question"": ""Disney World"", ""response"": ""extrêmement familier"", ""data_type"": ""questionnaire"", ""session_id"": ""31cd2a37_2026-07-31_13-38-51"", ""questionnaire_id"": ""ChildOCQ""}"
3082,31cd2a37_2026-07-31_13-38-51,questionnaire,2026-07-31 12:04:56.127039+00,"{""language"": ""FR"", ""question"": ""kangourou"", ""response"": ""extrêmement familier"", ""data_type"": ""questionnaire"", ""session_id"": ""31cd2a37_2026-07-31_13-38-51"", ""questionnaire_id"": ""ChildOCQ""}"
3083,31cd2a37_2026-07-31_13-38-51,questionnaire,2026-07-31 12:04:56.127039+00,"{""language"": ""FR"", ""question"": ""Batman"", ""response"": ""extrêmement familier"", ""data_type"": ""questionnaire"", ""session_id"": ""31cd2a37_2026-07-31_13-38-51"", ""questionnaire_id"": ""ChildOCQ""}"
3084,31cd2a37_2026-07-31_13-38-51,questionnaire,2026-07-31 12:04:56.127039+00,"{""language"": ""FR"", ""question"": ""crosoda"", ""response"": ""pas du tout familier"", ""data_type"": ""questionnaire"", ""session_id"": ""31cd2a37_2026-07-31_13-38-51"", ""questionnaire_id"": ""ChildOCQ""}"
3085,31cd2a37_2026-07-31_13-38-51,questionnaire,2026-07-31 12:04:56.127039+00,"{""language"": ""FR"", ""question"": ""Toowomba"", ""response"": ""pas du tout familier"", ""data_type"": ""questionnaire"", ""session_id"": ""31cd2a37_2026-07-31_13-38-51"", ""questionnaire_id"": ""ChildOCQ""}"
3086,31cd2a37_2026-07-31_13-38-51,questionnaire,2026-07-31 12:04:56.127039+00,"{""language"": ""FR"", ""question"": ""gâteau"", ""response"": ""extrêmement familier"", ""data_type"": ""questionnaire"", ""session_id"": ""31cd2a37_2026-07-31_13-38-51"", ""questionnaire_id"": ""ChildOCQ""}"
3087,31cd2a37_2026-07-31_13-38-51,questionnaire,2026-07-31 12:04:56.127039+00,"{""language"": ""FR"", ""question"": ""trompette"", ""response"": ""extrêmement familier"", ""data_type"": ""questionnaire"", ""session_id"": ""31cd2a37_2026-07-31_13-38-51"", ""questionnaire_id"": ""ChildOCQ""}"
3088,31cd2a37_2026-07-31_13-38-51,questionnaire,2026-07-31 12:04:56.127039+00,"{""language"": ""FR"", ""question"": ""steobit"", ""response"": ""pas du tout familier"", ""data_type"": ""questionnaire"", ""session_id"": ""31cd2a37_2026-07-31_13-38-51"", ""questionnaire_id"": ""ChildOCQ""}"
3089,31cd2a37_2026-07-31_13-38-51,questionnaire,2026-07-31 12:04:56.127039+00,"{""language"": ""FR"", ""question"": ""Ladybug"", ""response"": ""extrêmement familier"", ""data_type"": ""questionnaire"", ""session_id"": ""31cd2a37_2026-07-31_13-38-51"", ""questionnaire_id"": ""ChildOCQ""}"
3090,31cd2a37_2026-07-31_13-38-51,questionnaire,2026-07-31 12:04:56.127039+00,"{""language"": ""FR"", ""question"": ""bilbi"", ""response"": ""pas du tout familier"", ""data_type"": ""questionnaire"", ""session_id"": ""31cd2a37_2026-07-31_13-38-51"", ""questionnaire_id"": ""ChildOCQ""}"
3091,31cd2a37_2026-07-31_13-38-51,questionnaire,2026-07-31 12:04:56.127039+00,"{""language"": ""FR"", ""question"": ""chocolat"", ""response"": ""extrêmement familier"", ""data_type"": ""questionnaire"", ""session_id"": ""31cd2a37_2026-07-31_13-38-51"", ""questionnaire_id"": ""ChildOCQ""}"
3092,31cd2a37_2026-07-31_13-38-51,questionnaire,2026-07-31 12:04:56.127039+00,"{""language"": ""FR"", ""question"": ""flûte"", ""response"": ""extrêmement familier"", ""data_type"": ""questionnaire"", ""session_id"": ""31cd2a37_2026-07-31_13-38-51"", ""questionnaire_id"": ""ChildOCQ""}"
3093,31cd2a37_2026-07-31_13-38-51,questionnaire,2026-07-31 12:04:56.127039+00,"{""language"": ""FR"", ""question"": ""Springwater falls"", ""response"": ""extrêmement familier"", ""data_type"": ""questionnaire"", ""session_id"": ""31cd2a37_2026-07-31_13-38-51"", ""questionnaire_id"": ""ChildOCQ""}"
3094,31cd2a37_2026-07-31_13-38-51,questionnaire,2026-07-31 12:04:56.127039+00,"{""language"": ""FR"", ""question"": ""clarinette"", ""response"": ""extrêmement familier"", ""data_type"": ""questionnaire"", ""session_id"": ""31cd2a37_2026-07-31_13-38-51"", ""questionnaire_id"": ""ChildOCQ""}"
3095,31cd2a37_2026-07-31_13-38-51,questionnaire,2026-07-31 12:04:56.127039+00,"{""language"": ""FR"", ""question"": ""crosk"", ""response"": ""pas du tout familier"", ""data_type"": ""questionnaire"", ""session_id"": ""31cd2a37_2026-07-31_13-38-51"", ""questionnaire_id"": ""ChildOCQ""}"
3096,31cd2a37_2026-07-31_13-38-51,questionnaire,2026-07-31 12:04:56.127039+00,"{""language"": ""FR"", ""question"": ""pamplemousse"", ""response"": ""extrêmement familier"", ""data_type"": ""questionnaire"", ""session_id"": ""31cd2a37_2026-07-31_13-38-51"", ""questionnaire_id"": ""ChildOCQ""}"
3097,31cd2a37_2026-07-31_13-38-51,questionnaire,2026-07-31 12:04:56.127039+00,"{""language"": ""FR"", ""question"": ""Léon l'Agneau"", ""response"": ""assez familier"", ""data_type"": ""questionnaire"", ""session_id"": ""31cd2a37_2026-07-31_13-38-51"", ""questionnaire_id"": ""ChildOCQ""}"
3098,31cd2a37_2026-07-31_13-38-51,questionnaire,2026-07-31 12:04:56.127039+00,"{""language"": ""FR"", ""question"": ""osorin"", ""response"": ""pas du tout familier"", ""data_type"": ""questionnaire"", ""session_id"": ""31cd2a37_2026-07-31_13-38-51"", ""questionnaire_id"": ""ChildOCQ""}"
3099,31cd2a37_2026-07-31_13-38-51,questionnaire,2026-07-31 12:04:56.127039+00,"{""language"": ""FR"", ""question"": ""Buruwang"", ""response"": ""pas du tout familier"", ""data_type"": ""questionnaire"", ""session_id"": ""31cd2a37_2026-07-31_13-38-51"", ""questionnaire_id"": ""ChildOCQ""}"
3100,31cd2a37_2026-07-31_13-38-51,questionnaire,2026-07-31 12:04:56.127039+00,"{""language"": ""FR"", ""question"": ""Werrana"", ""response"": ""pas du tout familier"", ""data_type"": ""questionnaire"", ""session_id"": ""31cd2a37_2026-07-31_13-38-51"", ""questionnaire_id"": ""ChildOCQ""}"
3101,31cd2a37_2026-07-31_13-38-51,questionnaire,2026-07-31 12:04:56.127039+00,"{""language"": ""FR"", ""question"": ""araignée"", ""response"": ""extrêmement familier"", ""data_type"": ""questionnaire"", ""session_id"": ""31cd2a37_2026-07-31_13-38-51"", ""questionnaire_id"": ""ChildOCQ""}"
3102,31cd2a37_2026-07-31_13-38-51,questionnaire,2026-07-31 12:04:56.127039+00,"{""language"": ""FR"", ""question"": ""Supergirl"", ""response"": ""assez familier"", ""data_type"": ""questionnaire"", ""session_id"": ""31cd2a37_2026-07-31_13-38-51"", ""questionnaire_id"": ""ChildOCQ""}"
3103,31cd2a37_2026-07-31_13-38-51,questionnaire,2026-07-31 12:04:56.127039+00,"{""language"": ""FR"", ""question"": ""donbura"", ""response"": ""pas du tout familier"", ""data_type"": ""questionnaire"", ""session_id"": ""31cd2a37_2026-07-31_13-38-51"", ""questionnaire_id"": ""ChildOCQ""}"
3104,31cd2a37_2026-07-31_13-38-51,questionnaire,2026-07-31 12:04:56.127039+00,"{""language"": ""FR"", ""question"": ""macaronis au fromage"", ""response"": ""extrêmement familier"", ""data_type"": ""questionnaire"", ""session_id"": ""31cd2a37_2026-07-31_13-38-51"", ""questionnaire_id"": ""ChildOCQ""}"
3105,31cd2a37_2026-07-31_13-38-51,questionnaire,2026-07-31 12:04:56.127039+00,"{""language"": ""FR"", ""question"": ""Chine"", ""response"": ""extrêmement familier"", ""data_type"": ""questionnaire"", ""session_id"": ""31cd2a37_2026-07-31_13-38-51"", ""questionnaire_id"": ""ChildOCQ""}"
3106,31cd2a37_2026-07-31_13-38-51,questionnaire,2026-07-31 12:04:56.127039+00,"{""language"": ""FR"", ""question"": ""Reine Bernie"", ""response"": ""assez familier"", ""data_type"": ""questionnaire"", ""session_id"": ""31cd2a37_2026-07-31_13-38-51"", ""questionnaire_id"": ""ChildOCQ""}"
3107,31cd2a37_2026-07-31_13-38-51,questionnaire,2026-07-31 12:04:56.127039+00,"{""language"": ""FR"", ""question"": ""lapin"", ""response"": ""extrêmement familier"", ""data_type"": ""questionnaire"", ""session_id"": ""31cd2a37_2026-07-31_13-38-51"", ""questionnaire_id"": ""ChildOCQ""}"
3108,31cd2a37_2026-07-31_13-38-51,questionnaire,2026-07-31 12:05:37.186185+00,"{""language"": ""FR"", ""question"": ""J’utilise différentes stratégies d’apprentissage en fonction de la tâche à accomplir."", ""response"": ""Toujours"", ""data_type"": ""questionnaire"", ""session_id"": ""31cd2a37_2026-07-31_13-38-51"", ""questionnaire_id"": ""JrMAI""}"
3109,31cd2a37_2026-07-31_13-38-51,questionnaire,2026-07-31 12:05:37.186185+00,"{""language"": ""FR"", ""question"": ""Je sais quand je comprends quelque chose."", ""response"": ""Toujours"", ""data_type"": ""questionnaire"", ""session_id"": ""31cd2a37_2026-07-31_13-38-51"", ""questionnaire_id"": ""JrMAI""}"
3110,31cd2a37_2026-07-31_13-38-51,questionnaire,2026-07-31 12:05:37.186185+00,"{""language"": ""FR"", ""question"": ""Je vérifie de temps en temps que je vais bien pouvoir terminer mon travail à temps."", ""response"": ""Toujours"", ""data_type"": ""questionnaire"", ""session_id"": ""31cd2a37_2026-07-31_13-38-51"", ""questionnaire_id"": ""JrMAI""}"
3111,31cd2a37_2026-07-31_13-38-51,questionnaire,2026-07-31 12:05:37.186185+00,"{""language"": ""FR"", ""question"": ""Je m’interroge sur la qualité de mon travail pendant que j’apprends quelque chose de nouveau."", ""response"": ""Toujours"", ""data_type"": ""questionnaire"", ""session_id"": ""31cd2a37_2026-07-31_13-38-51"", ""questionnaire_id"": ""JrMAI""}"
3112,31cd2a37_2026-07-31_13-38-51,questionnaire,2026-07-31 12:05:37.186185+00,"{""language"": ""FR"", ""question"": ""Je suis capable d'apprendre quand j'en ai besoin."", ""response"": ""Toujours"", ""data_type"": ""questionnaire"", ""session_id"": ""31cd2a37_2026-07-31_13-38-51"", ""questionnaire_id"": ""JrMAI""}"
3113,31cd2a37_2026-07-31_13-38-51,questionnaire,2026-07-31 12:05:37.186185+00,"{""language"": ""FR"", ""question"": ""Une fois une tâche terminée, je me demande s’il y avait une manière plus simple de procéder."", ""response"": ""Toujours"", ""data_type"": ""questionnaire"", ""session_id"": ""31cd2a37_2026-07-31_13-38-51"", ""questionnaire_id"": ""JrMAI""}"
3114,31cd2a37_2026-07-31_13-38-51,questionnaire,2026-07-31 12:05:37.186185+00,"{""language"": ""FR"", ""question"": ""Je détermine ce que je dois accomplir avant de commencer une tâche."", ""response"": ""Toujours"", ""data_type"": ""questionnaire"", ""session_id"": ""31cd2a37_2026-07-31_13-38-51"", ""questionnaire_id"": ""JrMAI""}"
3115,31cd2a37_2026-07-31_13-38-51,questionnaire,2026-07-31 12:05:37.186185+00,"{""language"": ""FR"", ""question"": ""J'essaie d'utiliser des manières d'étudier qui ont déjà fait leurs preuves avec moi."", ""response"": ""Toujours"", ""data_type"": ""questionnaire"", ""session_id"": ""31cd2a37_2026-07-31_13-38-51"", ""questionnaire_id"": ""JrMAI""}"
3116,31cd2a37_2026-07-31_13-38-51,questionnaire,2026-07-31 12:05:37.186185+00,"{""language"": ""FR"", ""question"": ""J’apprends davantage lorsque le sujet m’intéresse."", ""response"": ""Toujours"", ""data_type"": ""questionnaire"", ""session_id"": ""31cd2a37_2026-07-31_13-38-51"", ""questionnaire_id"": ""JrMAI""}"
3117,31cd2a37_2026-07-31_13-38-51,questionnaire,2026-07-31 12:05:37.186185+00,"{""language"": ""FR"", ""question"": ""J'apprends mieux quand je connais déjà un peu le sujet."", ""response"": ""Toujours"", ""data_type"": ""questionnaire"", ""session_id"": ""31cd2a37_2026-07-31_13-38-51"", ""questionnaire_id"": ""JrMAI""}"
3118,31cd2a37_2026-07-31_13-38-51,questionnaire,2026-07-31 12:05:37.186185+00,"{""language"": ""FR"", ""question"": ""Je sais ce que le professeur attend de moi."", ""response"": ""Toujours"", ""data_type"": ""questionnaire"", ""session_id"": ""31cd2a37_2026-07-31_13-38-51"", ""questionnaire_id"": ""JrMAI""}"
3119,31cd2a37_2026-07-31_13-38-51,questionnaire,2026-07-31 12:05:37.186185+00,"{""language"": ""FR"", ""question"": ""Je réfléchis à ce que je dois apprendre avant de me mettre au travail."", ""response"": ""Toujours"", ""data_type"": ""questionnaire"", ""session_id"": ""31cd2a37_2026-07-31_13-38-51"", ""questionnaire_id"": ""JrMAI""}"
3120,31cd2a37_2026-07-31_13-38-51,questionnaire,2026-07-31 12:05:37.186185+00,"{""language"": ""FR"", ""question"": ""Je réfléchis à plusieurs façons de résoudre un problème, puis je choisis la meilleure."", ""response"": ""Toujours"", ""data_type"": ""questionnaire"", ""session_id"": ""31cd2a37_2026-07-31_13-38-51"", ""questionnaire_id"": ""JrMAI""}"
3121,31cd2a37_2026-07-31_13-38-51,questionnaire,2026-07-31 12:05:37.186185+00,"{""language"": ""FR"", ""question"": ""Je fais des dessins ou des schémas pour m'aider à comprendre pendant que j'apprends."", ""response"": ""Toujours"", ""data_type"": ""questionnaire"", ""session_id"": ""31cd2a37_2026-07-31_13-38-51"", ""questionnaire_id"": ""JrMAI""}"
3122,31cd2a37_2026-07-31_13-38-51,questionnaire,2026-07-31 12:05:37.186185+00,"{""language"": ""FR"", ""question"": ""Je prête vraiment attention aux informations importantes."", ""response"": ""Toujours"", ""data_type"": ""questionnaire"", ""session_id"": ""31cd2a37_2026-07-31_13-38-51"", ""questionnaire_id"": ""JrMAI""}"
3123,31cd2a37_2026-07-31_13-38-51,questionnaire,2026-07-31 12:05:37.186185+00,"{""language"": ""FR"", ""question"": ""J’utilise mes points forts en matière d’apprentissage pour compenser mes faiblesses."", ""response"": ""Toujours"", ""data_type"": ""questionnaire"", ""session_id"": ""31cd2a37_2026-07-31_13-38-51"", ""questionnaire_id"": ""JrMAI""}"
3124,31cd2a37_2026-07-31_13-38-51,questionnaire,2026-07-31 12:05:37.186185+00,"{""language"": ""FR"", ""question"": ""Il m’arrive parfois d’utiliser des stratégies d’apprentissage sans y réfléchir."", ""response"": ""Toujours"", ""data_type"": ""questionnaire"", ""session_id"": ""31cd2a37_2026-07-31_13-38-51"", ""questionnaire_id"": ""JrMAI""}"
3125,31cd2a37_2026-07-31_13-38-51,questionnaire,2026-07-31 12:05:37.186185+00,"{""language"": ""FR"", ""question"": ""Quand j'ai terminé mon travail scolaire, je me demande si j'ai appris ce que je voulais apprendre."", ""response"": ""Toujours"", ""data_type"": ""questionnaire"", ""session_id"": ""31cd2a37_2026-07-31_13-38-51"", ""questionnaire_id"": ""JrMAI""}"
3126,31cd2a37_2026-07-31_13-38-51,questionnaire,2026-07-31 12:07:23.821372+00,"{""language"": ""FR"", ""question"": ""Les autres sont faibles."", ""response"": ""neutre"", ""data_type"": ""questionnaire"", ""session_id"": ""31cd2a37_2026-07-31_13-38-51"", ""questionnaire_id"": ""SelfReferenceParadigm-Phase1""}"
3127,31cd2a37_2026-07-31_13-38-51,questionnaire,2026-07-31 12:07:23.821372+00,"{""language"": ""FR"", ""question"": ""Je suis raisonnable."", ""response"": ""neutre"", ""data_type"": ""questionnaire"", ""session_id"": ""31cd2a37_2026-07-31_13-38-51"", ""questionnaire_id"": ""SelfReferenceParadigm-Phase1""}"
3128,31cd2a37_2026-07-31_13-38-51,questionnaire,2026-07-31 12:07:23.821372+00,"{""language"": ""FR"", ""question"": ""Les autres sont intrépides."", ""response"": ""neutre"", ""data_type"": ""questionnaire"", ""session_id"": ""31cd2a37_2026-07-31_13-38-51"", ""questionnaire_id"": ""SelfReferenceParadigm-Phase1""}"
3129,31cd2a37_2026-07-31_13-38-51,questionnaire,2026-07-31 12:07:23.821372+00,"{""language"": ""FR"", ""question"": ""Je suis imprécis."", ""response"": ""neutre"", ""data_type"": ""questionnaire"", ""session_id"": ""31cd2a37_2026-07-31_13-38-51"", ""questionnaire_id"": ""SelfReferenceParadigm-Phase1""}"
3130,31cd2a37_2026-07-31_13-38-51,questionnaire,2026-07-31 12:07:23.821372+00,"{""language"": ""FR"", ""question"": ""Les autres sont ouverts d’esprit.."", ""response"": ""neutre"", ""data_type"": ""questionnaire"", ""session_id"": ""31cd2a37_2026-07-31_13-38-51"", ""questionnaire_id"": ""SelfReferenceParadigm-Phase1""}"
3131,31cd2a37_2026-07-31_13-38-51,questionnaire,2026-07-31 12:07:23.821372+00,"{""language"": ""FR"", ""question"": ""Je suis soumis."", ""response"": ""neutre"", ""data_type"": ""questionnaire"", ""session_id"": ""31cd2a37_2026-07-31_13-38-51"", ""questionnaire_id"": ""SelfReferenceParadigm-Phase1""}"
3132,31cd2a37_2026-07-31_13-38-51,questionnaire,2026-07-31 12:07:23.821372+00,"{""language"": ""FR"", ""question"": ""Les autres sont propres."", ""response"": ""neutre"", ""data_type"": ""questionnaire"", ""session_id"": ""31cd2a37_2026-07-31_13-38-51"", ""questionnaire_id"": ""SelfReferenceParadigm-Phase1""}"
3133,31cd2a37_2026-07-31_13-38-51,questionnaire,2026-07-31 12:07:23.821372+00,"{""language"": ""FR"", ""question"": ""Les autres sont hésitants."", ""response"": ""neutre"", ""data_type"": ""questionnaire"", ""session_id"": ""31cd2a37_2026-07-31_13-38-51"", ""questionnaire_id"": ""SelfReferenceParadigm-Phase1""}"
3134,31cd2a37_2026-07-31_13-38-51,questionnaire,2026-07-31 12:07:23.821372+00,"{""language"": ""FR"", ""question"": ""Je suis incivil."", ""response"": ""neutre"", ""data_type"": ""questionnaire"", ""session_id"": ""31cd2a37_2026-07-31_13-38-51"", ""questionnaire_id"": ""SelfReferenceParadigm-Phase1""}"
3135,31cd2a37_2026-07-31_13-38-51,questionnaire,2026-07-31 12:07:23.821372+00,"{""language"": ""FR"", ""question"": ""Je suis logique."", ""response"": ""neutre"", ""data_type"": ""questionnaire"", ""session_id"": ""31cd2a37_2026-07-31_13-38-51"", ""questionnaire_id"": ""SelfReferenceParadigm-Phase1""}"
3136,31cd2a37_2026-07-31_13-38-51,questionnaire,2026-07-31 12:07:23.821372+00,"{""language"": ""FR"", ""question"": ""Je suis timide."", ""response"": ""neutre"", ""data_type"": ""questionnaire"", ""session_id"": ""31cd2a37_2026-07-31_13-38-51"", ""questionnaire_id"": ""SelfReferenceParadigm-Phase1""}"
3137,31cd2a37_2026-07-31_13-38-51,questionnaire,2026-07-31 12:07:23.821372+00,"{""language"": ""FR"", ""question"": ""Les autres sont indéciss."", ""response"": ""neutre"", ""data_type"": ""questionnaire"", ""session_id"": ""31cd2a37_2026-07-31_13-38-51"", ""questionnaire_id"": ""SelfReferenceParadigm-Phase1""}"
3138,31cd2a37_2026-07-31_13-38-51,questionnaire,2026-07-31 12:07:23.821372+00,"{""language"": ""FR"", ""question"": ""Je suis généreux."", ""response"": ""neutre"", ""data_type"": ""questionnaire"", ""session_id"": ""31cd2a37_2026-07-31_13-38-51"", ""questionnaire_id"": ""SelfReferenceParadigm-Phase1""}"
3139,31cd2a37_2026-07-31_13-38-51,questionnaire,2026-07-31 12:07:23.821372+00,"{""language"": ""FR"", ""question"": ""Les autres sont plein d’humour."", ""response"": ""neutre"", ""data_type"": ""questionnaire"", ""session_id"": ""31cd2a37_2026-07-31_13-38-51"", ""questionnaire_id"": ""SelfReferenceParadigm-Phase1""}"
3140,31cd2a37_2026-07-31_13-38-51,questionnaire,2026-07-31 12:07:23.821372+00,"{""language"": ""FR"", ""question"": ""Je suis querelleur."", ""response"": ""neutre"", ""data_type"": ""questionnaire"", ""session_id"": ""31cd2a37_2026-07-31_13-38-51"", ""questionnaire_id"": ""SelfReferenceParadigm-Phase1""}"
3141,31cd2a37_2026-07-31_13-38-51,questionnaire,2026-07-31 12:07:23.821372+00,"{""language"": ""FR"", ""question"": ""Les autres sont polis."", ""response"": ""neutre"", ""data_type"": ""questionnaire"", ""session_id"": ""31cd2a37_2026-07-31_13-38-51"", ""questionnaire_id"": ""SelfReferenceParadigm-Phase1""}"
3142,31cd2a37_2026-07-31_13-38-51,questionnaire,2026-07-31 12:07:23.821372+00,"{""language"": ""FR"", ""question"": ""Les autres sont bruyants."", ""response"": ""neutre"", ""data_type"": ""questionnaire"", ""session_id"": ""31cd2a37_2026-07-31_13-38-51"", ""questionnaire_id"": ""SelfReferenceParadigm-Phase1""}"
3143,31cd2a37_2026-07-31_13-38-51,questionnaire,2026-07-31 12:07:23.821372+00,"{""language"": ""FR"", ""question"": ""Les autres sont distraits."", ""response"": ""neutre"", ""data_type"": ""questionnaire"", ""session_id"": ""31cd2a37_2026-07-31_13-38-51"", ""questionnaire_id"": ""SelfReferenceParadigm-Phase1""}"
3144,31cd2a37_2026-07-31_13-38-51,questionnaire,2026-07-31 12:07:23.821372+00,"{""language"": ""FR"", ""question"": ""Je suis vif."", ""response"": ""neutre"", ""data_type"": ""questionnaire"", ""session_id"": ""31cd2a37_2026-07-31_13-38-51"", ""questionnaire_id"": ""SelfReferenceParadigm-Phase1""}"
3145,31cd2a37_2026-07-31_13-38-51,questionnaire,2026-07-31 12:07:23.821372+00,"{""language"": ""FR"", ""question"": ""Les autres sont ambitieux."", ""response"": ""neutre"", ""data_type"": ""questionnaire"", ""session_id"": ""31cd2a37_2026-07-31_13-38-51"", ""questionnaire_id"": ""SelfReferenceParadigm-Phase1""}"
3146,31cd2a37_2026-07-31_13-38-51,questionnaire,2026-07-31 12:07:23.821372+00,"{""language"": ""FR"", ""question"": ""Les autres sont habiles."", ""response"": ""neutre"", ""data_type"": ""questionnaire"", ""session_id"": ""31cd2a37_2026-07-31_13-38-51"", ""questionnaire_id"": ""SelfReferenceParadigm-Phase1""}"
3147,31cd2a37_2026-07-31_13-38-51,questionnaire,2026-07-31 12:07:23.821372+00,"{""language"": ""FR"", ""question"": ""Je suis agaçant."", ""response"": ""neutre"", ""data_type"": ""questionnaire"", ""session_id"": ""31cd2a37_2026-07-31_13-38-51"", ""questionnaire_id"": ""SelfReferenceParadigm-Phase1""}"
3148,31cd2a37_2026-07-31_13-38-51,questionnaire,2026-07-31 12:07:23.821372+00,"{""language"": ""FR"", ""question"": ""Les autres sont fiables."", ""response"": ""neutre"", ""data_type"": ""questionnaire"", ""session_id"": ""31cd2a37_2026-07-31_13-38-51"", ""questionnaire_id"": ""SelfReferenceParadigm-Phase1""}"
3149,31cd2a37_2026-07-31_13-38-51,questionnaire,2026-07-31 12:07:23.821372+00,"{""language"": ""FR"", ""question"": ""Je suis sincère."", ""response"": ""neutre"", ""data_type"": ""questionnaire"", ""session_id"": ""31cd2a37_2026-07-31_13-38-51"", ""questionnaire_id"": ""SelfReferenceParadigm-Phase1""}"
3150,31cd2a37_2026-07-31_13-38-51,questionnaire,2026-07-31 12:07:23.821372+00,"{""language"": ""FR"", ""question"": ""Les autres sont frustrés."", ""response"": ""neutre"", ""data_type"": ""questionnaire"", ""session_id"": ""31cd2a37_2026-07-31_13-38-51"", ""questionnaire_id"": ""SelfReferenceParadigm-Phase1""}"
3151,31cd2a37_2026-07-31_13-38-51,questionnaire,2026-07-31 12:07:23.821372+00,"{""language"": ""FR"", ""question"": ""Je suis persuasif."", ""response"": ""neutre"", ""data_type"": ""questionnaire"", ""session_id"": ""31cd2a37_2026-07-31_13-38-51"", ""questionnaire_id"": ""SelfReferenceParadigm-Phase1""}"
3152,31cd2a37_2026-07-31_13-38-51,questionnaire,2026-07-31 12:07:23.821372+00,"{""language"": ""FR"", ""question"": ""Je suis bien élevé."", ""response"": ""neutre"", ""data_type"": ""questionnaire"", ""session_id"": ""31cd2a37_2026-07-31_13-38-51"", ""questionnaire_id"": ""SelfReferenceParadigm-Phase1""}"
3153,31cd2a37_2026-07-31_13-38-51,questionnaire,2026-07-31 12:07:23.821372+00,"{""language"": ""FR"", ""question"": ""Je suis fiable."", ""response"": ""neutre"", ""data_type"": ""questionnaire"", ""session_id"": ""31cd2a37_2026-07-31_13-38-51"", ""questionnaire_id"": ""SelfReferenceParadigm-Phase1""}"
3154,31cd2a37_2026-07-31_13-38-51,questionnaire,2026-07-31 12:07:23.821372+00,"{""language"": ""FR"", ""question"": ""Je suis désordonné."", ""response"": ""neutre"", ""data_type"": ""questionnaire"", ""session_id"": ""31cd2a37_2026-07-31_13-38-51"", ""questionnaire_id"": ""SelfReferenceParadigm-Phase1""}"
3155,31cd2a37_2026-07-31_13-38-51,questionnaire,2026-07-31 12:07:23.821372+00,"{""language"": ""FR"", ""question"": ""Je suis gentil."", ""response"": ""neutre"", ""data_type"": ""questionnaire"", ""session_id"": ""31cd2a37_2026-07-31_13-38-51"", ""questionnaire_id"": ""SelfReferenceParadigm-Phase1""}"
3156,31cd2a37_2026-07-31_13-38-51,questionnaire,2026-07-31 12:07:23.821372+00,"{""language"": ""FR"", ""question"": ""Les autres sont compétents."", ""response"": ""neutre"", ""data_type"": ""questionnaire"", ""session_id"": ""31cd2a37_2026-07-31_13-38-51"", ""questionnaire_id"": ""SelfReferenceParadigm-Phase1""}"
3157,31cd2a37_2026-07-31_13-38-51,questionnaire,2026-07-31 12:07:23.821372+00,"{""language"": ""FR"", ""question"": ""Les autres sont mensongers."", ""response"": ""neutre"", ""data_type"": ""questionnaire"", ""session_id"": ""31cd2a37_2026-07-31_13-38-51"", ""questionnaire_id"": ""SelfReferenceParadigm-Phase1""}"
3158,31cd2a37_2026-07-31_13-38-51,questionnaire,2026-07-31 12:07:23.821372+00,"{""language"": ""FR"", ""question"": ""Je suis strict."", ""response"": ""neutre"", ""data_type"": ""questionnaire"", ""session_id"": ""31cd2a37_2026-07-31_13-38-51"", ""questionnaire_id"": ""SelfReferenceParadigm-Phase1""}"
3159,31cd2a37_2026-07-31_13-38-51,questionnaire,2026-07-31 12:07:23.821372+00,"{""language"": ""FR"", ""question"": ""Je suis envieux."", ""response"": ""neutre"", ""data_type"": ""questionnaire"", ""session_id"": ""31cd2a37_2026-07-31_13-38-51"", ""questionnaire_id"": ""SelfReferenceParadigm-Phase1""}"
3160,31cd2a37_2026-07-31_13-38-51,questionnaire,2026-07-31 12:07:23.821372+00,"{""language"": ""FR"", ""question"": ""Les autres sont exceptionnels."", ""response"": ""neutre"", ""data_type"": ""questionnaire"", ""session_id"": ""31cd2a37_2026-07-31_13-38-51"", ""questionnaire_id"": ""SelfReferenceParadigm-Phase1""}"
3161,31cd2a37_2026-07-31_13-38-51,questionnaire,2026-07-31 12:07:23.821372+00,"{""language"": ""FR"", ""question"": ""Les autres sont pessimistes."", ""response"": ""neutre"", ""data_type"": ""questionnaire"", ""session_id"": ""31cd2a37_2026-07-31_13-38-51"", ""questionnaire_id"": ""SelfReferenceParadigm-Phase1""}"
3162,31cd2a37_2026-07-31_13-38-51,questionnaire,2026-07-31 12:07:23.821372+00,"{""language"": ""FR"", ""question"": ""Je suis opportuniste."", ""response"": ""neutre"", ""data_type"": ""questionnaire"", ""session_id"": ""31cd2a37_2026-07-31_13-38-51"", ""questionnaire_id"": ""SelfReferenceParadigm-Phase1""}"
3163,31cd2a37_2026-07-31_13-38-51,questionnaire,2026-07-31 12:07:23.821372+00,"{""language"": ""FR"", ""question"": ""Les autres sont excentriques."", ""response"": ""neutre"", ""data_type"": ""questionnaire"", ""session_id"": ""31cd2a37_2026-07-31_13-38-51"", ""questionnaire_id"": ""SelfReferenceParadigm-Phase1""}"
3164,31cd2a37_2026-07-31_13-38-51,questionnaire,2026-07-31 12:07:23.821372+00,"{""language"": ""FR"", ""question"": ""Les autres sont honnêtes."", ""response"": ""neutre"", ""data_type"": ""questionnaire"", ""session_id"": ""31cd2a37_2026-07-31_13-38-51"", ""questionnaire_id"": ""SelfReferenceParadigm-Phase1""}"
3165,31cd2a37_2026-07-31_13-38-51,questionnaire,2026-07-31 12:07:23.821372+00,"{""language"": ""FR"", ""question"": ""Je suis optimiste."", ""response"": ""neutre"", ""data_type"": ""questionnaire"", ""session_id"": ""31cd2a37_2026-07-31_13-38-51"", ""questionnaire_id"": ""SelfReferenceParadigm-Phase1""}"
3166,31cd2a37_2026-07-31_13-38-51,questionnaire,2026-07-31 12:07:23.821372+00,"{""language"": ""FR"", ""question"": ""Je suis asocial."", ""response"": ""neutre"", ""data_type"": ""questionnaire"", ""session_id"": ""31cd2a37_2026-07-31_13-38-51"", ""questionnaire_id"": ""SelfReferenceParadigm-Phase1""}"
3167,31cd2a37_2026-07-31_13-38-51,questionnaire,2026-07-31 12:07:23.821372+00,"{""language"": ""FR"", ""question"": ""Les autres sont impopulaires."", ""response"": ""neutre"", ""data_type"": ""questionnaire"", ""session_id"": ""31cd2a37_2026-07-31_13-38-51"", ""questionnaire_id"": ""SelfReferenceParadigm-Phase1""}"
3168,31cd2a37_2026-07-31_13-38-51,questionnaire,2026-07-31 12:07:23.821372+00,"{""language"": ""FR"", ""question"": ""Je suis extraverti."", ""response"": ""neutre"", ""data_type"": ""questionnaire"", ""session_id"": ""31cd2a37_2026-07-31_13-38-51"", ""questionnaire_id"": ""SelfReferenceParadigm-Phase1""}"
3169,31cd2a37_2026-07-31_13-38-51,questionnaire,2026-07-31 12:07:23.821372+00,"{""language"": ""FR"", ""question"": ""Je suis détendu."", ""response"": ""neutre"", ""data_type"": ""questionnaire"", ""session_id"": ""31cd2a37_2026-07-31_13-38-51"", ""questionnaire_id"": ""SelfReferenceParadigm-Phase1""}"
3170,31cd2a37_2026-07-31_13-38-51,questionnaire,2026-07-31 12:07:23.821372+00,"{""language"": ""FR"", ""question"": ""Les autres sont inadaptés."", ""response"": ""neutre"", ""data_type"": ""questionnaire"", ""session_id"": ""31cd2a37_2026-07-31_13-38-51"", ""questionnaire_id"": ""SelfReferenceParadigm-Phase1""}"
3171,31cd2a37_2026-07-31_13-38-51,questionnaire,2026-07-31 12:07:23.821372+00,"{""language"": ""FR"", ""question"": ""Je suis moraliste."", ""response"": ""neutre"", ""data_type"": ""questionnaire"", ""session_id"": ""31cd2a37_2026-07-31_13-38-51"", ""questionnaire_id"": ""SelfReferenceParadigm-Phase1""}"
3172,31cd2a37_2026-07-31_13-38-51,questionnaire,2026-07-31 12:07:23.821372+00,"{""language"": ""FR"", ""question"": ""Je suis réaliste."", ""response"": ""neutre"", ""data_type"": ""questionnaire"", ""session_id"": ""31cd2a37_2026-07-31_13-38-51"", ""questionnaire_id"": ""SelfReferenceParadigm-Phase1""}"
3173,31cd2a37_2026-07-31_13-38-51,questionnaire,2026-07-31 12:07:23.821372+00,"{""language"": ""FR"", ""question"": ""Je suis pas gentil."", ""response"": ""neutre"", ""data_type"": ""questionnaire"", ""session_id"": ""31cd2a37_2026-07-31_13-38-51"", ""questionnaire_id"": ""SelfReferenceParadigm-Phase1""}"
3174,31cd2a37_2026-07-31_13-38-51,questionnaire,2026-07-31 12:07:23.821372+00,"{""language"": ""FR"", ""question"": ""Je suis nerveux."", ""response"": ""neutre"", ""data_type"": ""questionnaire"", ""session_id"": ""31cd2a37_2026-07-31_13-38-51"", ""questionnaire_id"": ""SelfReferenceParadigm-Phase1""}"
3175,31cd2a37_2026-07-31_13-38-51,questionnaire,2026-07-31 12:07:23.821372+00,"{""language"": ""FR"", ""question"": ""Les autres sont coopératifs."", ""response"": ""neutre"", ""data_type"": ""questionnaire"", ""session_id"": ""31cd2a37_2026-07-31_13-38-51"", ""questionnaire_id"": ""SelfReferenceParadigm-Phase1""}"
3176,31cd2a37_2026-07-31_13-38-51,questionnaire,2026-07-31 12:07:23.821372+00,"{""language"": ""FR"", ""question"": ""Les autres sont autoritaires."", ""response"": ""neutre"", ""data_type"": ""questionnaire"", ""session_id"": ""31cd2a37_2026-07-31_13-38-51"", ""questionnaire_id"": ""SelfReferenceParadigm-Phase1""}"
3177,31cd2a37_2026-07-31_13-38-51,questionnaire,2026-07-31 12:07:23.821372+00,"{""language"": ""FR"", ""question"": ""Les autres sont chanceux."", ""response"": ""neutre"", ""data_type"": ""questionnaire"", ""session_id"": ""31cd2a37_2026-07-31_13-38-51"", ""questionnaire_id"": ""SelfReferenceParadigm-Phase1""}"
3178,31cd2a37_2026-07-31_13-38-51,questionnaire,2026-07-31 12:07:23.821372+00,"{""language"": ""FR"", ""question"": ""Les autres sont optimistes."", ""response"": ""neutre"", ""data_type"": ""questionnaire"", ""session_id"": ""31cd2a37_2026-07-31_13-38-51"", ""questionnaire_id"": ""SelfReferenceParadigm-Phase1""}"
3179,31cd2a37_2026-07-31_13-38-51,questionnaire,2026-07-31 12:07:23.821372+00,"{""language"": ""FR"", ""question"": ""Je suis inventif."", ""response"": ""neutre"", ""data_type"": ""questionnaire"", ""session_id"": ""31cd2a37_2026-07-31_13-38-51"", ""questionnaire_id"": ""SelfReferenceParadigm-Phase1""}"
3180,31cd2a37_2026-07-31_13-38-51,questionnaire,2026-07-31 12:07:23.821372+00,"{""language"": ""FR"", ""question"": ""Je suis agréable."", ""response"": ""neutre"", ""data_type"": ""questionnaire"", ""session_id"": ""31cd2a37_2026-07-31_13-38-51"", ""questionnaire_id"": ""SelfReferenceParadigm-Phase1""}"
3181,31cd2a37_2026-07-31_13-38-51,questionnaire,2026-07-31 12:07:23.821372+00,"{""language"": ""FR"", ""question"": ""Les autres sont vantards."", ""response"": ""neutre"", ""data_type"": ""questionnaire"", ""session_id"": ""31cd2a37_2026-07-31_13-38-51"", ""questionnaire_id"": ""SelfReferenceParadigm-Phase1""}"
3182,31cd2a37_2026-07-31_13-38-51,questionnaire,2026-07-31 12:07:23.821372+00,"{""language"": ""FR"", ""question"": ""Je suis mature."", ""response"": ""neutre"", ""data_type"": ""questionnaire"", ""session_id"": ""31cd2a37_2026-07-31_13-38-51"", ""questionnaire_id"": ""SelfReferenceParadigm-Phase1""}"
3183,31cd2a37_2026-07-31_13-38-51,questionnaire,2026-07-31 12:07:23.821372+00,"{""language"": ""FR"", ""question"": ""Les autres sont actifs."", ""response"": ""neutre"", ""data_type"": ""questionnaire"", ""session_id"": ""31cd2a37_2026-07-31_13-38-51"", ""questionnaire_id"": ""SelfReferenceParadigm-Phase1""}"
3184,31cd2a37_2026-07-31_13-38-51,questionnaire,2026-07-31 12:07:23.821372+00,"{""language"": ""FR"", ""question"": ""Je suis rusé."", ""response"": ""neutre"", ""data_type"": ""questionnaire"", ""session_id"": ""31cd2a37_2026-07-31_13-38-51"", ""questionnaire_id"": ""SelfReferenceParadigm-Phase1""}"
3185,31cd2a37_2026-07-31_13-38-51,questionnaire,2026-07-31 12:07:23.821372+00,"{""language"": ""FR"", ""question"": ""Les autres sont clownesques."", ""response"": ""neutre"", ""data_type"": ""questionnaire"", ""session_id"": ""31cd2a37_2026-07-31_13-38-51"", ""questionnaire_id"": ""SelfReferenceParadigm-Phase1""}"
3186,31cd2a37_2026-07-31_13-38-51,questionnaire,2026-07-31 12:07:23.821372+00,"{""language"": ""FR"", ""question"": ""Les autres sont responsables."", ""response"": ""neutre"", ""data_type"": ""questionnaire"", ""session_id"": ""31cd2a37_2026-07-31_13-38-51"", ""questionnaire_id"": ""SelfReferenceParadigm-Phase1""}"
3187,31cd2a37_2026-07-31_13-38-51,questionnaire,2026-07-31 12:07:23.821372+00,"{""language"": ""FR"", ""question"": ""Les autres sont colériques."", ""response"": ""neutre"", ""data_type"": ""questionnaire"", ""session_id"": ""31cd2a37_2026-07-31_13-38-51"", ""questionnaire_id"": ""SelfReferenceParadigm-Phase1""}"
3188,31cd2a37_2026-07-31_13-38-51,questionnaire,2026-07-31 12:07:23.821372+00,"{""language"": ""FR"", ""question"": ""Je suis sans. cœur"", ""response"": ""neutre"", ""data_type"": ""questionnaire"", ""session_id"": ""31cd2a37_2026-07-31_13-38-51"", ""questionnaire_id"": ""SelfReferenceParadigm-Phase1""}"
3189,31cd2a37_2026-07-31_13-38-51,questionnaire,2026-07-31 12:07:23.821372+00,"{""language"": ""FR"", ""question"": ""Les autres sont efficaces."", ""response"": ""neutre"", ""data_type"": ""questionnaire"", ""session_id"": ""31cd2a37_2026-07-31_13-38-51"", ""questionnaire_id"": ""SelfReferenceParadigm-Phase1""}"
3190,31cd2a37_2026-07-31_13-38-51,questionnaire,2026-07-31 12:07:23.821372+00,"{""language"": ""FR"", ""question"": ""Les autres sont calmes."", ""response"": ""neutre"", ""data_type"": ""questionnaire"", ""session_id"": ""31cd2a37_2026-07-31_13-38-51"", ""questionnaire_id"": ""SelfReferenceParadigm-Phase1""}"
3191,31cd2a37_2026-07-31_13-38-51,questionnaire,2026-07-31 12:07:23.821372+00,"{""language"": ""FR"", ""question"": ""Les autres sont irresponsables."", ""response"": ""neutre"", ""data_type"": ""questionnaire"", ""session_id"": ""31cd2a37_2026-07-31_13-38-51"", ""questionnaire_id"": ""SelfReferenceParadigm-Phase1""}"
3192,31cd2a37_2026-07-31_13-38-51,questionnaire,2026-07-31 12:07:23.821372+00,"{""language"": ""FR"", ""question"": ""Les autres sont désobéissants."", ""response"": ""neutre"", ""data_type"": ""questionnaire"", ""session_id"": ""31cd2a37_2026-07-31_13-38-51"", ""questionnaire_id"": ""SelfReferenceParadigm-Phase1""}"
3193,31cd2a37_2026-07-31_13-38-51,questionnaire,2026-07-31 12:07:23.821372+00,"{""language"": ""FR"", ""question"": ""Je suis méthodique."", ""response"": ""neutre"", ""data_type"": ""questionnaire"", ""session_id"": ""31cd2a37_2026-07-31_13-38-51"", ""questionnaire_id"": ""SelfReferenceParadigm-Phase1""}"
3194,31cd2a37_2026-07-31_13-38-51,questionnaire,2026-07-31 12:07:23.821372+00,"{""language"": ""FR"", ""question"": ""Les autres sont brillants."", ""response"": ""neutre"", ""data_type"": ""questionnaire"", ""session_id"": ""31cd2a37_2026-07-31_13-38-51"", ""questionnaire_id"": ""SelfReferenceParadigm-Phase1""}"
3195,31cd2a37_2026-07-31_13-38-51,questionnaire,2026-07-31 12:07:23.821372+00,"{""language"": ""FR"", ""question"": ""Les autres sont entêtés."", ""response"": ""neutre"", ""data_type"": ""questionnaire"", ""session_id"": ""31cd2a37_2026-07-31_13-38-51"", ""questionnaire_id"": ""SelfReferenceParadigm-Phase1""}"
3196,31cd2a37_2026-07-31_13-38-51,questionnaire,2026-07-31 12:07:23.821372+00,"{""language"": ""FR"", ""question"": ""Les autres sont sociables."", ""response"": ""neutre"", ""data_type"": ""questionnaire"", ""session_id"": ""31cd2a37_2026-07-31_13-38-51"", ""questionnaire_id"": ""SelfReferenceParadigm-Phase1""}"
3197,31cd2a37_2026-07-31_13-38-51,questionnaire,2026-07-31 12:07:23.821372+00,"{""language"": ""FR"", ""question"": ""Je suis artistique."", ""response"": ""neutre"", ""data_type"": ""questionnaire"", ""session_id"": ""31cd2a37_2026-07-31_13-38-51"", ""questionnaire_id"": ""SelfReferenceParadigm-Phase1""}"
3198,31cd2a37_2026-07-31_13-38-51,questionnaire,2026-07-31 12:07:23.821372+00,"{""language"": ""FR"", ""question"": ""Je suis agité."", ""response"": ""neutre"", ""data_type"": ""questionnaire"", ""session_id"": ""31cd2a37_2026-07-31_13-38-51"", ""questionnaire_id"": ""SelfReferenceParadigm-Phase1""}"
3199,31cd2a37_2026-07-31_13-38-51,questionnaire,2026-07-31 12:07:23.821372+00,"{""language"": ""FR"", ""question"": ""Je suis hostile."", ""response"": ""neutre"", ""data_type"": ""questionnaire"", ""session_id"": ""31cd2a37_2026-07-31_13-38-51"", ""questionnaire_id"": ""SelfReferenceParadigm-Phase1""}"
3200,31cd2a37_2026-07-31_13-38-51,questionnaire,2026-07-31 12:07:23.821372+00,"{""language"": ""FR"", ""question"": ""Je suis silencieux."", ""response"": ""neutre"", ""data_type"": ""questionnaire"", ""session_id"": ""31cd2a37_2026-07-31_13-38-51"", ""questionnaire_id"": ""SelfReferenceParadigm-Phase1""}"
3201,31cd2a37_2026-07-31_13-38-51,questionnaire,2026-07-31 12:07:23.821372+00,"{""language"": ""FR"", ""question"": ""Je suis impoli."", ""response"": ""neutre"", ""data_type"": ""questionnaire"", ""session_id"": ""31cd2a37_2026-07-31_13-38-51"", ""questionnaire_id"": ""SelfReferenceParadigm-Phase1""}"
3202,31cd2a37_2026-07-31_13-38-51,questionnaire,2026-07-31 12:07:23.821372+00,"{""language"": ""FR"", ""question"": ""Je suis préoccupé."", ""response"": ""neutre"", ""data_type"": ""questionnaire"", ""session_id"": ""31cd2a37_2026-07-31_13-38-51"", ""questionnaire_id"": ""SelfReferenceParadigm-Phase1""}"
3203,31cd2a37_2026-07-31_13-38-51,questionnaire,2026-07-31 12:07:23.821372+00,"{""language"": ""FR"", ""question"": ""Les autres sont méchants."", ""response"": ""neutre"", ""data_type"": ""questionnaire"", ""session_id"": ""31cd2a37_2026-07-31_13-38-51"", ""questionnaire_id"": ""SelfReferenceParadigm-Phase1""}"
3204,31cd2a37_2026-07-31_13-38-51,questionnaire,2026-07-31 12:07:23.821372+00,"{""language"": ""FR"", ""question"": ""Les autres sont sûrs de soi."", ""response"": ""neutre"", ""data_type"": ""questionnaire"", ""session_id"": ""31cd2a37_2026-07-31_13-38-51"", ""questionnaire_id"": ""SelfReferenceParadigm-Phase1""}"
3205,31cd2a37_2026-07-31_13-38-51,questionnaire,2026-07-31 12:07:23.821372+00,"{""language"": ""FR"", ""question"": ""Je suis prudent."", ""response"": ""neutre"", ""data_type"": ""questionnaire"", ""session_id"": ""31cd2a37_2026-07-31_13-38-51"", ""questionnaire_id"": ""SelfReferenceParadigm-Phase1""}"
3206,31cd2a37_2026-07-31_13-38-51,self_reference,2026-07-31 12:09:41.102047+00,"{""item"": ""strict"", ""language"": ""FR"", ""subphase"": ""2a"", ""data_type"": ""self_reference"", ""item_index"": 0, ""session_id"": ""31cd2a37_2026-07-31_13-38-51"", ""choice_text"": ""Nouveau"", ""choice_index"": 0}"
3207,31cd2a37_2026-07-31_13-38-51,self_reference,2026-07-31 12:09:41.102047+00,"{""item"": ""inaccurate"", ""language"": ""FR"", ""subphase"": ""2a"", ""data_type"": ""self_reference"", ""item_index"": 1, ""session_id"": ""31cd2a37_2026-07-31_13-38-51"", ""choice_text"": ""Nouveau"", ""choice_index"": 0}"
3208,31cd2a37_2026-07-31_13-38-51,self_reference,2026-07-31 12:09:41.102047+00,"{""item"": ""irritating"", ""language"": ""FR"", ""subphase"": ""2a"", ""data_type"": ""self_reference"", ""item_index"": 2, ""session_id"": ""31cd2a37_2026-07-31_13-38-51"", ""choice_text"": ""Nouveau"", ""choice_index"": 0}"
3209,31cd2a37_2026-07-31_13-38-51,self_reference,2026-07-31 12:09:41.102047+00,"{""item"": ""messy"", ""language"": ""FR"", ""subphase"": ""2a"", ""data_type"": ""self_reference"", ""item_index"": 3, ""session_id"": ""31cd2a37_2026-07-31_13-38-51"", ""choice_text"": ""Nouveau"", ""choice_index"": 0}"
3210,31cd2a37_2026-07-31_13-38-51,self_reference,2026-07-31 12:09:41.102047+00,"{""item"": ""argumentative"", ""language"": ""FR"", ""subphase"": ""2a"", ""data_type"": ""self_reference"", ""item_index"": 4, ""session_id"": ""31cd2a37_2026-07-31_13-38-51"", ""choice_text"": ""Nouveau"", ""choice_index"": 0}"
3211,31cd2a37_2026-07-31_13-38-51,self_reference,2026-07-31 12:09:41.102047+00,"{""item"": ""timid"", ""language"": ""FR"", ""subphase"": ""2a"", ""data_type"": ""self_reference"", ""item_index"": 5, ""session_id"": ""31cd2a37_2026-07-31_13-38-51"", ""choice_text"": ""Nouveau"", ""choice_index"": 0}"
3212,31cd2a37_2026-07-31_13-38-51,self_reference,2026-07-31 12:09:41.102047+00,"{""item"": ""hostile"", ""language"": ""FR"", ""subphase"": ""2a"", ""data_type"": ""self_reference"", ""item_index"": 6, ""session_id"": ""31cd2a37_2026-07-31_13-38-51"", ""choice_text"": ""Nouveau"", ""choice_index"": 0}"
3213,31cd2a37_2026-07-31_13-38-51,self_reference,2026-07-31 12:09:41.102047+00,"{""item"": ""submissive"", ""language"": ""FR"", ""subphase"": ""2a"", ""data_type"": ""self_reference"", ""item_index"": 7, ""session_id"": ""31cd2a37_2026-07-31_13-38-51"", ""choice_text"": ""Nouveau"", ""choice_index"": 0}"
3214,31cd2a37_2026-07-31_13-38-51,self_reference,2026-07-31 12:09:41.102047+00,"{""item"": ""preoccupied"", ""language"": ""FR"", ""subphase"": ""2a"", ""data_type"": ""self_reference"", ""item_index"": 8, ""session_id"": ""31cd2a37_2026-07-31_13-38-51"", ""choice_text"": ""Nouveau"", ""choice_index"": 0}"
3215,31cd2a37_2026-07-31_13-38-51,self_reference,2026-07-31 12:09:41.102047+00,"{""item"": ""impolite"", ""language"": ""FR"", ""subphase"": ""2a"", ""data_type"": ""self_reference"", ""item_index"": 9, ""session_id"": ""31cd2a37_2026-07-31_13-38-51"", ""choice_text"": ""Nouveau"", ""choice_index"": 0}"
3216,31cd2a37_2026-07-31_13-38-51,self_reference,2026-07-31 12:09:41.102047+00,"{""item"": ""unkind"", ""language"": ""FR"", ""subphase"": ""2a"", ""data_type"": ""self_reference"", ""item_index"": 10, ""session_id"": ""31cd2a37_2026-07-31_13-38-51"", ""choice_text"": ""Nouveau"", ""choice_index"": 0}"
3217,31cd2a37_2026-07-31_13-38-51,self_reference,2026-07-31 12:09:41.102047+00,"{""item"": ""uncivil"", ""language"": ""FR"", ""subphase"": ""2a"", ""data_type"": ""self_reference"", ""item_index"": 11, ""session_id"": ""31cd2a37_2026-07-31_13-38-51"", ""choice_text"": ""Nouveau"", ""choice_index"": 0}"
3218,31cd2a37_2026-07-31_13-38-51,self_reference,2026-07-31 12:09:41.102047+00,"{""item"": ""restless"", ""language"": ""FR"", ""subphase"": ""2a"", ""data_type"": ""self_reference"", ""item_index"": 12, ""session_id"": ""31cd2a37_2026-07-31_13-38-51"", ""choice_text"": ""Nouveau"", ""choice_index"": 0}"
3219,31cd2a37_2026-07-31_13-38-51,self_reference,2026-07-31 12:09:41.102047+00,"{""item"": ""nervous"", ""language"": ""FR"", ""subphase"": ""2a"", ""data_type"": ""self_reference"", ""item_index"": 13, ""session_id"": ""31cd2a37_2026-07-31_13-38-51"", ""choice_text"": ""Nouveau"", ""choice_index"": 0}"
3220,31cd2a37_2026-07-31_13-38-51,self_reference,2026-07-31 12:09:41.102047+00,"{""item"": ""heartless"", ""language"": ""FR"", ""subphase"": ""2a"", ""data_type"": ""self_reference"", ""item_index"": 14, ""session_id"": ""31cd2a37_2026-07-31_13-38-51"", ""choice_text"": ""Nouveau"", ""choice_index"": 0}"
3221,31cd2a37_2026-07-31_13-38-51,self_reference,2026-07-31 12:09:41.102047+00,"{""item"": ""opportunist"", ""language"": ""FR"", ""subphase"": ""2a"", ""data_type"": ""self_reference"", ""item_index"": 15, ""session_id"": ""31cd2a37_2026-07-31_13-38-51"", ""choice_text"": ""Nouveau"", ""choice_index"": 0}"
3222,31cd2a37_2026-07-31_13-38-51,self_reference,2026-07-31 12:09:41.102047+00,"{""item"": ""envious"", ""language"": ""FR"", ""subphase"": ""2a"", ""data_type"": ""self_reference"", ""item_index"": 16, ""session_id"": ""31cd2a37_2026-07-31_13-38-51"", ""choice_text"": ""Nouveau"", ""choice_index"": 0}"
3223,31cd2a37_2026-07-31_13-38-51,self_reference,2026-07-31 12:09:41.102047+00,"{""item"": ""silent"", ""language"": ""FR"", ""subphase"": ""2a"", ""data_type"": ""self_reference"", ""item_index"": 17, ""session_id"": ""31cd2a37_2026-07-31_13-38-51"", ""choice_text"": ""Nouveau"", ""choice_index"": 0}"
3224,31cd2a37_2026-07-31_13-38-51,self_reference,2026-07-31 12:09:41.102047+00,"{""item"": ""unsociable"", ""language"": ""FR"", ""subphase"": ""2a"", ""data_type"": ""self_reference"", ""item_index"": 18, ""session_id"": ""31cd2a37_2026-07-31_13-38-51"", ""choice_text"": ""Nouveau"", ""choice_index"": 0}"
3225,31cd2a37_2026-07-31_13-38-51,self_reference,2026-07-31 12:09:41.102047+00,"{""item"": ""sly"", ""language"": ""FR"", ""subphase"": ""2a"", ""data_type"": ""self_reference"", ""item_index"": 19, ""session_id"": ""31cd2a37_2026-07-31_13-38-51"", ""choice_text"": ""Nouveau"", ""choice_index"": 0}"
3226,31cd2a37_2026-07-31_13-38-51,self_reference,2026-07-31 12:09:41.102047+00,"{""item"": ""bragging"", ""language"": ""FR"", ""subphase"": ""2a"", ""data_type"": ""self_reference"", ""item_index"": 20, ""session_id"": ""31cd2a37_2026-07-31_13-38-51"", ""choice_text"": ""Nouveau"", ""choice_index"": 0}"
3227,31cd2a37_2026-07-31_13-38-51,self_reference,2026-07-31 12:09:41.102047+00,"{""item"": ""mean"", ""language"": ""FR"", ""subphase"": ""2a"", ""data_type"": ""self_reference"", ""item_index"": 21, ""session_id"": ""31cd2a37_2026-07-31_13-38-51"", ""choice_text"": ""Nouveau"", ""choice_index"": 0}"
3228,31cd2a37_2026-07-31_13-38-51,self_reference,2026-07-31 12:09:41.102047+00,"{""item"": ""bossy"", ""language"": ""FR"", ""subphase"": ""2a"", ""data_type"": ""self_reference"", ""item_index"": 22, ""session_id"": ""31cd2a37_2026-07-31_13-38-51"", ""choice_text"": ""Nouveau"", ""choice_index"": 0}"
3229,31cd2a37_2026-07-31_13-38-51,self_reference,2026-07-31 12:09:41.102047+00,"{""item"": ""hesitant"", ""language"": ""FR"", ""subphase"": ""2a"", ""data_type"": ""self_reference"", ""item_index"": 23, ""session_id"": ""31cd2a37_2026-07-31_13-38-51"", ""choice_text"": ""Nouveau"", ""choice_index"": 0}"
3230,31cd2a37_2026-07-31_13-38-51,self_reference,2026-07-31 12:09:41.102047+00,"{""item"": ""obstinate"", ""language"": ""FR"", ""subphase"": ""2a"", ""data_type"": ""self_reference"", ""item_index"": 24, ""session_id"": ""31cd2a37_2026-07-31_13-38-51"", ""choice_text"": ""Nouveau"", ""choice_index"": 0}"
3231,31cd2a37_2026-07-31_13-38-51,self_reference,2026-07-31 12:09:41.102047+00,"{""item"": ""irresponsible"", ""language"": ""FR"", ""subphase"": ""2a"", ""data_type"": ""self_reference"", ""item_index"": 25, ""session_id"": ""31cd2a37_2026-07-31_13-38-51"", ""choice_text"": ""Nouveau"", ""choice_index"": 0}"
3232,31cd2a37_2026-07-31_13-38-51,self_reference,2026-07-31 12:09:41.102047+00,"{""item"": ""eccentric"", ""language"": ""FR"", ""subphase"": ""2a"", ""data_type"": ""self_reference"", ""item_index"": 26, ""session_id"": ""31cd2a37_2026-07-31_13-38-51"", ""choice_text"": ""Nouveau"", ""choice_index"": 0}"
3233,31cd2a37_2026-07-31_13-38-51,self_reference,2026-07-31 12:09:41.102047+00,"{""item"": ""clownish"", ""language"": ""FR"", ""subphase"": ""2a"", ""data_type"": ""self_reference"", ""item_index"": 27, ""session_id"": ""31cd2a37_2026-07-31_13-38-51"", ""choice_text"": ""Nouveau"", ""choice_index"": 0}"
3234,31cd2a37_2026-07-31_13-38-51,self_reference,2026-07-31 12:09:41.102047+00,"{""item"": ""unreliable"", ""language"": ""FR"", ""subphase"": ""2a"", ""data_type"": ""self_reference"", ""item_index"": 28, ""session_id"": ""31cd2a37_2026-07-31_13-38-51"", ""choice_text"": ""Nouveau"", ""choice_index"": 0}"
3235,31cd2a37_2026-07-31_13-38-51,self_reference,2026-07-31 12:09:41.102047+00,"{""item"": ""misfit"", ""language"": ""FR"", ""subphase"": ""2a"", ""data_type"": ""self_reference"", ""item_index"": 29, ""session_id"": ""31cd2a37_2026-07-31_13-38-51"", ""choice_text"": ""Nouveau"", ""choice_index"": 0}"
3236,31cd2a37_2026-07-31_13-38-51,self_reference,2026-07-31 12:09:41.102047+00,"{""item"": ""frustrated"", ""language"": ""FR"", ""subphase"": ""2a"", ""data_type"": ""self_reference"", ""item_index"": 30, ""session_id"": ""31cd2a37_2026-07-31_13-38-51"", ""choice_text"": ""Nouveau"", ""choice_index"": 0}"
3237,31cd2a37_2026-07-31_13-38-51,self_reference,2026-07-31 12:09:41.102047+00,"{""item"": ""disobedient"", ""language"": ""FR"", ""subphase"": ""2a"", ""data_type"": ""self_reference"", ""item_index"": 31, ""session_id"": ""31cd2a37_2026-07-31_13-38-51"", ""choice_text"": ""Nouveau"", ""choice_index"": 0}"
3238,31cd2a37_2026-07-31_13-38-51,self_reference,2026-07-31 12:09:41.102047+00,"{""item"": ""weak"", ""language"": ""FR"", ""subphase"": ""2a"", ""data_type"": ""self_reference"", ""item_index"": 32, ""session_id"": ""31cd2a37_2026-07-31_13-38-51"", ""choice_text"": ""Nouveau"", ""choice_index"": 0}"
3239,31cd2a37_2026-07-31_13-38-51,self_reference,2026-07-31 12:09:41.102047+00,"{""item"": ""pessimistic"", ""language"": ""FR"", ""subphase"": ""2a"", ""data_type"": ""self_reference"", ""item_index"": 33, ""session_id"": ""31cd2a37_2026-07-31_13-38-51"", ""choice_text"": ""Nouveau"", ""choice_index"": 0}"
3240,31cd2a37_2026-07-31_13-38-51,self_reference,2026-07-31 12:09:41.102047+00,"{""item"": ""untruthful"", ""language"": ""FR"", ""subphase"": ""2a"", ""data_type"": ""self_reference"", ""item_index"": 34, ""session_id"": ""31cd2a37_2026-07-31_13-38-51"", ""choice_text"": ""Nouveau"", ""choice_index"": 0}"
3241,31cd2a37_2026-07-31_13-38-51,self_reference,2026-07-31 12:09:41.102047+00,"{""item"": ""short-tempered"", ""language"": ""FR"", ""subphase"": ""2a"", ""data_type"": ""self_reference"", ""item_index"": 35, ""session_id"": ""31cd2a37_2026-07-31_13-38-51"", ""choice_text"": ""Nouveau"", ""choice_index"": 0}"
3242,31cd2a37_2026-07-31_13-38-51,self_reference,2026-07-31 12:09:41.102047+00,"{""item"": ""noisy"", ""language"": ""FR"", ""subphase"": ""2a"", ""data_type"": ""self_reference"", ""item_index"": 36, ""session_id"": ""31cd2a37_2026-07-31_13-38-51"", ""choice_text"": ""Nouveau"", ""choice_index"": 0}"
3243,31cd2a37_2026-07-31_13-38-51,self_reference,2026-07-31 12:09:41.102047+00,"{""item"": ""indecisive"", ""language"": ""FR"", ""subphase"": ""2a"", ""data_type"": ""self_reference"", ""item_index"": 37, ""session_id"": ""31cd2a37_2026-07-31_13-38-51"", ""choice_text"": ""Nouveau"", ""choice_index"": 0}"
3244,31cd2a37_2026-07-31_13-38-51,self_reference,2026-07-31 12:09:41.102047+00,"{""item"": ""unpopular"", ""language"": ""FR"", ""subphase"": ""2a"", ""data_type"": ""self_reference"", ""item_index"": 38, ""session_id"": ""31cd2a37_2026-07-31_13-38-51"", ""choice_text"": ""Nouveau"", ""choice_index"": 0}"
3245,31cd2a37_2026-07-31_13-38-51,self_reference,2026-07-31 12:09:41.102047+00,"{""item"": ""absent-minded"", ""language"": ""FR"", ""subphase"": ""2a"", ""data_type"": ""self_reference"", ""item_index"": 39, ""session_id"": ""31cd2a37_2026-07-31_13-38-51"", ""choice_text"": ""Nouveau"", ""choice_index"": 0}"
3246,31cd2a37_2026-07-31_13-38-51,self_reference,2026-07-31 12:09:41.102047+00,"{""item"": ""outgoing"", ""language"": ""FR"", ""subphase"": ""2a"", ""data_type"": ""self_reference"", ""item_index"": 40, ""session_id"": ""31cd2a37_2026-07-31_13-38-51"", ""choice_text"": ""Nouveau"", ""choice_index"": 0}"
3247,31cd2a37_2026-07-31_13-38-51,self_reference,2026-07-31 12:09:41.102047+00,"{""item"": ""logical"", ""language"": ""FR"", ""subphase"": ""2a"", ""data_type"": ""self_reference"", ""item_index"": 41, ""session_id"": ""31cd2a37_2026-07-31_13-38-51"", ""choice_text"": ""Nouveau"", ""choice_index"": 0}"
3248,31cd2a37_2026-07-31_13-38-51,self_reference,2026-07-31 12:09:41.102047+00,"{""item"": ""quick"", ""language"": ""FR"", ""subphase"": ""2a"", ""data_type"": ""self_reference"", ""item_index"": 42, ""session_id"": ""31cd2a37_2026-07-31_13-38-51"", ""choice_text"": ""Nouveau"", ""choice_index"": 0}"
3249,31cd2a37_2026-07-31_13-38-51,self_reference,2026-07-31 12:09:41.102047+00,"{""item"": ""mature"", ""language"": ""FR"", ""subphase"": ""2a"", ""data_type"": ""self_reference"", ""item_index"": 43, ""session_id"": ""31cd2a37_2026-07-31_13-38-51"", ""choice_text"": ""Nouveau"", ""choice_index"": 0}"
3250,31cd2a37_2026-07-31_13-38-51,self_reference,2026-07-31 12:09:41.102047+00,"{""item"": ""artistic"", ""language"": ""FR"", ""subphase"": ""2a"", ""data_type"": ""self_reference"", ""item_index"": 44, ""session_id"": ""31cd2a37_2026-07-31_13-38-51"", ""choice_text"": ""Nouveau"", ""choice_index"": 0}"
3251,31cd2a37_2026-07-31_13-38-51,self_reference,2026-07-31 12:09:41.102047+00,"{""item"": ""prudent"", ""language"": ""FR"", ""subphase"": ""2a"", ""data_type"": ""self_reference"", ""item_index"": 45, ""session_id"": ""31cd2a37_2026-07-31_13-38-51"", ""choice_text"": ""Nouveau"", ""choice_index"": 0}"
3252,31cd2a37_2026-07-31_13-38-51,self_reference,2026-07-31 12:09:41.102047+00,"{""item"": ""moralistic"", ""language"": ""FR"", ""subphase"": ""2a"", ""data_type"": ""self_reference"", ""item_index"": 46, ""session_id"": ""31cd2a37_2026-07-31_13-38-51"", ""choice_text"": ""Nouveau"", ""choice_index"": 0}"
3253,31cd2a37_2026-07-31_13-38-51,self_reference,2026-07-31 12:09:41.102047+00,"{""item"": ""inventive"", ""language"": ""FR"", ""subphase"": ""2a"", ""data_type"": ""self_reference"", ""item_index"": 47, ""session_id"": ""31cd2a37_2026-07-31_13-38-51"", ""choice_text"": ""Nouveau"", ""choice_index"": 0}"
3254,31cd2a37_2026-07-31_13-38-51,self_reference,2026-07-31 12:09:41.102047+00,"{""item"": ""hopeful"", ""language"": ""FR"", ""subphase"": ""2a"", ""data_type"": ""self_reference"", ""item_index"": 48, ""session_id"": ""31cd2a37_2026-07-31_13-38-51"", ""choice_text"": ""Nouveau"", ""choice_index"": 0}"
3255,31cd2a37_2026-07-31_13-38-51,self_reference,2026-07-31 12:09:41.102047+00,"{""item"": ""sincere"", ""language"": ""FR"", ""subphase"": ""2a"", ""data_type"": ""self_reference"", ""item_index"": 49, ""session_id"": ""31cd2a37_2026-07-31_13-38-51"", ""choice_text"": ""Nouveau"", ""choice_index"": 0}"
3256,31cd2a37_2026-07-31_13-38-51,self_reference,2026-07-31 12:09:41.102047+00,"{""item"": ""persuasive"", ""language"": ""FR"", ""subphase"": ""2a"", ""data_type"": ""self_reference"", ""item_index"": 50, ""session_id"": ""31cd2a37_2026-07-31_13-38-51"", ""choice_text"": ""Nouveau"", ""choice_index"": 0}"
3257,31cd2a37_2026-07-31_13-38-51,self_reference,2026-07-31 12:09:41.102047+00,"{""item"": ""methodical"", ""language"": ""FR"", ""subphase"": ""2a"", ""data_type"": ""self_reference"", ""item_index"": 51, ""session_id"": ""31cd2a37_2026-07-31_13-38-51"", ""choice_text"": ""Nouveau"", ""choice_index"": 0}"
3258,31cd2a37_2026-07-31_13-38-51,self_reference,2026-07-31 12:09:41.102047+00,"{""item"": ""relaxed"", ""language"": ""FR"", ""subphase"": ""2a"", ""data_type"": ""self_reference"", ""item_index"": 52, ""session_id"": ""31cd2a37_2026-07-31_13-38-51"", ""choice_text"": ""Nouveau"", ""choice_index"": 0}"
3259,31cd2a37_2026-07-31_13-38-51,self_reference,2026-07-31 12:09:41.102047+00,"{""item"": ""generous"", ""language"": ""FR"", ""subphase"": ""2a"", ""data_type"": ""self_reference"", ""item_index"": 53, ""session_id"": ""31cd2a37_2026-07-31_13-38-51"", ""choice_text"": ""Nouveau"", ""choice_index"": 0}"
3260,31cd2a37_2026-07-31_13-38-51,self_reference,2026-07-31 12:09:41.102047+00,"{""item"": ""agreeable"", ""language"": ""FR"", ""subphase"": ""2a"", ""data_type"": ""self_reference"", ""item_index"": 54, ""session_id"": ""31cd2a37_2026-07-31_13-38-51"", ""choice_text"": ""Nouveau"", ""choice_index"": 0}"
3261,31cd2a37_2026-07-31_13-38-51,self_reference,2026-07-31 12:09:41.102047+00,"{""item"": ""realist"", ""language"": ""FR"", ""subphase"": ""2a"", ""data_type"": ""self_reference"", ""item_index"": 55, ""session_id"": ""31cd2a37_2026-07-31_13-38-51"", ""choice_text"": ""Nouveau"", ""choice_index"": 0}"
3262,31cd2a37_2026-07-31_13-38-51,self_reference,2026-07-31 12:09:41.102047+00,"{""item"": ""well-mannered"", ""language"": ""FR"", ""subphase"": ""2a"", ""data_type"": ""self_reference"", ""item_index"": 56, ""session_id"": ""31cd2a37_2026-07-31_13-38-51"", ""choice_text"": ""Nouveau"", ""choice_index"": 0}"
3263,31cd2a37_2026-07-31_13-38-51,self_reference,2026-07-31 12:09:41.102047+00,"{""item"": ""reasonable"", ""language"": ""FR"", ""subphase"": ""2a"", ""data_type"": ""self_reference"", ""item_index"": 57, ""session_id"": ""31cd2a37_2026-07-31_13-38-51"", ""choice_text"": ""Nouveau"", ""choice_index"": 0}"
3264,31cd2a37_2026-07-31_13-38-51,self_reference,2026-07-31 12:09:41.102047+00,"{""item"": ""kind"", ""language"": ""FR"", ""subphase"": ""2a"", ""data_type"": ""self_reference"", ""item_index"": 58, ""session_id"": ""31cd2a37_2026-07-31_13-38-51"", ""choice_text"": ""Nouveau"", ""choice_index"": 0}"
3265,31cd2a37_2026-07-31_13-38-51,self_reference,2026-07-31 12:09:41.102047+00,"{""item"": ""reliable"", ""language"": ""FR"", ""subphase"": ""2a"", ""data_type"": ""self_reference"", ""item_index"": 59, ""session_id"": ""31cd2a37_2026-07-31_13-38-51"", ""choice_text"": ""Nouveau"", ""choice_index"": 0}"
3266,31cd2a37_2026-07-31_13-38-51,self_reference,2026-07-31 12:09:41.102047+00,"{""item"": ""skillful"", ""language"": ""FR"", ""subphase"": ""2a"", ""data_type"": ""self_reference"", ""item_index"": 60, ""session_id"": ""31cd2a37_2026-07-31_13-38-51"", ""choice_text"": ""Nouveau"", ""choice_index"": 0}"
3267,31cd2a37_2026-07-31_13-38-51,self_reference,2026-07-31 12:09:41.102047+00,"{""item"": ""polite"", ""language"": ""FR"", ""subphase"": ""2a"", ""data_type"": ""self_reference"", ""item_index"": 61, ""session_id"": ""31cd2a37_2026-07-31_13-38-51"", ""choice_text"": ""Nouveau"", ""choice_index"": 0}"
3268,31cd2a37_2026-07-31_13-38-51,self_reference,2026-07-31 12:09:41.102047+00,"{""item"": ""lucky"", ""language"": ""FR"", ""subphase"": ""2a"", ""data_type"": ""self_reference"", ""item_index"": 62, ""session_id"": ""31cd2a37_2026-07-31_13-38-51"", ""choice_text"": ""Nouveau"", ""choice_index"": 0}"
3269,31cd2a37_2026-07-31_13-38-51,self_reference,2026-07-31 12:09:41.102047+00,"{""item"": ""self-confident"", ""language"": ""FR"", ""subphase"": ""2a"", ""data_type"": ""self_reference"", ""item_index"": 63, ""session_id"": ""31cd2a37_2026-07-31_13-38-51"", ""choice_text"": ""Nouveau"", ""choice_index"": 0}"
3270,31cd2a37_2026-07-31_13-38-51,self_reference,2026-07-31 12:09:41.102047+00,"{""item"": ""fearless"", ""language"": ""FR"", ""subphase"": ""2a"", ""data_type"": ""self_reference"", ""item_index"": 64, ""session_id"": ""31cd2a37_2026-07-31_13-38-51"", ""choice_text"": ""Nouveau"", ""choice_index"": 0}"
3271,31cd2a37_2026-07-31_13-38-51,self_reference,2026-07-31 12:09:41.102047+00,"{""item"": ""clean"", ""language"": ""FR"", ""subphase"": ""2a"", ""data_type"": ""self_reference"", ""item_index"": 65, ""session_id"": ""31cd2a37_2026-07-31_13-38-51"", ""choice_text"": ""Nouveau"", ""choice_index"": 0}"
3272,31cd2a37_2026-07-31_13-38-51,self_reference,2026-07-31 12:09:41.102047+00,"{""item"": ""honest"", ""language"": ""FR"", ""subphase"": ""2a"", ""data_type"": ""self_reference"", ""item_index"": 66, ""session_id"": ""31cd2a37_2026-07-31_13-38-51"", ""choice_text"": ""Nouveau"", ""choice_index"": 0}"
3273,31cd2a37_2026-07-31_13-38-51,self_reference,2026-07-31 12:09:41.102047+00,"{""item"": ""competent"", ""language"": ""FR"", ""subphase"": ""2a"", ""data_type"": ""self_reference"", ""item_index"": 67, ""session_id"": ""31cd2a37_2026-07-31_13-38-51"", ""choice_text"": ""Nouveau"", ""choice_index"": 0}"
3274,31cd2a37_2026-07-31_13-38-51,self_reference,2026-07-31 12:09:41.102047+00,"{""item"": ""optimistic"", ""language"": ""FR"", ""subphase"": ""2a"", ""data_type"": ""self_reference"", ""item_index"": 68, ""session_id"": ""31cd2a37_2026-07-31_13-38-51"", ""choice_text"": ""Nouveau"", ""choice_index"": 0}"
3275,31cd2a37_2026-07-31_13-38-51,self_reference,2026-07-31 12:09:41.102047+00,"{""item"": ""bright"", ""language"": ""FR"", ""subphase"": ""2a"", ""data_type"": ""self_reference"", ""item_index"": 69, ""session_id"": ""31cd2a37_2026-07-31_13-38-51"", ""choice_text"": ""Nouveau"", ""choice_index"": 0}"
3276,31cd2a37_2026-07-31_13-38-51,self_reference,2026-07-31 12:09:41.102047+00,"{""item"": ""open-minded"", ""language"": ""FR"", ""subphase"": ""2a"", ""data_type"": ""self_reference"", ""item_index"": 70, ""session_id"": ""31cd2a37_2026-07-31_13-38-51"", ""choice_text"": ""Nouveau"", ""choice_index"": 0}"
3277,31cd2a37_2026-07-31_13-38-51,self_reference,2026-07-31 12:09:41.102047+00,"{""item"": ""cooperative"", ""language"": ""FR"", ""subphase"": ""2a"", ""data_type"": ""self_reference"", ""item_index"": 71, ""session_id"": ""31cd2a37_2026-07-31_13-38-51"", ""choice_text"": ""Nouveau"", ""choice_index"": 0}"
3278,31cd2a37_2026-07-31_13-38-51,self_reference,2026-07-31 12:09:41.102047+00,"{""item"": ""social"", ""language"": ""FR"", ""subphase"": ""2a"", ""data_type"": ""self_reference"", ""item_index"": 72, ""session_id"": ""31cd2a37_2026-07-31_13-38-51"", ""choice_text"": ""Nouveau"", ""choice_index"": 0}"
3279,31cd2a37_2026-07-31_13-38-51,self_reference,2026-07-31 12:09:41.102047+00,"{""item"": ""efficient"", ""language"": ""FR"", ""subphase"": ""2a"", ""data_type"": ""self_reference"", ""item_index"": 73, ""session_id"": ""31cd2a37_2026-07-31_13-38-51"", ""choice_text"": ""Nouveau"", ""choice_index"": 0}"
3280,31cd2a37_2026-07-31_13-38-51,self_reference,2026-07-31 12:09:41.102047+00,"{""item"": ""active"", ""language"": ""FR"", ""subphase"": ""2a"", ""data_type"": ""self_reference"", ""item_index"": 74, ""session_id"": ""31cd2a37_2026-07-31_13-38-51"", ""choice_text"": ""Nouveau"", ""choice_index"": 0}"
3281,31cd2a37_2026-07-31_13-38-51,self_reference,2026-07-31 12:09:41.102047+00,"{""item"": ""ambitious"", ""language"": ""FR"", ""subphase"": ""2a"", ""data_type"": ""self_reference"", ""item_index"": 75, ""session_id"": ""31cd2a37_2026-07-31_13-38-51"", ""choice_text"": ""Nouveau"", ""choice_index"": 0}"
3282,31cd2a37_2026-07-31_13-38-51,self_reference,2026-07-31 12:09:41.102047+00,"{""item"": ""outstanding"", ""language"": ""FR"", ""subphase"": ""2a"", ""data_type"": ""self_reference"", ""item_index"": 76, ""session_id"": ""31cd2a37_2026-07-31_13-38-51"", ""choice_text"": ""Nouveau"", ""choice_index"": 0}"
3283,31cd2a37_2026-07-31_13-38-51,self_reference,2026-07-31 12:09:41.102047+00,"{""item"": ""responsible"", ""language"": ""FR"", ""subphase"": ""2a"", ""data_type"": ""self_reference"", ""item_index"": 77, ""session_id"": ""31cd2a37_2026-07-31_13-38-51"", ""choice_text"": ""Nouveau"", ""choice_index"": 0}"
3284,31cd2a37_2026-07-31_13-38-51,self_reference,2026-07-31 12:09:41.102047+00,"{""item"": ""calm"", ""language"": ""FR"", ""subphase"": ""2a"", ""data_type"": ""self_reference"", ""item_index"": 78, ""session_id"": ""31cd2a37_2026-07-31_13-38-51"", ""choice_text"": ""Nouveau"", ""choice_index"": 0}"
3285,31cd2a37_2026-07-31_13-38-51,self_reference,2026-07-31 12:09:41.102047+00,"{""item"": ""humorous"", ""language"": ""FR"", ""subphase"": ""2a"", ""data_type"": ""self_reference"", ""item_index"": 79, ""session_id"": ""31cd2a37_2026-07-31_13-38-51"", ""choice_text"": ""Nouveau"", ""choice_index"": 0}"
3286,3e381b91_2026-08-31_18-02-20,questionnaire,2026-08-31 16:02:25.915628+00,"{""language"": ""EN"", ""question"": ""epsilon"", ""response"": ""0.1"", ""data_type"": ""questionnaire"", ""session_id"": ""3e381b91_2026-08-31_18-02-20"", ""questionnaire_id"": ""customization""}"
3287,3e381b91_2026-08-31_18-02-20,questionnaire,2026-08-31 16:02:25.915628+00,"{""language"": ""EN"", ""question"": ""uncoveredObject"", ""response"": ""flower_marguerite_0 (UnityEngine.GameObject)"", ""data_type"": ""questionnaire"", ""session_id"": ""3e381b91_2026-08-31_18-02-20"", ""questionnaire_id"": ""customization""}"
3288,3e381b91_2026-08-31_18-02-20,questionnaire,2026-08-31 16:02:25.915628+00,"{""language"": ""EN"", ""question"": ""container"", ""response"": ""pot_small_0 (UnityEngine.GameObject)"", ""data_type"": ""questionnaire"", ""session_id"": ""3e381b91_2026-08-31_18-02-20"", ""questionnaire_id"": ""customization""}"
3289,882e7ac0_2026-09-01_10-32-35,exploration,2026-09-01 08:36:00.145409+00,"{""trial"": 0, ""language"": ""FR"", ""data_type"": ""exploration"", ""position_x"": 6.5, ""position_y"": 7.865001, ""session_id"": ""882e7ac0_2026-09-01_10-32-35"", ""actual_value"": 66, ""position_rowID"": 6, ""predicted_value"": 50, ""position_columnID"": 6}"
3290,882e7ac0_2026-09-01_10-32-35,exploration,2026-09-01 08:36:00.145409+00,"{""trial"": 0, ""language"": ""FR"", ""data_type"": ""exploration"", ""position_x"": 0.155, ""position_y"": -2.17, ""session_id"": ""882e7ac0_2026-09-01_10-32-35"", ""actual_value"": 66, ""position_rowID"": 1, ""predicted_value"": 50, ""position_columnID"": 1}"
3291,882e7ac0_2026-09-01_10-32-35,exploration,2026-09-01 08:36:00.145409+00,"{""trial"": 0, ""language"": ""FR"", ""data_type"": ""exploration"", ""position_x"": 0.1700001, ""position_y"": -3.595, ""session_id"": ""882e7ac0_2026-09-01_10-32-35"", ""actual_value"": 97, ""position_rowID"": 0, ""predicted_value"": 1, ""position_columnID"": 0}"
3292,882e7ac0_2026-09-01_10-32-35,exploration,2026-09-01 08:36:00.145409+00,"{""trial"": 0, ""language"": ""FR"", ""data_type"": ""exploration"", ""position_x"": 0.1700001, ""position_y"": -3.595, ""session_id"": ""882e7ac0_2026-09-01_10-32-35"", ""actual_value"": 97, ""position_rowID"": 0, ""predicted_value"": 50, ""position_columnID"": 0}"
3293,882e7ac0_2026-09-01_10-32-35,questionnaire,2026-09-01 08:36:00.145409+00,"{""language"": ""FR"", ""question"": ""epsilon"", ""response"": ""0,1"", ""data_type"": ""questionnaire"", ""session_id"": ""882e7ac0_2026-09-01_10-32-35"", ""questionnaire_id"": ""customization""}"
3294,882e7ac0_2026-09-01_10-32-35,questionnaire,2026-09-01 08:36:00.145409+00,"{""language"": ""FR"", ""question"": ""uncoveredObject"", ""response"": ""flower_sunflower_0 (UnityEngine.GameObject)"", ""data_type"": ""questionnaire"", ""session_id"": ""882e7ac0_2026-09-01_10-32-35"", ""questionnaire_id"": ""customization""}"
3295,882e7ac0_2026-09-01_10-32-35,questionnaire,2026-09-01 08:36:00.145409+00,"{""language"": ""FR"", ""question"": ""container"", ""response"": ""pot_wood_0 (UnityEngine.GameObject)"", ""data_type"": ""questionnaire"", ""session_id"": ""882e7ac0_2026-09-01_10-32-35"", ""questionnaire_id"": ""customization""}"
3296,36bc591c_2026-09-02_18-04-35,questionnaire,2026-09-02 16:05:14.92271+00,"{""language"": ""FR"", ""question"": ""epsilon"", ""response"": ""0,1"", ""data_type"": ""questionnaire"", ""session_id"": ""36bc591c_2026-09-02_18-04-35"", ""questionnaire_id"": ""customization""}"
3297,36bc591c_2026-09-02_18-04-35,questionnaire,2026-09-02 16:05:14.92271+00,"{""language"": ""FR"", ""question"": ""uncoveredObject"", ""response"": ""flower_marguerite_0 (UnityEngine.GameObject)"", ""data_type"": ""questionnaire"", ""session_id"": ""36bc591c_2026-09-02_18-04-35"", ""questionnaire_id"": ""customization""}"
3298,36bc591c_2026-09-02_18-04-35,questionnaire,2026-09-02 16:05:14.92271+00,"{""language"": ""FR"", ""question"": ""container"", ""response"": ""pot_wood_0 (UnityEngine.GameObject)"", ""data_type"": ""questionnaire"", ""session_id"": ""36bc591c_2026-09-02_18-04-35"", ""questionnaire_id"": ""customization""}"
3299,a6cc89bb_2026-09-03_14-35-17,questionnaire,2026-09-03 12:35:32.930355+00,"{""context"": ""in_person"", ""language"": ""FR"", ""question"": ""language"", ""response"": ""FR"", ""study_id"": """", ""data_type"": ""questionnaire"", ""session_id"": ""a6cc89bb_2026-09-03_14-35-17"", ""client_time"": ""2026-09-03T12:35:32.796Z"", ""prolific_pid"": """", ""prolific_session"": """", ""questionnaire_id"": ""language""}"
3300,a6cc89bb_2026-09-03_14-35-17,questionnaire,2026-09-03 12:35:36.516131+00,"{""context"": ""in_person"", ""language"": ""FR"", ""question"": ""status"", ""response"": ""a"", ""study_id"": """", ""data_type"": ""questionnaire"", ""session_id"": ""a6cc89bb_2026-09-03_14-35-17"", ""client_time"": ""2026-09-03T12:35:36.478Z"", ""prolific_pid"": """", ""prolific_session"": """", ""questionnaire_id"": ""demographics""}"
3301,a6cc89bb_2026-09-03_14-35-17,questionnaire,2026-09-03 12:35:36.516131+00,"{""context"": ""in_person"", ""language"": ""FR"", ""question"": ""education"", ""response"": ""a"", ""study_id"": """", ""data_type"": ""questionnaire"", ""session_id"": ""a6cc89bb_2026-09-03_14-35-17"", ""client_time"": ""2026-09-03T12:35:36.478Z"", ""prolific_pid"": """", ""prolific_session"": """", ""questionnaire_id"": ""demographics""}"
3302,a6cc89bb_2026-09-03_14-35-17,questionnaire,2026-09-03 12:35:36.516131+00,"{""context"": ""in_person"", ""language"": ""FR"", ""question"": ""age"", ""response"": ""a"", ""study_id"": """", ""data_type"": ""questionnaire"", ""session_id"": ""a6cc89bb_2026-09-03_14-35-17"", ""client_time"": ""2026-09-03T12:35:36.478Z"", ""prolific_pid"": """", ""prolific_session"": """", ""questionnaire_id"": ""demographics""}"
3303,2074441b_2026-09-04_13-29-40,questionnaire,2026-09-04 11:29:47.71574+00,"{""context"": ""in_person"", ""language"": ""FR"", ""question"": ""epsilon"", ""response"": ""0.1"", ""study_id"": """", ""data_type"": ""questionnaire"", ""session_id"": ""2074441b_2026-09-04_13-29-40"", ""client_time"": ""2026-09-04T11:29:47.574Z"", ""prolific_pid"": """", ""prolific_session"": """", ""questionnaire_id"": ""customization""}"
3304,2074441b_2026-09-04_13-29-40,questionnaire,2026-09-04 11:29:47.71574+00,"{""context"": ""in_person"", ""language"": ""FR"", ""question"": ""uncoveredObject"", ""response"": ""flower_marguerite_0 (UnityEngine.GameObject)"", ""study_id"": """", ""data_type"": ""questionnaire"", ""session_id"": ""2074441b_2026-09-04_13-29-40"", ""client_time"": ""2026-09-04T11:29:47.575Z"", ""prolific_pid"": """", ""prolific_session"": """", ""questionnaire_id"": ""customization""}"
3305,2074441b_2026-09-04_13-29-40,questionnaire,2026-09-04 11:29:47.71574+00,"{""context"": ""in_person"", ""language"": ""FR"", ""question"": ""container"", ""response"": ""grass (UnityEngine.GameObject)"", ""study_id"": """", ""data_type"": ""questionnaire"", ""session_id"": ""2074441b_2026-09-04_13-29-40"", ""client_time"": ""2026-09-04T11:29:47.575Z"", ""prolific_pid"": """", ""prolific_session"": """", ""questionnaire_id"": ""customization""}"
3306,f9a9df7e_2026-09-04_13-33-12,questionnaire,2026-09-04 11:33:14.97305+00,"{""context"": ""in_person"", ""language"": ""FR"", ""question"": ""epsilon"", ""response"": ""0.1"", ""study_id"": """", ""data_type"": ""questionnaire"", ""session_id"": ""f9a9df7e_2026-09-04_13-33-12"", ""client_time"": ""2026-09-04T11:33:14.858Z"", ""prolific_pid"": """", ""prolific_session"": """", ""questionnaire_id"": ""customization""}"
3307,f9a9df7e_2026-09-04_13-33-12,questionnaire,2026-09-04 11:33:14.97305+00,"{""context"": ""in_person"", ""language"": ""FR"", ""question"": ""uncoveredObject"", ""response"": ""flower_marguerite_0 (UnityEngine.GameObject)"", ""study_id"": """", ""data_type"": ""questionnaire"", ""session_id"": ""f9a9df7e_2026-09-04_13-33-12"", ""client_time"": ""2026-09-04T11:33:14.858Z"", ""prolific_pid"": """", ""prolific_session"": """", ""questionnaire_id"": ""customization""}"
3308,f9a9df7e_2026-09-04_13-33-12,questionnaire,2026-09-04 11:33:14.97305+00,"{""context"": ""in_person"", ""language"": ""FR"", ""question"": ""container"", ""response"": ""ocean (UnityEngine.GameObject)"", ""study_id"": """", ""data_type"": ""questionnaire"", ""session_id"": ""f9a9df7e_2026-09-04_13-33-12"", ""client_time"": ""2026-09-04T11:33:14.858Z"", ""prolific_pid"": """", ""prolific_session"": """", ""questionnaire_id"": ""customization""}"
3309,fc914378_2026-09-04_13-34-23,questionnaire,2026-09-04 11:34:24.899195+00,"{""context"": ""in_person"", ""language"": ""FR"", ""question"": ""epsilon"", ""response"": ""0.1"", ""study_id"": """", ""data_type"": ""questionnaire"", ""session_id"": ""fc914378_2026-09-04_13-34-23"", ""client_time"": ""2026-09-04T11:34:24.858Z"", ""prolific_pid"": """", ""prolific_session"": """", ""questionnaire_id"": ""customization""}"
3310,fc914378_2026-09-04_13-34-23,questionnaire,2026-09-04 11:34:24.899195+00,"{""context"": ""in_person"", ""language"": ""FR"", ""question"": ""uncoveredObject"", ""response"": ""flower_marguerite_0 (UnityEngine.GameObject)"", ""study_id"": """", ""data_type"": ""questionnaire"", ""session_id"": ""fc914378_2026-09-04_13-34-23"", ""client_time"": ""2026-09-04T11:34:24.858Z"", ""prolific_pid"": """", ""prolific_session"": """", ""questionnaire_id"": ""customization""}"
3311,fc914378_2026-09-04_13-34-23,questionnaire,2026-09-04 11:34:24.899195+00,"{""context"": ""in_person"", ""language"": ""FR"", ""question"": ""container"", ""response"": ""pot_glazed_0 (UnityEngine.GameObject)"", ""study_id"": """", ""data_type"": ""questionnaire"", ""session_id"": ""fc914378_2026-09-04_13-34-23"", ""client_time"": ""2026-09-04T11:34:24.858Z"", ""prolific_pid"": """", ""prolific_session"": """", ""questionnaire_id"": ""customization""}"
3312,30ce6f78_2026-09-04_13-34-46,questionnaire,2026-09-04 11:34:48.384226+00,"{""context"": ""in_person"", ""language"": ""FR"", ""question"": ""epsilon"", ""response"": ""0.1"", ""study_id"": """", ""data_type"": ""questionnaire"", ""session_id"": ""30ce6f78_2026-09-04_13-34-46"", ""client_time"": ""2026-09-04T11:34:48.343Z"", ""prolific_pid"": """", ""prolific_session"": """", ""questionnaire_id"": ""customization""}"
3313,30ce6f78_2026-09-04_13-34-46,questionnaire,2026-09-04 11:34:48.384226+00,"{""context"": ""in_person"", ""language"": ""FR"", ""question"": ""uncoveredObject"", ""response"": ""flower_marguerite_0 (UnityEngine.GameObject)"", ""study_id"": """", ""data_type"": ""questionnaire"", ""session_id"": ""30ce6f78_2026-09-04_13-34-46"", ""client_time"": ""2026-09-04T11:34:48.343Z"", ""prolific_pid"": """", ""prolific_session"": """", ""questionnaire_id"": ""customization""}"
3314,30ce6f78_2026-09-04_13-34-46,questionnaire,2026-09-04 11:34:48.384226+00,"{""context"": ""in_person"", ""language"": ""FR"", ""question"": ""container"", ""response"": ""ocean (UnityEngine.GameObject)"", ""study_id"": """", ""data_type"": ""questionnaire"", ""session_id"": ""30ce6f78_2026-09-04_13-34-46"", ""client_time"": ""2026-09-04T11:34:48.343Z"", ""prolific_pid"": """", ""prolific_session"": """", ""questionnaire_id"": ""customization""}"
3315,48bafca4_2026-09-07_08-42-13,questionnaire,2026-09-07 06:42:38.338297+00,"{""context"": ""in_person"", ""language"": ""FR"", ""question"": ""language"", ""response"": ""FR"", ""study_id"": """", ""data_type"": ""questionnaire"", ""session_id"": ""48bafca4_2026-09-07_08-42-13"", ""client_time"": ""2026-09-07T06:42:38.167Z"", ""prolific_pid"": """", ""prolific_session"": """", ""questionnaire_id"": ""language""}"
3316,48bafca4_2026-09-07_08-42-13,questionnaire,2026-09-07 06:42:43.987268+00,"{""context"": ""in_person"", ""language"": ""FR"", ""question"": ""status"", ""response"": ""a"", ""study_id"": """", ""data_type"": ""questionnaire"", ""session_id"": ""48bafca4_2026-09-07_08-42-13"", ""client_time"": ""2026-09-07T06:42:43.956Z"", ""prolific_pid"": """", ""prolific_session"": """", ""questionnaire_id"": ""demographics""}"
3317,48bafca4_2026-09-07_08-42-13,questionnaire,2026-09-07 06:42:43.987268+00,"{""context"": ""in_person"", ""language"": ""FR"", ""question"": ""education"", ""response"": ""a"", ""study_id"": """", ""data_type"": ""questionnaire"", ""session_id"": ""48bafca4_2026-09-07_08-42-13"", ""client_time"": ""2026-09-07T06:42:43.956Z"", ""prolific_pid"": """", ""prolific_session"": """", ""questionnaire_id"": ""demographics""}"
3318,48bafca4_2026-09-07_08-42-13,questionnaire,2026-09-07 06:42:43.987268+00,"{""context"": ""in_person"", ""language"": ""FR"", ""question"": ""age"", ""response"": ""a"", ""study_id"": """", ""data_type"": ""questionnaire"", ""session_id"": ""48bafca4_2026-09-07_08-42-13"", ""client_time"": ""2026-09-07T06:42:43.956Z"", ""prolific_pid"": """", ""prolific_session"": """", ""questionnaire_id"": ""demographics""}"
3319,7a3f6a9d_2026-09-07_10-35-32,questionnaire,2026-09-07 08:36:27.74247+00,"{""language"": ""FR"", ""question"": ""epsilon"", ""response"": ""0,1"", ""data_type"": ""questionnaire"", ""session_id"": ""7a3f6a9d_2026-09-07_10-35-32"", ""questionnaire_id"": ""customization""}"
3320,7a3f6a9d_2026-09-07_10-35-32,questionnaire,2026-09-07 08:36:27.74247+00,"{""language"": ""FR"", ""question"": ""uncoveredObject"", ""response"": ""flower_marguerite_0 (UnityEngine.GameObject)"", ""data_type"": ""questionnaire"", ""session_id"": ""7a3f6a9d_2026-09-07_10-35-32"", ""questionnaire_id"": ""customization""}"
3321,7a3f6a9d_2026-09-07_10-35-32,questionnaire,2026-09-07 08:36:27.74247+00,"{""language"": ""FR"", ""question"": ""container"", ""response"": ""pot_glazed_0 (UnityEngine.GameObject)"", ""data_type"": ""questionnaire"", ""session_id"": ""7a3f6a9d_2026-09-07_10-35-32"", ""questionnaire_id"": ""customization""}"
3322,1abbcf8a_2026-09-07_10-39-58,questionnaire,2026-09-07 08:40:53.78379+00,"{""context"": ""in_person"", ""language"": ""FR"", ""question"": ""epsilon"", ""response"": ""0,1"", ""study_id"": """", ""data_type"": ""questionnaire"", ""session_id"": ""1abbcf8a_2026-09-07_10-39-58"", ""client_time"": ""2026-09-07T08:40:53.634Z"", ""prolific_pid"": """", ""prolific_session"": """", ""questionnaire_id"": ""customization""}"
3323,1abbcf8a_2026-09-07_10-39-58,questionnaire,2026-09-07 08:40:53.78379+00,"{""context"": ""in_person"", ""language"": ""FR"", ""question"": ""nStamps"", ""response"": ""2"", ""study_id"": """", ""data_type"": ""questionnaire"", ""session_id"": ""1abbcf8a_2026-09-07_10-39-58"", ""client_time"": ""2026-09-07T08:40:53.634Z"", ""prolific_pid"": """", ""prolific_session"": """", ""questionnaire_id"": ""customization""}"
3324,1abbcf8a_2026-09-07_10-39-58,questionnaire,2026-09-07 08:40:53.78379+00,"{""context"": ""in_person"", ""language"": ""FR"", ""question"": ""container"", ""response"": ""pot_small_0 (UnityEngine.GameObject)"", ""study_id"": """", ""data_type"": ""questionnaire"", ""session_id"": ""1abbcf8a_2026-09-07_10-39-58"", ""client_time"": ""2026-09-07T08:40:53.634Z"", ""prolific_pid"": """", ""prolific_session"": """", ""questionnaire_id"": ""customization""}"
3325,0d6dbe7c_2026-09-07_10-55-51,questionnaire,2026-09-07 09:06:49.744986+00,"{""context"": ""in_person"", ""language"": ""FR"", ""question"": ""language"", ""response"": ""FR"", ""study_id"": """", ""data_type"": ""questionnaire"", ""session_id"": ""0d6dbe7c_2026-09-07_10-55-51"", ""client_time"": ""2026-09-07T09:06:49.563Z"", ""prolific_pid"": """", ""prolific_session"": """", ""questionnaire_id"": ""language""}"
3326,d350f7b2_2026-09-08_16-31-33,questionnaire,2026-09-08 14:32:17.38238+00,"{""context"": ""in_person"", ""language"": ""EN"", ""question"": ""language"", ""response"": ""EN"", ""study_id"": """", ""data_type"": ""questionnaire"", ""session_id"": ""d350f7b2_2026-09-08_16-31-33"", ""client_time"": ""2026-09-08T14:32:17.342Z"", ""prolific_pid"": """", ""prolific_session"": """", ""questionnaire_id"": ""language""}"
3327,65995088_2026-09-08_16-41-00,questionnaire,2026-09-08 14:41:43.727568+00,"{""context"": ""in_person"", ""language"": ""FR"", ""question"": ""language"", ""response"": ""FR"", ""study_id"": """", ""data_type"": ""questionnaire"", ""session_id"": ""65995088_2026-09-08_16-41-00"", ""client_time"": ""2026-09-08T14:41:43.671Z"", ""prolific_pid"": """", ""prolific_session"": """", ""questionnaire_id"": ""language""}"
3328,37373_a6fa05c0_2026-09-08_16-43-39,questionnaire,2026-09-08 14:44:22.84458+00,"{""context"": ""prolific"", ""language"": ""EN"", ""question"": ""selected_longer_arrow"", ""response"": ""True"", ""study_id"": """", ""data_type"": ""questionnaire"", ""session_id"": ""37373_a6fa05c0_2026-09-08_16-43-39"", ""client_time"": ""2026-09-08T14:44:22.805Z"", ""prolific_pid"": ""37373"", ""prolific_session"": """", ""questionnaire_id"": ""bot_detection""}"
3329,37373_a6fa05c0_2026-09-08_16-43-39,questionnaire,2026-09-08 14:44:22.84458+00,"{""context"": ""prolific"", ""language"": ""EN"", ""question"": ""ice_cream"", ""response"": """", ""study_id"": """", ""data_type"": ""questionnaire"", ""session_id"": ""37373_a6fa05c0_2026-09-08_16-43-39"", ""client_time"": ""2026-09-08T14:44:22.805Z"", ""prolific_pid"": ""37373"", ""prolific_session"": """", ""questionnaire_id"": ""bot_detection""}"
3330,37373_a6fa05c0_2026-09-08_16-43-39,questionnaire,2026-09-08 14:44:32.378504+00,"{""context"": ""prolific"", ""language"": ""FR"", ""question"": ""selected_longer_arrow"", ""response"": ""False"", ""study_id"": """", ""data_type"": ""questionnaire"", ""session_id"": ""37373_a6fa05c0_2026-09-08_16-43-39"", ""client_time"": ""2026-09-08T14:44:32.339Z"", ""prolific_pid"": ""37373"", ""prolific_session"": """", ""questionnaire_id"": ""bot_detection""}"
3331,37373_a6fa05c0_2026-09-08_16-43-39,questionnaire,2026-09-08 14:44:32.378504+00,"{""context"": ""prolific"", ""language"": ""FR"", ""question"": ""ice_cream"", ""response"": ""a"", ""study_id"": """", ""data_type"": ""questionnaire"", ""session_id"": ""37373_a6fa05c0_2026-09-08_16-43-39"", ""client_time"": ""2026-09-08T14:44:32.339Z"", ""prolific_pid"": ""37373"", ""prolific_session"": """", ""questionnaire_id"": ""bot_detection""}"
